{
  "type": "FeatureCollection",
  "name": "inland_rivers",
  "properties": {
    "description": "潮汕内河合并版（扁平 LineString 集合，不分层级）；由 merge_inland_rivers.py 从 lines/rivers/ 各分段生成，源文件未改动。"
  },
  "features": [
    {
      "type": "Feature",
      "properties": {
        "name": "榕江-濠江-海"
      },
      "geometry": {
        "type": "LineString",
        "coordinates": [
          [
            116.63630315,
            23.33951982
          ],
          [
            116.6385184,
            23.3212493
          ],
          [
            116.6470959,
            23.3148314
          ],
          [
            116.6512463,
            23.3131109
          ],
          [
            116.6532681,
            23.3086995
          ],
          [
            116.6597943,
            23.2994503
          ],
          [
            116.6653728,
            23.2979455
          ],
          [
            116.6691958,
            23.2969064
          ],
          [
            116.6721575,
            23.2931599
          ],
          [
            116.6826243,
            23.2912333
          ],
          [
            116.6928844,
            23.2746889
          ],
          [
            116.700765,
            23.2746652
          ],
          [
            116.715133,
            23.2799789
          ],
          [
            116.7194247,
            23.2792933
          ],
          [
            116.7240896,
            23.2715798
          ],
          [
            116.7268992,
            23.2591437
          ],
          [
            116.744034,
            23.2558521
          ],
          [
            116.7438059,
            23.2308792
          ]
        ]
      }
    },
    {
      "type": "Feature",
      "properties": {
        "name": "源-樟溪-黄冈河"
      },
      "geometry": {
        "type": "LineString",
        "coordinates": [
          [
            116.8071912,
            23.7561263
          ],
          [
            116.8085395,
            23.7552169
          ],
          [
            116.8098524,
            23.7552007
          ],
          [
            116.81152,
            23.7555904
          ],
          [
            116.812141,
            23.7559476
          ],
          [
            116.8127264,
            23.7553306
          ],
          [
            116.8123716,
            23.7543076
          ],
          [
            116.8114136,
            23.7531872
          ],
          [
            116.8118926,
            23.7520667
          ],
          [
            116.8110233,
            23.7518556
          ],
          [
            116.8105975,
            23.7514172
          ],
          [
            116.8101717,
            23.7511087
          ],
          [
            116.8100298,
            23.7507352
          ],
          [
            116.8113424,
            23.7496288
          ],
          [
            116.8112635,
            23.7488054
          ],
          [
            116.812084,
            23.7473177
          ],
          [
            116.8118316,
            23.746841
          ],
          [
            116.8114055,
            23.7465233
          ],
          [
            116.8112003,
            23.7460177
          ],
          [
            116.8122418,
            23.7454833
          ],
          [
            116.8132202,
            23.7454688
          ],
          [
            116.8138199,
            23.7453677
          ],
          [
            116.815461,
            23.7450933
          ],
          [
            116.8162351,
            23.7451276
          ],
          [
            116.8168211,
            23.7447469
          ],
          [
            116.8181538,
            23.7445912
          ],
          [
            116.8197133,
            23.7442451
          ],
          [
            116.8204789,
            23.7443576
          ],
          [
            116.8212101,
            23.7448383
          ],
          [
            116.8225709,
            23.7442377
          ],
          [
            116.8236888,
            23.743539
          ],
          [
            116.8250318,
            23.7428064
          ],
          [
            116.8269158,
            23.7413904
          ],
          [
            116.8272801,
            23.7411013
          ],
          [
            116.8288347,
            23.7404312
          ],
          [
            116.8298474,
            23.7404154
          ],
          [
            116.8306834,
            23.7402313
          ],
          [
            116.8309984,
            23.7400015
          ],
          [
            116.8315234,
            23.7394806
          ],
          [
            116.831567,
            23.7392836
          ],
          [
            116.8314356,
            23.739032
          ],
          [
            116.8314391,
            23.7388462
          ],
          [
            116.8316106,
            23.738138
          ],
          [
            116.8316784,
            23.7379254
          ],
          [
            116.8318916,
            23.7377303
          ],
          [
            116.8339658,
            23.7370641
          ],
          [
            116.8354839,
            23.7373401
          ],
          [
            116.8363178,
            23.7371515
          ],
          [
            116.8370612,
            23.7364709
          ],
          [
            116.8380864,
            23.7359143
          ],
          [
            116.8382192,
            23.7355813
          ],
          [
            116.8379536,
            23.7353381
          ],
          [
            116.838173,
            23.7344819
          ],
          [
            116.8392255,
            23.7345811
          ],
          [
            116.8403861,
            23.7349722
          ],
          [
            116.8408918,
            23.7356339
          ],
          [
            116.8410165,
            23.7366285
          ],
          [
            116.8435296,
            23.7394211
          ],
          [
            116.843859,
            23.740186
          ],
          [
            116.8447352,
            23.7406672
          ],
          [
            116.84548,
            23.7408162
          ],
          [
            116.8459664,
            23.7404734
          ],
          [
            116.8464471,
            23.7398259
          ],
          [
            116.8475183,
            23.7394928
          ],
          [
            116.857698,
            23.7431057
          ],
          [
            116.8589024,
            23.7430201
          ],
          [
            116.8632269,
            23.7419243
          ],
          [
            116.8637269,
            23.741581
          ],
          [
            116.8641681,
            23.7405915
          ],
          [
            116.8650696,
            23.7397367
          ],
          [
            116.8664945,
            23.7394496
          ],
          [
            116.8669784,
            23.7397449
          ],
          [
            116.8676953,
            23.7411722
          ],
          [
            116.8682061,
            23.7414922
          ],
          [
            116.8689499,
            23.7404996
          ],
          [
            116.8688423,
            23.7396301
          ],
          [
            116.8696489,
            23.7387844
          ],
          [
            116.8743949,
            23.7375654
          ],
          [
            116.8758822,
            23.7384406
          ],
          [
            116.8764517,
            23.7396333
          ],
          [
            116.8765143,
            23.7435819
          ],
          [
            116.8770801,
            23.7441491
          ],
          [
            116.8777806,
            23.7441984
          ],
          [
            116.8781174,
            23.7439025
          ],
          [
            116.8782791,
            23.7432119
          ],
          [
            116.8788583,
            23.7430393
          ],
          [
            116.8799709,
            23.7441241
          ],
          [
            116.8800878,
            23.7452832
          ],
          [
            116.8817815,
            23.7471948
          ],
          [
            116.8830196,
            23.7470122
          ],
          [
            116.8873519,
            23.7457141
          ],
          [
            116.8901101,
            23.7461861
          ],
          [
            116.8910667,
            23.7467295
          ],
          [
            116.8921716,
            23.7464653
          ],
          [
            116.892988,
            23.7470993
          ],
          [
            116.8936146,
            23.7469031
          ],
          [
            116.8939933,
            23.746225
          ],
          [
            116.894551,
            23.7436729
          ],
          [
            116.8950542,
            23.7435484
          ],
          [
            116.8965775,
            23.744146
          ],
          [
            116.8969311,
            23.7446439
          ],
          [
            116.8969447,
            23.7453162
          ],
          [
            116.8972167,
            23.7453535
          ],
          [
            116.897856,
            23.7444447
          ],
          [
            116.8980542,
            23.7433382
          ],
          [
            116.8986354,
            23.7429393
          ],
          [
            116.8996589,
            23.7431932
          ],
          [
            116.8998372,
            23.7431267
          ],
          [
            116.8997636,
            23.7420292
          ],
          [
            116.9000962,
            23.7401651
          ],
          [
            116.9011743,
            23.7393785
          ],
          [
            116.9025827,
            23.7391083
          ],
          [
            116.9040416,
            23.7392319
          ],
          [
            116.9056187,
            23.7398417
          ],
          [
            116.9063271,
            23.7406137
          ],
          [
            116.9066167,
            23.7415805
          ],
          [
            116.9072672,
            23.7416565
          ],
          [
            116.9084783,
            23.7420302
          ],
          [
            116.9091477,
            23.7418613
          ],
          [
            116.9090262,
            23.741333
          ],
          [
            116.9077922,
            23.7392357
          ],
          [
            116.9080051,
            23.7385134
          ],
          [
            116.9091145,
            23.7372599
          ],
          [
            116.911707,
            23.7365606
          ],
          [
            116.9126964,
            23.7370192
          ],
          [
            116.9155018,
            23.7375924
          ],
          [
            116.917606,
            23.7369035
          ],
          [
            116.9184558,
            23.7369035
          ],
          [
            116.9193889,
            23.7367434
          ],
          [
            116.9199259,
            23.7363191
          ],
          [
            116.9205174,
            23.7356327
          ],
          [
            116.9216671,
            23.7353048
          ],
          [
            116.9225169,
            23.7356632
          ],
          [
            116.9234708,
            23.7375509
          ],
          [
            116.92754259615586,
            23.737771565829316
          ]
        ]
      }
    },
    {
      "type": "Feature",
      "properties": {
        "name": "源-联饶溪-黄冈河"
      },
      "geometry": {
        "type": "LineString",
        "coordinates": [
          [
            117.0470995,
            23.7441446
          ],
          [
            117.0470995,
            23.7444473
          ],
          [
            117.0468647,
            23.7443887
          ],
          [
            117.0464273,
            23.7445157
          ],
          [
            117.0463099,
            23.7448869
          ],
          [
            117.0460325,
            23.7449455
          ],
          [
            117.0454776,
            23.7445938
          ],
          [
            117.0450615,
            23.744838
          ],
          [
            117.0441865,
            23.7450529
          ],
          [
            117.0433223,
            23.7444571
          ],
          [
            117.0426927,
            23.7437539
          ],
          [
            117.0420738,
            23.7438418
          ],
          [
            117.0414336,
            23.7426209
          ],
          [
            117.0406654,
            23.7420251
          ],
          [
            117.0400602,
            23.7423613
          ],
          [
            117.0364015,
            23.7425384
          ],
          [
            117.0323892,
            23.7409052
          ],
          [
            117.0300625,
            23.7409537
          ],
          [
            117.0251925,
            23.7394782
          ],
          [
            117.0170079,
            23.7380423
          ],
          [
            117.0072768,
            23.7360562
          ],
          [
            117.0061699,
            23.7360264
          ],
          [
            117.0001232,
            23.7393287
          ],
          [
            116.999949,
            23.7395479
          ],
          [
            116.9977507,
            23.7405939
          ],
          [
            116.9960036,
            23.7402
          ],
          [
            116.9951168,
            23.7395977
          ],
          [
            116.9940196,
            23.7393344
          ],
          [
            116.9875624,
            23.7364297
          ],
          [
            116.9842262,
            23.7349733
          ],
          [
            116.9831542,
            23.7339153
          ],
          [
            116.9787755,
            23.7243018
          ],
          [
            116.9781566,
            23.7231574
          ],
          [
            116.9707067,
            23.7181428
          ],
          [
            116.9696872,
            23.7165424
          ],
          [
            116.96641611136616,
            23.705419371751812
          ]
        ]
      }
    },
    {
      "type": "Feature",
      "properties": {
        "name": "源-贺江-龙江"
      },
      "geometry": {
        "type": "LineString",
        "coordinates": [
          [
            115.794837,
            23.1942651
          ],
          [
            115.7947476,
            23.192538
          ],
          [
            115.8000267,
            23.1870274
          ],
          [
            115.79951,
            23.185458
          ],
          [
            115.7996916,
            23.1829811
          ],
          [
            115.8004788,
            23.1814503
          ],
          [
            115.8004235,
            23.1804706
          ],
          [
            115.800797,
            23.179513
          ],
          [
            115.8015242,
            23.1792781
          ],
          [
            115.8023498,
            23.1794588
          ],
          [
            115.8041975,
            23.1779229
          ],
          [
            115.8037855,
            23.1762833
          ],
          [
            115.8020601,
            23.1742213
          ],
          [
            115.8019547,
            23.1732036
          ],
          [
            115.8028558,
            23.1717592
          ],
          [
            115.8051431,
            23.172099
          ],
          [
            115.8084471,
            23.1736921
          ],
          [
            115.8088399,
            23.1730336
          ],
          [
            115.8151915,
            23.1713844
          ],
          [
            115.8164451,
            23.1697407
          ],
          [
            115.8207189,
            23.1670576
          ],
          [
            115.8230943,
            23.1670762
          ],
          [
            115.8246982,
            23.1664976
          ],
          [
            115.8258352,
            23.1651163
          ],
          [
            115.8264449,
            23.163249
          ],
          [
            115.8304586,
            23.1603466
          ],
          [
            115.8406689,
            23.1562291
          ],
          [
            115.8533103,
            23.1508673
          ],
          [
            115.8615895,
            23.1455231
          ],
          [
            115.8693123,
            23.1396525
          ],
          [
            115.868938,
            23.1372432
          ],
          [
            115.8700609,
            23.1359525
          ],
          [
            115.8730864,
            23.1376161
          ],
          [
            115.8797767,
            23.1326231
          ],
          [
            115.8858888,
            23.124797
          ],
          [
            115.8900706,
            23.1249893
          ],
          [
            115.8973555,
            23.1177544
          ],
          [
            115.8916449,
            23.1068459
          ],
          [
            115.8922196,
            23.10145
          ],
          [
            115.8885276,
            23.0972822
          ],
          [
            115.8908771,
            23.0945807
          ],
          [
            115.8972541,
            23.0960472
          ],
          [
            115.9006105,
            23.0941948
          ],
          [
            115.903647,
            23.093786
          ],
          [
            115.9059763,
            23.0932442
          ],
          [
            115.9056015,
            23.0922591
          ],
          [
            115.9045038,
            23.0911261
          ],
          [
            115.9037541,
            23.0900917
          ],
          [
            115.9031383,
            23.0884908
          ],
          [
            115.9007554,
            23.0878504
          ],
          [
            115.9003089,
            23.0871043
          ],
          [
            115.9005232,
            23.083599
          ],
          [
            115.9024999,
            23.0830513
          ],
          [
            115.9036191,
            23.081373
          ],
          [
            115.9015389,
            23.0793324
          ],
          [
            115.9005829,
            23.0774134
          ],
          [
            115.900676,
            23.0761467
          ],
          [
            115.8986414,
            23.0755708
          ],
          [
            115.8979059,
            23.074894
          ],
          [
            115.8982385,
            23.0734023
          ],
          [
            115.8995607,
            23.0729915
          ],
          [
            115.9008486,
            23.0729125
          ],
          [
            115.9038362,
            23.0706985
          ],
          [
            115.906623,
            23.0653838
          ],
          [
            115.9085866,
            23.0636675
          ],
          [
            115.9127266,
            23.0633814
          ],
          [
            115.9162283,
            23.0638783
          ],
          [
            115.9185535,
            23.0650856
          ],
          [
            115.9196104,
            23.0671037
          ],
          [
            115.9225617,
            23.068333
          ],
          [
            115.9271102,
            23.0677325
          ],
          [
            115.9317019,
            23.068719
          ],
          [
            115.9353912,
            23.0685395
          ],
          [
            115.93925,
            23.0667619
          ],
          [
            115.9441134,
            23.06963
          ],
          [
            115.9478722,
            23.0698006
          ],
          [
            115.9505781,
            23.0706832
          ],
          [
            115.9515128,
            23.0721995
          ],
          [
            115.9490974,
            23.0757705
          ],
          [
            115.9511681,
            23.0776756
          ],
          [
            115.954179,
            23.0779584
          ],
          [
            115.9611186,
            23.0847985
          ],
          [
            115.9644292,
            23.0848101
          ],
          [
            115.9667036,
            23.0864475
          ],
          [
            115.9693736,
            23.0853559
          ],
          [
            115.970758,
            23.0830362
          ],
          [
            115.969868,
            23.0816262
          ],
          [
            115.970758,
            23.0782602
          ],
          [
            115.9779767,
            23.0735295
          ],
          [
            115.98124,
            23.0732111
          ],
          [
            115.9832672,
            23.075531
          ],
          [
            115.9860414,
            23.073395
          ],
          [
            115.9892445,
            23.0733029
          ],
          [
            115.9911463,
            23.0746382
          ],
          [
            115.9917469,
            23.0788282
          ],
          [
            115.9941493,
            23.0832943
          ],
          [
            115.9961512,
            23.0841691
          ],
          [
            115.9986537,
            23.0814987
          ],
          [
            116.0005555,
            23.0801174
          ],
          [
            116.0001051,
            23.0774469
          ],
          [
            116.001006,
            23.0766181
          ],
          [
            116.0035084,
            23.077585
          ],
          [
            116.0044093,
            23.0797491
          ],
          [
            116.0101288,
            23.0829747
          ],
          [
            116.01007473,
            23.08311912
          ]
        ]
      }
    },
    {
      "type": "Feature",
      "properties": {
        "name": "源-黄冈河-海"
      },
      "geometry": {
        "type": "LineString",
        "coordinates": [
          [
            116.863207,
            23.9030844
          ],
          [
            116.8669395,
            23.8990152
          ],
          [
            116.8690248,
            23.8983904
          ],
          [
            116.8711801,
            23.8992075
          ],
          [
            116.8756836,
            23.8973811
          ],
          [
            116.8760525,
            23.8925806
          ],
          [
            116.8777785,
            23.8894533
          ],
          [
            116.8794331,
            23.8873759
          ],
          [
            116.878791,
            23.8846211
          ],
          [
            116.8793493,
            23.8836948
          ],
          [
            116.8793926,
            23.8826257
          ],
          [
            116.8797535,
            23.8822693
          ],
          [
            116.8807784,
            23.8788506
          ],
          [
            116.8784732,
            23.8709647
          ],
          [
            116.8759277,
            23.8679181
          ],
          [
            116.8769432,
            23.8656974
          ],
          [
            116.8766461,
            23.8574775
          ],
          [
            116.8788368,
            23.855474
          ],
          [
            116.8793098,
            23.8538575
          ],
          [
            116.8821322,
            23.8500874
          ],
          [
            116.8821505,
            23.8455057
          ],
          [
            116.8814232,
            23.843037
          ],
          [
            116.8816627,
            23.8423409
          ],
          [
            116.8811079,
            23.8391769
          ],
          [
            116.8817041,
            23.8382289
          ],
          [
            116.8823231,
            23.8344132
          ],
          [
            116.8814243,
            23.8312365
          ],
          [
            116.8823687,
            23.8280195
          ],
          [
            116.8858403,
            23.8260665
          ],
          [
            116.8867744,
            23.8251215
          ],
          [
            116.8871488,
            23.8197744
          ],
          [
            116.8870553,
            23.8158576
          ],
          [
            116.88776,
            23.8135688
          ],
          [
            116.8909312,
            23.8107642
          ],
          [
            116.8906375,
            23.8060488
          ],
          [
            116.8914987,
            23.8045604
          ],
          [
            116.894561,
            23.8042977
          ],
          [
            116.8982293,
            23.8049981
          ],
          [
            116.9008535,
            23.8036284
          ],
          [
            116.9021444,
            23.8014491
          ],
          [
            116.9002828,
            23.7958789
          ],
          [
            116.899931,
            23.7925336
          ],
          [
            116.9017653,
            23.7886579
          ],
          [
            116.907335,
            23.7873151
          ],
          [
            116.9088691,
            23.7861554
          ],
          [
            116.9062167,
            23.7824151
          ],
          [
            116.8958866,
            23.7793011
          ],
          [
            116.893135,
            23.7760779
          ],
          [
            116.8928592,
            23.7747829
          ],
          [
            116.8977098,
            23.7714014
          ],
          [
            116.9021654,
            23.7709361
          ],
          [
            116.9063622,
            23.7716518
          ],
          [
            116.9062319,
            23.7697672
          ],
          [
            116.9049943,
            23.76678
          ],
          [
            116.9093382,
            23.7636194
          ],
          [
            116.91316,
            23.7631592
          ],
          [
            116.919392,
            23.75984
          ],
          [
            116.9234179,
            23.7598123
          ],
          [
            116.9242352,
            23.7564046
          ],
          [
            116.9222529,
            23.754282
          ],
          [
            116.9167551,
            23.753653
          ],
          [
            116.9198212,
            23.7499756
          ],
          [
            116.9226812,
            23.7493381
          ],
          [
            116.9269164,
            23.7410673
          ],
          [
            116.9275426,
            23.73777157
          ],
          [
            116.9276682,
            23.7371105
          ],
          [
            116.9326326,
            23.7336998
          ],
          [
            116.9413449,
            23.7304595
          ],
          [
            116.9514792,
            23.7288627
          ],
          [
            116.9529115,
            23.7266798
          ],
          [
            116.9529249,
            23.7164118
          ],
          [
            116.9557876,
            23.7121937
          ],
          [
            116.96641611,
            23.70541937
          ],
          [
            116.9699432,
            23.7031713
          ],
          [
            116.9798884,
            23.6933169
          ],
          [
            116.9876512,
            23.6902892
          ],
          [
            116.9908232,
            23.6848494
          ],
          [
            116.9899607,
            23.6763359
          ],
          [
            116.9939538,
            23.6704767
          ],
          [
            117.000585,
            23.6673995
          ],
          [
            117.0103548,
            23.6665492
          ],
          [
            117.0225242,
            23.648795
          ],
          [
            117.0267755,
            23.637317
          ],
          [
            117.0310517,
            23.631918
          ],
          [
            117.0340217,
            23.605008
          ]
        ]
      }
    },
    {
      "type": "Feature",
      "properties": {
        "name": "源-龙江-海"
      },
      "geometry": {
        "type": "LineString",
        "coordinates": [
          [
            115.8593491,
            23.2498834
          ],
          [
            115.8599206,
            23.2450694
          ],
          [
            115.8614448,
            23.2444566
          ],
          [
            115.8583012,
            23.2404302
          ],
          [
            115.8621117,
            23.2382419
          ],
          [
            115.8645885,
            23.2345654
          ],
          [
            115.8693516,
            23.2331648
          ],
          [
            115.870209,
            23.2357909
          ],
          [
            115.8747816,
            23.2345654
          ],
          [
            115.8756389,
            23.2317642
          ],
          [
            115.8784968,
            23.2308888
          ],
          [
            115.8792589,
            23.224761
          ],
          [
            115.8892563,
            23.2231871
          ],
          [
            115.8956753,
            23.2156055
          ],
          [
            115.9013034,
            23.2145824
          ],
          [
            115.9017363,
            23.2116836
          ],
          [
            115.9060656,
            23.2076478
          ],
          [
            115.9116936,
            23.2081594
          ],
          [
            115.9132398,
            23.2047488
          ],
          [
            115.9174787,
            23.2023308
          ],
          [
            115.9185301,
            23.203695
          ],
          [
            115.9291677,
            23.1988632
          ],
          [
            115.9306216,
            23.1969419
          ],
          [
            115.933342,
            23.1970648
          ],
          [
            115.9357055,
            23.1944414
          ],
          [
            115.9372664,
            23.1945234
          ],
          [
            115.9390502,
            23.1928428
          ],
          [
            115.9400759,
            23.1926788
          ],
          [
            115.9404773,
            23.191695
          ],
          [
            115.9397637,
            23.1907932
          ],
          [
            115.939407,
            23.1894814
          ],
          [
            115.941284,
            23.1879574
          ],
          [
            115.94055,
            23.186743
          ],
          [
            115.941284,
            23.1854386
          ],
          [
            115.9419201,
            23.1854386
          ],
          [
            115.9422137,
            23.1870128
          ],
          [
            115.9450517,
            23.1858884
          ],
          [
            115.9440241,
            23.1830996
          ],
          [
            115.9438773,
            23.1823799
          ],
          [
            115.9452474,
            23.1813454
          ],
          [
            115.9477918,
            23.1783766
          ],
          [
            115.9496023,
            23.1802209
          ],
          [
            115.9490151,
            23.1813904
          ],
          [
            115.9509234,
            23.1810755
          ],
          [
            115.9586057,
            23.1830097
          ],
          [
            115.9631648,
            23.1796608
          ],
          [
            115.9629714,
            23.1738394
          ],
          [
            115.9688366,
            23.163643
          ],
          [
            115.96937,
            23.1603747
          ],
          [
            115.9661135,
            23.1594941
          ],
          [
            115.9649641,
            23.1565
          ],
          [
            115.9690507,
            23.1552671
          ],
          [
            115.9717326,
            23.1519206
          ],
          [
            115.9766562,
            23.1481604
          ],
          [
            115.983625,
            23.1444024
          ],
          [
            115.9871292,
            23.1390293
          ],
          [
            115.9912597,
            23.13502
          ],
          [
            115.992254,
            23.1332264
          ],
          [
            115.9974272,
            23.1295597
          ],
          [
            115.9998452,
            23.1288301
          ],
          [
            115.9998074,
            23.1273013
          ],
          [
            116.0041524,
            23.1255292
          ],
          [
            116.0047319,
            23.1233055
          ],
          [
            116.0074265,
            23.1205986
          ],
          [
            116.0089004,
            23.113935
          ],
          [
            116.0107659,
            23.1129056
          ],
          [
            116.0113463,
            23.111228
          ],
          [
            116.0098539,
            23.1101985
          ],
          [
            116.0096682,
            23.1093733
          ],
          [
            116.0119294,
            23.1080703
          ],
          [
            116.0116842,
            23.106642
          ],
          [
            116.0097227,
            23.1054893
          ],
          [
            116.0077311,
            23.1022493
          ],
          [
            116.0082435,
            23.1006587
          ],
          [
            116.0084559,
            23.0994714
          ],
          [
            116.0073735,
            23.09824
          ],
          [
            116.008342,
            23.0970609
          ],
          [
            116.008058,
            23.0954896
          ],
          [
            116.0100234,
            23.0928433
          ],
          [
            116.0110203,
            23.0935245
          ],
          [
            116.0113052,
            23.0938127
          ],
          [
            116.01253,
            23.0931315
          ],
          [
            116.0125585,
            23.0917166
          ],
          [
            116.0118092,
            23.090286
          ],
          [
            116.0103909,
            23.0901581
          ],
          [
            116.0100293,
            23.0914117
          ],
          [
            116.0090559,
            23.0908745
          ],
          [
            116.0087222,
            23.0891604
          ],
          [
            116.0096417,
            23.0876781
          ],
          [
            116.0108186,
            23.086987
          ],
          [
            116.0105682,
            23.0861578
          ],
          [
            116.009241,
            23.0864112
          ],
          [
            116.0085399,
            23.0857892
          ],
          [
            116.0086124,
            23.084596
          ],
          [
            116.0090851,
            23.0835726
          ],
          [
            116.0099195,
            23.083061
          ],
          [
            116.01007473,
            23.08311912
          ],
          [
            116.0123112,
            23.0839564
          ],
          [
            116.0143693,
            23.0860032
          ],
          [
            116.0157877,
            23.0860543
          ],
          [
            116.0180126,
            23.0849286
          ],
          [
            116.0184853,
            23.0838541
          ],
          [
            116.0179569,
            23.0826772
          ],
          [
            116.016401,
            23.0815979
          ],
          [
            116.0160906,
            23.0779995
          ],
          [
            116.0178911,
            23.0728588
          ],
          [
            116.0201262,
            23.0707453
          ],
          [
            116.0252794,
            23.0690316
          ],
          [
            116.0248448,
            23.0656043
          ],
          [
            116.0219267,
            23.0645189
          ],
          [
            116.0230443,
            23.0622911
          ],
          [
            116.0248448,
            23.0614342
          ],
          [
            116.0254818,
            23.0583107
          ],
          [
            116.0337394,
            23.0573966
          ],
          [
            116.0370921,
            23.0545403
          ],
          [
            116.036715,
            23.0504282
          ],
          [
            116.0395365,
            23.046421
          ],
          [
            116.0458541,
            23.0443891
          ],
          [
            116.0493305,
            23.0424879
          ],
          [
            116.0519928,
            23.0384591
          ],
          [
            116.0539451,
            23.0378602
          ],
          [
            116.0600981,
            23.0406912
          ],
          [
            116.0627012,
            23.0396568
          ],
          [
            116.0644169,
            23.0369346
          ],
          [
            116.0650677,
            23.0342668
          ],
          [
            116.0681442,
            23.0329601
          ],
          [
            116.0727589,
            23.0346479
          ],
          [
            116.0828624,
            23.0302426
          ],
          [
            116.0884549,
            23.0289821
          ],
          [
            116.0974143,
            23.0291922
          ],
          [
            116.1031765,
            23.0319121
          ],
          [
            116.1139232,
            23.0213092
          ],
          [
            116.1299411,
            23.0244633
          ],
          [
            116.1359418,
            23.0203916
          ],
          [
            116.1480111,
            23.013946
          ],
          [
            116.1481893,
            23.003682
          ],
          [
            116.152977,
            23.0007835
          ],
          [
            116.1604282,
            23.0005955
          ],
          [
            116.1665525,
            22.9934546
          ],
          [
            116.1669608,
            22.9875349
          ],
          [
            116.1726924,
            22.9849846
          ],
          [
            116.1757904,
            22.9811141
          ],
          [
            116.1847522,
            22.9853921
          ],
          [
            116.1990248,
            22.9827438
          ],
          [
            116.2408322,
            22.9387524
          ],
          [
            116.243643,
            22.9267628
          ]
        ]
      }
    },
    {
      "type": "Feature",
      "properties": {
        "name": "仙桥河-东北段-南河"
      },
      "geometry": {
        "type": "LineString",
        "coordinates": [
          [
            116.3608502,
            23.4876288
          ],
          [
            116.3636055,
            23.4920834
          ],
          [
            116.3671729,
            23.4942794
          ],
          [
            116.3673245,
            23.497164
          ],
          [
            116.3665181,
            23.498867
          ],
          [
            116.3694991,
            23.4988221
          ],
          [
            116.3727976,
            23.4975001
          ],
          [
            116.373775,
            23.4992479
          ],
          [
            116.3717782,
            23.5029662
          ],
          [
            116.377251,
            23.503202
          ],
          [
            116.38523535,
            23.50358155
          ]
        ]
      }
    },
    {
      "type": "Feature",
      "properties": {
        "name": "仙桥河-西北段-南河"
      },
      "geometry": {
        "type": "LineString",
        "coordinates": [
          [
            116.3608502,
            23.4876288
          ],
          [
            116.3583951,
            23.4901284
          ],
          [
            116.3566601,
            23.4942948
          ],
          [
            116.3500694,
            23.4963892
          ],
          [
            116.3441839,
            23.4960829
          ],
          [
            116.3413109,
            23.5012166
          ],
          [
            116.3369294,
            23.5048334
          ],
          [
            116.3398586,
            23.5180457
          ],
          [
            116.3414018,
            23.5193909
          ],
          [
            116.3413592,
            23.5230378
          ],
          [
            116.33923,
            23.5248288
          ],
          [
            116.3327823,
            23.5247427
          ],
          [
            116.3284459,
            23.5274709
          ],
          [
            116.3278908,
            23.5301889
          ],
          [
            116.32993655,
            23.53454628
          ]
        ]
      }
    },
    {
      "type": "Feature",
      "properties": {
        "name": "汇-榕江-海"
      },
      "geometry": {
        "type": "LineString",
        "coordinates": [
          [
            116.4564831,
            23.4991842
          ],
          [
            116.4765333,
            23.5029464
          ],
          [
            116.4856923,
            23.4991842
          ],
          [
            116.485155,
            23.4783703
          ],
          [
            116.4598238,
            23.4466159
          ],
          [
            116.4640925,
            23.4393507
          ],
          [
            116.5144457,
            23.4410564
          ],
          [
            116.5399959,
            23.4289633
          ],
          [
            116.5561825,
            23.3939965
          ],
          [
            116.61799,
            23.3372994
          ],
          [
            116.63630315,
            23.33951982
          ],
          [
            116.658321,
            23.34218943
          ],
          [
            116.65879833,
            23.34224731
          ],
          [
            116.6589027,
            23.34225996
          ],
          [
            116.6977269,
            23.3469673
          ],
          [
            116.7473798,
            23.336387
          ],
          [
            116.7915447,
            23.3070687
          ]
        ]
      }
    },
    {
      "type": "Feature",
      "properties": {
        "name": "源-万里桥水-枫江"
      },
      "geometry": {
        "type": "LineString",
        "coordinates": [
          [
            116.6048602,
            23.5562639
          ],
          [
            116.5998881,
            23.5533943
          ],
          [
            116.5987057,
            23.5531468
          ],
          [
            116.5955918,
            23.5524393
          ],
          [
            116.5848719,
            23.5500521
          ],
          [
            116.5823169,
            23.5503464
          ],
          [
            116.5813769,
            23.5499424
          ],
          [
            116.5801284,
            23.5488114
          ],
          [
            116.5795058,
            23.5488483
          ],
          [
            116.5791008,
            23.5486088
          ],
          [
            116.5789702,
            23.5482375
          ],
          [
            116.57833,
            23.5480698
          ],
          [
            116.5769059,
            23.5486208
          ],
          [
            116.5754865,
            23.5483489
          ],
          [
            116.5747548,
            23.5485046
          ],
          [
            116.5715698,
            23.5483707
          ],
          [
            116.5704733,
            23.5487798
          ],
          [
            116.5697592,
            23.5488382
          ],
          [
            116.5694787,
            23.5495162
          ],
          [
            116.5676681,
            23.5514448
          ],
          [
            116.5673387,
            23.5515742
          ],
          [
            116.5669049,
            23.55145
          ],
          [
            116.5667422,
            23.5510979
          ],
          [
            116.5663626,
            23.5510026
          ],
          [
            116.5661168,
            23.5513991
          ],
          [
            116.5654479,
            23.5518932
          ],
          [
            116.5650508,
            23.5523071
          ],
          [
            116.5642837,
            23.5528507
          ],
          [
            116.5635964,
            23.5538788
          ],
          [
            116.5626291,
            23.5560798
          ],
          [
            116.5624615,
            23.5565736
          ],
          [
            116.5614911,
            23.5579108
          ],
          [
            116.5608275,
            23.5592512
          ],
          [
            116.5607982,
            23.5603553
          ],
          [
            116.561496,
            23.5610743
          ],
          [
            116.5621674,
            23.5650593
          ],
          [
            116.5626876,
            23.568041
          ],
          [
            116.5624552,
            23.5689405
          ],
          [
            116.5632041,
            23.5700293
          ],
          [
            116.5632041,
            23.5712128
          ],
          [
            116.5627393,
            23.5721122
          ],
          [
            116.5620162,
            23.5721359
          ],
          [
            116.5612415,
            23.5716388
          ],
          [
            116.5605184,
            23.5715678
          ],
          [
            116.5600019,
            23.572775
          ],
          [
            116.558659,
            23.5727986
          ],
          [
            116.5575073,
            23.5740603
          ],
          [
            116.5568099,
            23.5743885
          ],
          [
            116.5559994,
            23.5742503
          ],
          [
            116.5552643,
            23.5744749
          ],
          [
            116.5549779,
            23.5754734
          ],
          [
            116.5543972,
            23.5761036
          ],
          [
            116.5523649,
            23.5765237
          ],
          [
            116.551397,
            23.5780451
          ],
          [
            116.5506331,
            23.5798172
          ],
          [
            116.5501073,
            23.5800896
          ],
          [
            116.5489689,
            23.5799081
          ],
          [
            116.5482067,
            23.5800533
          ],
          [
            116.5482093,
            23.5815965
          ],
          [
            116.5478062,
            23.5820529
          ],
          [
            116.5471243,
            23.5822376
          ],
          [
            116.544428,
            23.5793703
          ],
          [
            116.5441285,
            23.5783078
          ],
          [
            116.5455015,
            23.5761963
          ],
          [
            116.5450337,
            23.5755754
          ],
          [
            116.5396625,
            23.5755606
          ],
          [
            116.535927,
            23.578476
          ],
          [
            116.5346011,
            23.5811494
          ],
          [
            116.5338939,
            23.5823444
          ],
          [
            116.5293342,
            23.5843354
          ]
        ]
      }
    },
    {
      "type": "Feature",
      "properties": {
        "name": "源-上砂河-南河"
      },
      "geometry": {
        "type": "LineString",
        "coordinates": [
          [
            115.6643911,
            23.4964707
          ],
          [
            115.6645239,
            23.4958289
          ],
          [
            115.6659357,
            23.4949215
          ],
          [
            115.6662735,
            23.4944788
          ],
          [
            115.6664666,
            23.4934829
          ],
          [
            115.6671182,
            23.4931287
          ],
          [
            115.6680111,
            23.4931287
          ],
          [
            115.6685179,
            23.492177
          ],
          [
            115.6694712,
            23.4917233
          ],
          [
            115.6702314,
            23.4917897
          ],
          [
            115.6709795,
            23.4922213
          ],
          [
            115.671788,
            23.4922324
          ],
          [
            115.6727485,
            23.4914753
          ],
          [
            115.6741151,
            23.4912135
          ],
          [
            115.6767897,
            23.491238
          ],
          [
            115.677283,
            23.4910269
          ],
          [
            115.6779644,
            23.4896329
          ],
          [
            115.6785414,
            23.4888243
          ],
          [
            115.6801773,
            23.487247
          ],
          [
            115.6812618,
            23.4854516
          ],
          [
            115.6819088,
            23.4840654
          ],
          [
            115.6830665,
            23.4827029
          ],
          [
            115.6839741,
            23.4821521
          ],
          [
            115.6843345,
            23.4821899
          ],
          [
            115.6845095,
            23.4825251
          ],
          [
            115.6845713,
            23.483002
          ],
          [
            115.6854002,
            23.4833042
          ],
          [
            115.6857678,
            23.4832743
          ],
          [
            115.6865504,
            23.4826415
          ],
          [
            115.6873716,
            23.4823007
          ],
          [
            115.6885464,
            23.4821794
          ],
          [
            115.6899146,
            23.4816849
          ],
          [
            115.690525,
            23.4812492
          ],
          [
            115.6909548,
            23.4810846
          ],
          [
            115.6932099,
            23.4810432
          ],
          [
            115.6947915,
            23.4796039
          ],
          [
            115.6966249,
            23.4779652
          ],
          [
            115.6975872,
            23.4751177
          ],
          [
            115.6979675,
            23.4736317
          ],
          [
            115.6980012,
            23.4686514
          ],
          [
            115.6974123,
            23.4677538
          ],
          [
            115.6967603,
            23.4674499
          ],
          [
            115.6965252,
            23.4665577
          ],
          [
            115.6952746,
            23.4652243
          ],
          [
            115.6952532,
            23.4646752
          ],
          [
            115.6964444,
            23.4634986
          ],
          [
            115.6974096,
            23.463113
          ],
          [
            115.6981025,
            23.462548
          ],
          [
            115.6985259,
            23.4618682
          ],
          [
            115.6984104,
            23.4611973
          ],
          [
            115.697833,
            23.4608618
          ],
          [
            115.697015,
            23.4610207
          ],
          [
            115.6962162,
            23.4611885
          ],
          [
            115.6958313,
            23.4614621
          ],
          [
            115.6948304,
            23.4618329
          ],
          [
            115.694253,
            23.4617005
          ],
          [
            115.6927483,
            23.4621496
          ],
          [
            115.6921447,
            23.4620891
          ],
          [
            115.691834,
            23.4619276
          ],
          [
            115.6914082,
            23.4618094
          ],
          [
            115.6906926,
            23.4616656
          ],
          [
            115.6903176,
            23.4614397
          ],
          [
            115.6903232,
            23.461224
          ],
          [
            115.6904531,
            23.4610196
          ],
          [
            115.6908546,
            23.4607515
          ],
          [
            115.6910392,
            23.4605278
          ],
          [
            115.6911402,
            23.4601836
          ],
          [
            115.69115,
            23.4599711
          ],
          [
            115.6906714,
            23.4591877
          ],
          [
            115.6904976,
            23.4588255
          ],
          [
            115.6903747,
            23.4584361
          ],
          [
            115.6903858,
            23.4582208
          ],
          [
            115.6905015,
            23.4580103
          ],
          [
            115.6907268,
            23.4578715
          ],
          [
            115.6912312,
            23.4577512
          ],
          [
            115.6916683,
            23.4575908
          ],
          [
            115.6920214,
            23.4572268
          ],
          [
            115.6921382,
            23.456935
          ],
          [
            115.6921634,
            23.4556192
          ],
          [
            115.6918535,
            23.4539541
          ],
          [
            115.6921058,
            23.453122
          ],
          [
            115.6919739,
            23.4527255
          ],
          [
            115.6910638,
            23.4518243
          ],
          [
            115.6908413,
            23.4507196
          ],
          [
            115.6910412,
            23.4503294
          ],
          [
            115.6916214,
            23.450124
          ],
          [
            115.6920985,
            23.4495182
          ],
          [
            115.6923032,
            23.4485385
          ],
          [
            115.6932313,
            23.4481603
          ],
          [
            115.694527,
            23.4464534
          ],
          [
            115.6981569,
            23.4434172
          ],
          [
            115.7000684,
            23.4436821
          ],
          [
            115.7028897,
            23.440692
          ],
          [
            115.7041149,
            23.4373096
          ],
          [
            115.7073149,
            23.4367732
          ],
          [
            115.7071648,
            23.4313305
          ],
          [
            115.708953,
            23.4288615
          ],
          [
            115.7088035,
            23.4271389
          ],
          [
            115.7118534,
            23.4260412
          ],
          [
            115.7110442,
            23.4238937
          ],
          [
            115.7111917,
            23.4202632
          ],
          [
            115.7110418,
            23.4187376
          ],
          [
            115.7100025,
            23.4171916
          ],
          [
            115.7097396,
            23.4136531
          ],
          [
            115.7117235,
            23.408854
          ],
          [
            115.7136686,
            23.4081231
          ],
          [
            115.712217,
            23.4042883
          ],
          [
            115.713899,
            23.3996201
          ],
          [
            115.7209585,
            23.3973442
          ],
          [
            115.7204936,
            23.3955208
          ],
          [
            115.7191266,
            23.3945596
          ],
          [
            115.7205247,
            23.39201
          ],
          [
            115.7206152,
            23.3904103
          ],
          [
            115.7251274,
            23.3899776
          ],
          [
            115.7277972,
            23.3887824
          ],
          [
            115.7308961,
            23.3896014
          ],
          [
            115.7321503,
            23.3914189
          ],
          [
            115.7336685,
            23.3917693
          ],
          [
            115.7342668,
            23.3948866
          ],
          [
            115.7371381,
            23.3925041
          ],
          [
            115.7400552,
            23.3940911
          ],
          [
            115.7405313,
            23.3962468
          ],
          [
            115.7463382,
            23.392222
          ],
          [
            115.7482111,
            23.394676
          ],
          [
            115.7498745,
            23.3968968
          ],
          [
            115.7512813,
            23.3911013
          ],
          [
            115.75342269,
            23.39010135
          ]
        ]
      }
    },
    {
      "type": "Feature",
      "properties": {
        "name": "源-五云河-南河"
      },
      "geometry": {
        "type": "LineString",
        "coordinates": [
          [
            115.7544246,
            23.4907944
          ],
          [
            115.7545919,
            23.4904875
          ],
          [
            115.7541736,
            23.4900612
          ],
          [
            115.7537087,
            23.4887908
          ],
          [
            115.7539133,
            23.4884071
          ],
          [
            115.7541922,
            23.4883815
          ],
          [
            115.7547314,
            23.488697
          ],
          [
            115.7554658,
            23.4886202
          ],
          [
            115.7559887,
            23.4883569
          ],
          [
            115.7564162,
            23.4880022
          ],
          [
            115.7567419,
            23.4874047
          ],
          [
            115.7574612,
            23.4869815
          ],
          [
            115.7576966,
            23.4866738
          ],
          [
            115.7576905,
            23.4863545
          ],
          [
            115.7570673,
            23.4859174
          ],
          [
            115.7561494,
            23.4857599
          ],
          [
            115.7557628,
            23.4853493
          ],
          [
            115.7560816,
            23.4850321
          ],
          [
            115.7560341,
            23.4847957
          ],
          [
            115.7555526,
            23.4845344
          ],
          [
            115.7553762,
            23.4842047
          ],
          [
            115.7554847,
            23.4837879
          ],
          [
            115.7559165,
            23.4830802
          ],
          [
            115.7563623,
            23.4822625
          ],
          [
            115.7564539,
            23.4816687
          ],
          [
            115.7565831,
            23.4813469
          ],
          [
            115.7565039,
            23.4808656
          ],
          [
            115.7562464,
            23.4802389
          ],
          [
            115.7561425,
            23.4799211
          ],
          [
            115.7561667,
            23.4796326
          ],
          [
            115.7565387,
            23.479235
          ],
          [
            115.756609,
            23.4790926
          ],
          [
            115.7565288,
            23.4788446
          ],
          [
            115.7563824,
            23.4786512
          ],
          [
            115.7559811,
            23.4785276
          ],
          [
            115.7558639,
            23.4783548
          ],
          [
            115.7556762,
            23.4779052
          ],
          [
            115.7555073,
            23.4777481
          ],
          [
            115.7554603,
            23.4775975
          ],
          [
            115.7557475,
            23.4771324
          ],
          [
            115.7557292,
            23.4769603
          ],
          [
            115.7556091,
            23.4768195
          ],
          [
            115.7551307,
            23.4766001
          ],
          [
            115.7549114,
            23.4764685
          ],
          [
            115.7547201,
            23.4762703
          ],
          [
            115.7546643,
            23.4758529
          ],
          [
            115.7546969,
            23.4750455
          ],
          [
            115.7547824,
            23.4748798
          ],
          [
            115.7551767,
            23.4748436
          ],
          [
            115.7558802,
            23.4741488
          ],
          [
            115.7565014,
            23.4738793
          ],
          [
            115.7568217,
            23.473673
          ],
          [
            115.7568712,
            23.4734072
          ],
          [
            115.7568448,
            23.4729893
          ],
          [
            115.7565326,
            23.4726483
          ],
          [
            115.7564087,
            23.4721809
          ],
          [
            115.7564248,
            23.471939
          ],
          [
            115.7568055,
            23.4710977
          ],
          [
            115.7567656,
            23.4707651
          ],
          [
            115.7565823,
            23.4706043
          ],
          [
            115.7560935,
            23.4703682
          ],
          [
            115.7557593,
            23.4701697
          ],
          [
            115.7555999,
            23.4698389
          ],
          [
            115.7556404,
            23.4693825
          ],
          [
            115.7557923,
            23.4689891
          ],
          [
            115.7560625,
            23.4688218
          ],
          [
            115.7564171,
            23.4687103
          ],
          [
            115.7569719,
            23.4682511
          ],
          [
            115.7571261,
            23.4678175
          ],
          [
            115.7574011,
            23.467458
          ],
          [
            115.7579308,
            23.4670343
          ],
          [
            115.7582568,
            23.4665235
          ],
          [
            115.7582763,
            23.4659603
          ],
          [
            115.7577723,
            23.4650906
          ],
          [
            115.7571981,
            23.4646989
          ],
          [
            115.7563957,
            23.4641722
          ],
          [
            115.7564687,
            23.4630279
          ],
          [
            115.7569487,
            23.4626877
          ],
          [
            115.7574141,
            23.4625743
          ],
          [
            115.758185,
            23.4620139
          ],
          [
            115.7582984,
            23.4616917
          ],
          [
            115.7580611,
            23.4609793
          ],
          [
            115.7565327,
            23.459786
          ],
          [
            115.7554763,
            23.4594482
          ],
          [
            115.7546766,
            23.4593947
          ],
          [
            115.7540199,
            23.4596862
          ],
          [
            115.7536651,
            23.459589
          ],
          [
            115.7533256,
            23.4592955
          ],
          [
            115.7530731,
            23.4588523
          ],
          [
            115.7530127,
            23.4580515
          ],
          [
            115.7530416,
            23.457548
          ],
          [
            115.7534616,
            23.4571403
          ],
          [
            115.7546768,
            23.4567617
          ],
          [
            115.7548636,
            23.4565147
          ],
          [
            115.7550047,
            23.4553655
          ],
          [
            115.7550447,
            23.4539286
          ],
          [
            115.7554465,
            23.4506668
          ],
          [
            115.7569642,
            23.4498813
          ],
          [
            115.7575674,
            23.4491137
          ],
          [
            115.7576133,
            23.4475764
          ],
          [
            115.7569594,
            23.4469099
          ],
          [
            115.7569594,
            23.4460434
          ],
          [
            115.7563332,
            23.444438
          ],
          [
            115.7563229,
            23.4433634
          ],
          [
            115.7581797,
            23.440918
          ],
          [
            115.7605379,
            23.4407322
          ],
          [
            115.7613758,
            23.440176
          ],
          [
            115.761636,
            23.4393204
          ],
          [
            115.7613649,
            23.4384151
          ],
          [
            115.7615818,
            23.4378879
          ],
          [
            115.76064,
            23.4368778
          ],
          [
            115.7609017,
            23.4363866
          ],
          [
            115.7619725,
            23.4366376
          ],
          [
            115.762258,
            23.4365176
          ],
          [
            115.7624008,
            23.4359609
          ],
          [
            115.7621067,
            23.4349056
          ],
          [
            115.7617257,
            23.4341579
          ],
          [
            115.7619562,
            23.4316069
          ],
          [
            115.7630671,
            23.4297515
          ],
          [
            115.7636018,
            23.4292547
          ],
          [
            115.7647086,
            23.4276831
          ],
          [
            115.7658793,
            23.4267349
          ],
          [
            115.7660526,
            23.4257114
          ],
          [
            115.7663428,
            23.424221
          ],
          [
            115.7660422,
            23.4238675
          ],
          [
            115.7630677,
            23.4222832
          ],
          [
            115.762483,
            23.4205148
          ],
          [
            115.7624064,
            23.4197843
          ],
          [
            115.7638441,
            23.4178461
          ],
          [
            115.7656871,
            23.4162056
          ],
          [
            115.768728,
            23.4146667
          ],
          [
            115.7695616,
            23.4137655
          ],
          [
            115.7700533,
            23.412573
          ],
          [
            115.7708963,
            23.412025
          ],
          [
            115.7736057,
            23.4064046
          ],
          [
            115.77553063,
            23.40160938
          ]
        ]
      }
    },
    {
      "type": "Feature",
      "properties": {
        "name": "源-五经富河-南河"
      },
      "geometry": {
        "type": "LineString",
        "coordinates": [
          [
            116.0725754,
            23.6455196
          ],
          [
            116.0650905,
            23.6413461
          ],
          [
            116.0658228,
            23.6341911
          ],
          [
            116.06086,
            23.6304643
          ],
          [
            116.062243,
            23.6261412
          ],
          [
            116.0602091,
            23.6245759
          ],
          [
            116.0585006,
            23.6201781
          ],
          [
            116.0525615,
            23.6161528
          ],
          [
            116.0542333,
            23.6138246
          ],
          [
            116.0511567,
            23.6075825
          ],
          [
            116.0592144,
            23.604025
          ],
          [
            116.0604245,
            23.5970028
          ],
          [
            116.0675475,
            23.5941017
          ],
          [
            116.0692623,
            23.5915028
          ],
          [
            116.0715047,
            23.5865465
          ],
          [
            116.0730203,
            23.5836188
          ],
          [
            116.0714974,
            23.577238
          ],
          [
            116.0706271,
            23.5720534
          ],
          [
            116.0638825,
            23.5698598
          ],
          [
            116.0632298,
            23.5671677
          ],
          [
            116.0674724,
            23.5580937
          ],
          [
            116.0614893,
            23.5554013
          ],
          [
            116.0604014,
            23.5526092
          ],
          [
            116.0595296,
            23.5497509
          ],
          [
            116.0591861,
            23.5433476
          ],
          [
            116.0593578,
            23.5413006
          ],
          [
            116.0566669,
            23.5366291
          ],
          [
            116.0543195,
            23.5316949
          ],
          [
            116.0556364,
            23.530855
          ],
          [
            116.0605696,
            23.5309566
          ],
          [
            116.0624465,
            23.5281134
          ],
          [
            116.06115365,
            23.52356954
          ],
          [
            116.0609776,
            23.5229508
          ],
          [
            116.0584479,
            23.519696
          ],
          [
            116.0601882,
            23.5122597
          ],
          [
            116.0607332,
            23.5071373
          ],
          [
            116.070522,
            23.499626
          ],
          [
            116.0768051,
            23.4898563
          ],
          [
            116.0776335,
            23.4847914
          ],
          [
            116.0796768,
            23.4840823
          ],
          [
            116.081941,
            23.4855005
          ],
          [
            116.0833216,
            23.4875264
          ],
          [
            116.0862485,
            23.4877797
          ],
          [
            116.0889545,
            23.4848927
          ],
          [
            116.0913292,
            23.4867161
          ],
          [
            116.0906665,
            23.4905654
          ],
          [
            116.0932621,
            23.4924393
          ],
          [
            116.0985084,
            23.4887927
          ],
          [
            116.1074025,
            23.476709
          ],
          [
            116.11248098,
            23.47403907
          ],
          [
            116.1148344,
            23.4728018
          ],
          [
            116.1185051,
            23.4742982
          ],
          [
            116.1208163,
            23.4766674
          ],
          [
            116.12566939,
            23.47719557
          ]
        ]
      }
    },
    {
      "type": "Feature",
      "properties": {
        "name": "源-仙桥河-分"
      },
      "geometry": {
        "type": "LineString",
        "coordinates": [
          [
            116.3261876,
            23.4581759
          ],
          [
            116.3257845,
            23.4594532
          ],
          [
            116.3250883,
            23.4609322
          ],
          [
            116.3264258,
            23.4620246
          ],
          [
            116.3348823,
            23.4656303
          ],
          [
            116.3406881,
            23.4682594
          ],
          [
            116.3476005,
            23.4693544
          ],
          [
            116.3496923,
            23.4710333
          ],
          [
            116.3501763,
            23.4718789
          ],
          [
            116.3511465,
            23.4726229
          ],
          [
            116.3511147,
            23.4736149
          ],
          [
            116.3504467,
            23.4746798
          ],
          [
            116.3509458,
            23.476912
          ],
          [
            116.3517214,
            23.4774293
          ],
          [
            116.3530139,
            23.4770305
          ],
          [
            116.3544592,
            23.4758557
          ],
          [
            116.3552398,
            23.4755531
          ],
          [
            116.3559683,
            23.4755423
          ],
          [
            116.3592938,
            23.477741
          ],
          [
            116.3593614,
            23.478904
          ],
          [
            116.3588265,
            23.4803027
          ],
          [
            116.3590631,
            23.4822897
          ],
          [
            116.3607107,
            23.4849596
          ],
          [
            116.3608502,
            23.4876288
          ]
        ]
      }
    },
    {
      "type": "Feature",
      "properties": {
        "name": "源-北河-榕江"
      },
      "geometry": {
        "type": "LineString",
        "coordinates": [
          [
            116.0903614,
            23.8826868
          ],
          [
            116.0904019,
            23.8820584
          ],
          [
            116.092099,
            23.8763333
          ],
          [
            116.0933935,
            23.8753249
          ],
          [
            116.0926743,
            23.8737466
          ],
          [
            116.0945922,
            23.8722997
          ],
          [
            116.0935853,
            23.8700636
          ],
          [
            116.0929141,
            23.8680906
          ],
          [
            116.0924346,
            23.8644075
          ],
          [
            116.0957429,
            23.863399
          ],
          [
            116.0970854,
            23.8605928
          ],
          [
            116.095647,
            23.8580934
          ],
          [
            116.0940648,
            23.8562079
          ],
          [
            116.0943525,
            23.8544977
          ],
          [
            116.0971316,
            23.8553591
          ],
          [
            116.099481,
            23.85799
          ],
          [
            116.1010153,
            23.8580777
          ],
          [
            116.1025975,
            23.8573323
          ],
          [
            116.1042276,
            23.857727
          ],
          [
            116.1061075,
            23.8554468
          ],
          [
            116.1093136,
            23.8545735
          ],
          [
            116.1118523,
            23.8493144
          ],
          [
            116.1126297,
            23.848884
          ],
          [
            116.1140821,
            23.8489776
          ],
          [
            116.1147367,
            23.8488466
          ],
          [
            116.1146958,
            23.8482853
          ],
          [
            116.1131615,
            23.8471066
          ],
          [
            116.1129365,
            23.8457033
          ],
          [
            116.1137196,
            23.8424871
          ],
          [
            116.1142439,
            23.8416929
          ],
          [
            116.1141456,
            23.8411384
          ],
          [
            116.1122984,
            23.8403642
          ],
          [
            116.1118622,
            23.8394587
          ],
          [
            116.1129528,
            23.8384458
          ],
          [
            116.1154562,
            23.8381284
          ],
          [
            116.1168753,
            23.8374881
          ],
          [
            116.1197808,
            23.835428
          ],
          [
            116.1199637,
            23.835025
          ],
          [
            116.1196987,
            23.8344831
          ],
          [
            116.1183576,
            23.83379
          ],
          [
            116.1184038,
            23.8330953
          ],
          [
            116.1189228,
            23.8320888
          ],
          [
            116.1195872,
            23.8317279
          ],
          [
            116.1198363,
            23.8311202
          ],
          [
            116.119691,
            23.8305125
          ],
          [
            116.1189317,
            23.8293774
          ],
          [
            116.1183919,
            23.8286652
          ],
          [
            116.1184396,
            23.8273877
          ],
          [
            116.1187055,
            23.827017
          ],
          [
            116.1196805,
            23.827295
          ],
          [
            116.1202502,
            23.82799
          ],
          [
            116.1214278,
            23.8283722
          ],
          [
            116.1221761,
            23.8282201
          ],
          [
            116.1232397,
            23.8276989
          ],
          [
            116.1233916,
            23.826448
          ],
          [
            116.1250102,
            23.8245534
          ],
          [
            116.1266495,
            23.824312
          ],
          [
            116.1269135,
            23.823308
          ],
          [
            116.1269968,
            23.822914
          ],
          [
            116.1265762,
            23.821238
          ],
          [
            116.1253872,
            23.8195786
          ],
          [
            116.1254731,
            23.8184437
          ],
          [
            116.1250331,
            23.8175797
          ],
          [
            116.1241853,
            23.8168728
          ],
          [
            116.1242819,
            23.8162543
          ],
          [
            116.1250544,
            23.8148393
          ],
          [
            116.1261618,
            23.8116246
          ],
          [
            116.128844,
            23.8089908
          ],
          [
            116.1300219,
            23.8072254
          ],
          [
            116.1309491,
            23.806721
          ],
          [
            116.1309491,
            23.806081
          ],
          [
            116.1286538,
            23.8024476
          ],
          [
            116.1288149,
            23.8014404
          ],
          [
            116.1334025,
            23.7981049
          ],
          [
            116.1374617,
            23.7937644
          ],
          [
            116.1406522,
            23.7883125
          ],
          [
            116.1411163,
            23.7835348
          ],
          [
            116.1403106,
            23.7813227
          ],
          [
            116.140766,
            23.7799762
          ],
          [
            116.1421674,
            23.7789502
          ],
          [
            116.146932,
            23.778822
          ],
          [
            116.1497482,
            23.7755815
          ],
          [
            116.1501762,
            23.7694923
          ],
          [
            116.1518553,
            23.7662257
          ],
          [
            116.1557874,
            23.7635971
          ],
          [
            116.1582466,
            23.7599004
          ],
          [
            116.160476,
            23.7582619
          ],
          [
            116.1643605,
            23.7575199
          ],
          [
            116.1699677,
            23.7545519
          ],
          [
            116.1790712,
            23.7499398
          ],
          [
            116.1875109,
            23.7414868
          ],
          [
            116.1968068,
            23.7400313
          ],
          [
            116.1973457,
            23.735566
          ],
          [
            116.202386,
            23.7310126
          ],
          [
            116.2022534,
            23.7290698
          ],
          [
            116.2067865,
            23.7207492
          ],
          [
            116.2067334,
            23.7173939
          ],
          [
            116.20514,
            23.7157406
          ],
          [
            116.20514,
            23.7138927
          ],
          [
            116.2072645,
            23.7119476
          ],
          [
            116.2076894,
            23.7086894
          ],
          [
            116.2078535,
            23.7069439
          ],
          [
            116.2088039,
            23.706212
          ],
          [
            116.2128546,
            23.7033236
          ],
          [
            116.2154462,
            23.7029255
          ],
          [
            116.2153493,
            23.7006467
          ],
          [
            116.2207982,
            23.6988403
          ],
          [
            116.2220048,
            23.6957096
          ],
          [
            116.2262303,
            23.6944228
          ],
          [
            116.2282114,
            23.6903491
          ],
          [
            116.2312094,
            23.688002
          ],
          [
            116.2409189,
            23.6865062
          ],
          [
            116.2429572,
            23.6846409
          ],
          [
            116.2464101,
            23.6770089
          ],
          [
            116.2466332,
            23.6714698
          ],
          [
            116.2479003,
            23.6692641
          ],
          [
            116.2463475,
            23.6660943
          ],
          [
            116.2450298,
            23.6647356
          ],
          [
            116.2446647,
            23.6578301
          ],
          [
            116.2472228,
            23.6519972
          ],
          [
            116.2515018,
            23.644155
          ],
          [
            116.2557293,
            23.6412978
          ],
          [
            116.2550937,
            23.6351106
          ],
          [
            116.2647731,
            23.6112447
          ],
          [
            116.2673146,
            23.6089156
          ],
          [
            116.2701968,
            23.6085789
          ],
          [
            116.2731926,
            23.6091696
          ],
          [
            116.2747198,
            23.6082443
          ],
          [
            116.2736456,
            23.6041603
          ],
          [
            116.2731667,
            23.6017795
          ],
          [
            116.2762755,
            23.5949634
          ],
          [
            116.2738531,
            23.5907814
          ],
          [
            116.2677974,
            23.5858252
          ],
          [
            116.2674453,
            23.5831662
          ],
          [
            116.2699187,
            23.5806101
          ],
          [
            116.2740271,
            23.5785906
          ],
          [
            116.2749183,
            23.5758407
          ],
          [
            116.2738706,
            23.5726143
          ],
          [
            116.2682948,
            23.5693101
          ],
          [
            116.2687914,
            23.5679561
          ],
          [
            116.271747,
            23.5671221
          ],
          [
            116.2811335,
            23.5676763
          ],
          [
            116.2847015,
            23.569637
          ],
          [
            116.2879327,
            23.5699664
          ],
          [
            116.2958627,
            23.5685567
          ],
          [
            116.3068344,
            23.5736923
          ],
          [
            116.3145602,
            23.5810124
          ],
          [
            116.3198326,
            23.5854754
          ],
          [
            116.3228443,
            23.5854092
          ],
          [
            116.3241894,
            23.5835329
          ],
          [
            116.3251735,
            23.5758259
          ],
          [
            116.3322237,
            23.5705514
          ],
          [
            116.3375745,
            23.5682712
          ],
          [
            116.3384345,
            23.5646976
          ],
          [
            116.3357796,
            23.5547497
          ],
          [
            116.3337287,
            23.5500184
          ],
          [
            116.3426685,
            23.543189
          ],
          [
            116.350042,
            23.5435011
          ],
          [
            116.3666587,
            23.5509962
          ],
          [
            116.3787004,
            23.5473647
          ],
          [
            116.3857099,
            23.54866
          ],
          [
            116.3883955,
            23.5579894
          ],
          [
            116.3880414,
            23.562813
          ],
          [
            116.3903074,
            23.5660103
          ],
          [
            116.3972139,
            23.5687534
          ],
          [
            116.4183958,
            23.5634452
          ],
          [
            116.4386101,
            23.5474809
          ],
          [
            116.4377594,
            23.5389907
          ],
          [
            116.4568075,
            23.5178055
          ],
          [
            116.4583921,
            23.511551
          ],
          [
            116.4564831,
            23.4991842
          ]
        ]
      }
    },
    {
      "type": "Feature",
      "properties": {
        "name": "源-南河-榕江"
      },
      "geometry": {
        "type": "LineString",
        "coordinates": [
          [
            115.7187581,
            23.2388942
          ],
          [
            115.7179359,
            23.2394361
          ],
          [
            115.7170423,
            23.2420144
          ],
          [
            115.7167921,
            23.2425399
          ],
          [
            115.7179181,
            23.2431147
          ],
          [
            115.7181862,
            23.243788
          ],
          [
            115.7171674,
            23.2451018
          ],
          [
            115.7165955,
            23.2451182
          ],
          [
            115.7130925,
            23.2459721
          ],
          [
            115.712181,
            23.2456929
          ],
          [
            115.7089949,
            23.2463771
          ],
          [
            115.7077943,
            23.2463122
          ],
          [
            115.7066457,
            23.2466637
          ],
          [
            115.7065061,
            23.2472727
          ],
          [
            115.705791,
            23.2476894
          ],
          [
            115.7040641,
            23.2480901
          ],
          [
            115.7038982,
            23.2502082
          ],
          [
            115.7019078,
            23.2514391
          ],
          [
            115.6974319,
            23.2535637
          ],
          [
            115.6950893,
            23.2529656
          ],
          [
            115.6947791,
            23.2524431
          ],
          [
            115.6947619,
            23.2515248
          ],
          [
            115.6957096,
            23.2502899
          ],
          [
            115.6946068,
            23.2493716
          ],
          [
            115.6901437,
            23.2531714
          ],
          [
            115.6880522,
            23.2530118
          ],
          [
            115.6874663,
            23.2521885
          ],
          [
            115.6857431,
            23.2523627
          ],
          [
            115.6849504,
            23.2523152
          ],
          [
            115.6828807,
            23.2533814
          ],
          [
            115.6821244,
            23.2532077
          ],
          [
            115.6811413,
            23.2550143
          ],
          [
            115.6809943,
            23.2569122
          ],
          [
            115.6821282,
            23.2580312
          ],
          [
            115.6829472,
            23.2584363
          ],
          [
            115.6828422,
            23.2588415
          ],
          [
            115.6815953,
            23.2596827
          ],
          [
            115.6817423,
            23.260165
          ],
          [
            115.6831492,
            23.2608595
          ],
          [
            115.6827712,
            23.2629623
          ],
          [
            115.6846893,
            23.2639473
          ],
          [
            115.6847271,
            23.2645553
          ],
          [
            115.6833469,
            23.2668828
          ],
          [
            115.6834981,
            23.2676991
          ],
          [
            115.6832712,
            23.2684981
          ],
          [
            115.6835959,
            23.2692031
          ],
          [
            115.6836267,
            23.2706825
          ],
          [
            115.6841033,
            23.271527
          ],
          [
            115.6843417,
            23.2744044
          ],
          [
            115.6823159,
            23.2751863
          ],
          [
            115.6815941,
            23.2760676
          ],
          [
            115.6783925,
            23.2756493
          ],
          [
            115.677661,
            23.2763845
          ],
          [
            115.6784891,
            23.2775001
          ],
          [
            115.6794007,
            23.2786735
          ],
          [
            115.6802174,
            23.2782008
          ],
          [
            115.6814144,
            23.278653
          ],
          [
            115.6825555,
            23.2801533
          ],
          [
            115.6863562,
            23.2807919
          ],
          [
            115.6853454,
            23.2825674
          ],
          [
            115.6854703,
            23.2839668
          ],
          [
            115.6869688,
            23.2844256
          ],
          [
            115.6951107,
            23.2832556
          ],
          [
            115.6977736,
            23.2849509
          ],
          [
            115.6994149,
            23.2880114
          ],
          [
            115.7045364,
            23.2912338
          ],
          [
            115.7083022,
            23.2916057
          ],
          [
            115.7088569,
            23.2920231
          ],
          [
            115.7076581,
            23.2950282
          ],
          [
            115.7089319,
            23.297735
          ],
          [
            115.7085572,
            23.2994554
          ],
          [
            115.7107405,
            23.2999422
          ],
          [
            115.7105556,
            23.3011024
          ],
          [
            115.7083374,
            23.3028001
          ],
          [
            115.7081834,
            23.303847
          ],
          [
            115.7099087,
            23.3069594
          ],
          [
            115.7102524,
            23.3077931
          ],
          [
            115.7117186,
            23.3086296
          ],
          [
            115.7140511,
            23.3084459
          ],
          [
            115.7152063,
            23.3094864
          ],
          [
            115.7181387,
            23.3101189
          ],
          [
            115.7187967,
            23.3112831
          ],
          [
            115.7188856,
            23.3140781
          ],
          [
            115.7197172,
            23.3158955
          ],
          [
            115.7227926,
            23.3168807
          ],
          [
            115.7246879,
            23.3208542
          ],
          [
            115.7247892,
            23.3224954
          ],
          [
            115.7278341,
            23.3269911
          ],
          [
            115.7230577,
            23.3332958
          ],
          [
            115.7267668,
            23.3416631
          ],
          [
            115.7322499,
            23.3454142
          ],
          [
            115.732423,
            23.3479508
          ],
          [
            115.7334432,
            23.3494638
          ],
          [
            115.7350126,
            23.3492477
          ],
          [
            115.7363074,
            23.3483471
          ],
          [
            115.7386224,
            23.3501122
          ],
          [
            115.7464697,
            23.3504364
          ],
          [
            115.7476662,
            23.3541197
          ],
          [
            115.7468668,
            23.3567947
          ],
          [
            115.7485977,
            23.3632533
          ],
          [
            115.7518499,
            23.3659245
          ],
          [
            115.7557867,
            23.3670873
          ],
          [
            115.7574431,
            23.3677525
          ],
          [
            115.7587412,
            23.3699066
          ],
          [
            115.7575596,
            23.372877
          ],
          [
            115.7578511,
            23.3762223
          ],
          [
            115.7593453,
            23.3780621
          ],
          [
            115.7600384,
            23.382067
          ],
          [
            115.7618366,
            23.384419
          ],
          [
            115.7603081,
            23.3854092
          ],
          [
            115.7595439,
            23.3862757
          ],
          [
            115.7550934,
            23.3866471
          ],
          [
            115.75342269,
            23.39010135
          ],
          [
            115.7532693,
            23.3904185
          ],
          [
            115.7545675,
            23.3917016
          ],
          [
            115.7575632,
            23.3920224
          ],
          [
            115.7610219,
            23.39403
          ],
          [
            115.7662546,
            23.4008986
          ],
          [
            115.7706355,
            23.401792
          ],
          [
            115.77553063,
            23.40160938
          ],
          [
            115.7781195,
            23.4015128
          ],
          [
            115.7815268,
            23.4002843
          ],
          [
            115.7896192,
            23.4005635
          ],
          [
            115.8016666,
            23.3983857
          ],
          [
            115.8056188,
            23.3973255
          ],
          [
            115.8077553,
            23.3979288
          ],
          [
            115.8112614,
            23.4005936
          ],
          [
            115.8116449,
            23.4034091
          ],
          [
            115.8137267,
            23.4051185
          ],
          [
            115.8141465,
            23.4078346
          ],
          [
            115.8135455,
            23.4108133
          ],
          [
            115.8172121,
            23.4123027
          ],
          [
            115.8206985,
            23.4200249
          ],
          [
            115.8228629,
            23.4218967
          ],
          [
            115.83533927,
            23.4252741
          ],
          [
            115.8402875,
            23.4266136
          ],
          [
            115.8452945,
            23.4222642
          ],
          [
            115.8462959,
            23.4171183
          ],
          [
            115.8489625,
            23.4154876
          ],
          [
            115.8600235,
            23.4148154
          ],
          [
            115.8721832,
            23.410715
          ],
          [
            115.8776272,
            23.4110583
          ],
          [
            115.880202,
            23.4124841
          ],
          [
            115.8821108,
            23.4183093
          ],
          [
            115.88282486,
            23.41875274
          ],
          [
            115.8865055,
            23.4210385
          ],
          [
            115.8917881,
            23.4207126
          ],
          [
            115.8968931,
            23.4176983
          ],
          [
            115.9010057,
            23.4128087
          ],
          [
            115.9041119,
            23.4118586
          ],
          [
            115.90666271,
            23.41269314
          ],
          [
            115.9097818,
            23.4137136
          ],
          [
            115.9105303,
            23.4195834
          ],
          [
            115.9102066,
            23.4237042
          ],
          [
            115.9178775,
            23.4292712
          ],
          [
            115.9200527,
            23.4285381
          ],
          [
            115.9220947,
            23.4232021
          ],
          [
            115.923604,
            23.423365
          ],
          [
            115.9396802,
            23.4355489
          ],
          [
            115.9424597,
            23.4448416
          ],
          [
            115.9486483,
            23.4438606
          ],
          [
            115.950236,
            23.4356856
          ],
          [
            115.9654476,
            23.4310216
          ],
          [
            115.9790813,
            23.431325
          ],
          [
            115.9828497,
            23.426693
          ],
          [
            115.9823875,
            23.4195815
          ],
          [
            115.9776813,
            23.4147532
          ],
          [
            115.9831907,
            23.4015043
          ],
          [
            115.9786802,
            23.394467
          ],
          [
            115.9803103,
            23.3904548
          ],
          [
            115.9934531,
            23.386144
          ],
          [
            116.0073634,
            23.3823769
          ],
          [
            116.0165341,
            23.3783073
          ],
          [
            116.0224874,
            23.3741674
          ],
          [
            116.02613276,
            23.37359429
          ],
          [
            116.0264113,
            23.3735505
          ],
          [
            116.0318107,
            23.375023
          ],
          [
            116.0336104,
            23.3747357
          ],
          [
            116.0413091,
            23.369367
          ],
          [
            116.0444807,
            23.3689112
          ],
          [
            116.0492804,
            23.3701591
          ],
          [
            116.05023021,
            23.37066906
          ],
          [
            116.0589364,
            23.3753435
          ],
          [
            116.0647216,
            23.3808858
          ],
          [
            116.0735869,
            23.3808837
          ],
          [
            116.0782344,
            23.3805974
          ],
          [
            116.0825346,
            23.3847049
          ],
          [
            116.080699,
            23.3894304
          ],
          [
            116.0860629,
            23.3986549
          ],
          [
            116.0858069,
            23.4011667
          ],
          [
            116.0882257,
            23.402935
          ],
          [
            116.0917514,
            23.4020321
          ],
          [
            116.0962005,
            23.397151
          ],
          [
            116.0992593,
            23.3969858
          ],
          [
            116.106074,
            23.4035764
          ],
          [
            116.111329,
            23.4073656
          ],
          [
            116.1142645,
            23.4168623
          ],
          [
            116.1122122,
            23.4276326
          ],
          [
            116.1188041,
            23.432808
          ],
          [
            116.1234804,
            23.4418477
          ],
          [
            116.1284975,
            23.444066
          ],
          [
            116.1317187,
            23.4540406
          ],
          [
            116.1282719,
            23.4593531
          ],
          [
            116.1278765,
            23.4631257
          ],
          [
            116.1231312,
            23.4697274
          ],
          [
            116.12566939,
            23.47719557
          ],
          [
            116.1260248,
            23.4782413
          ],
          [
            116.1346252,
            23.4858457
          ],
          [
            116.1403794,
            23.495379
          ],
          [
            116.1533923,
            23.4923806
          ],
          [
            116.1563473,
            23.4931369
          ],
          [
            116.1650747,
            23.5090809
          ],
          [
            116.172074,
            23.5154668
          ],
          [
            116.2079304,
            23.528425
          ],
          [
            116.2346316,
            23.5196729
          ],
          [
            116.2609048,
            23.5197937
          ],
          [
            116.27286328,
            23.53112103
          ],
          [
            116.2803825,
            23.5382434
          ],
          [
            116.3012791,
            23.5328034
          ],
          [
            116.30350195,
            23.53333999
          ],
          [
            116.3186455,
            23.5369956
          ],
          [
            116.32993655,
            23.53454628
          ],
          [
            116.3475397,
            23.5307277
          ],
          [
            116.3627519,
            23.5236377
          ],
          [
            116.3775239,
            23.5262592
          ],
          [
            116.3875307,
            23.5197928
          ],
          [
            116.3847669,
            23.50817
          ],
          [
            116.38523535,
            23.50358155
          ],
          [
            116.3946539,
            23.5027034
          ],
          [
            116.3990302,
            23.504828
          ],
          [
            116.4027199,
            23.5154505
          ],
          [
            116.4083832,
            23.5156079
          ],
          [
            116.4103568,
            23.5026247
          ],
          [
            116.4081599,
            23.4875306
          ],
          [
            116.4139406,
            23.4739117
          ],
          [
            116.41646213,
            23.47257264
          ],
          [
            116.4204014,
            23.4704807
          ],
          [
            116.4298092,
            23.4734958
          ],
          [
            116.4391075,
            23.4876391
          ],
          [
            116.4564831,
            23.4991842
          ]
        ]
      }
    },
    {
      "type": "Feature",
      "properties": {
        "name": "源-德桥河-南河"
      },
      "geometry": {
        "type": "LineString",
        "coordinates": [
          [
            116.2572172,
            23.6092468
          ],
          [
            116.2563828,
            23.6087881
          ],
          [
            116.2566212,
            23.6077177
          ],
          [
            116.2561921,
            23.6068876
          ],
          [
            116.2560729,
            23.6060137
          ],
          [
            116.2544279,
            23.6045064
          ],
          [
            116.2551431,
            23.6035452
          ],
          [
            116.2549524,
            23.6028898
          ],
          [
            116.2567881,
            23.6017975
          ],
          [
            116.2579086,
            23.6021471
          ],
          [
            116.2588145,
            23.6012732
          ],
          [
            116.2588359,
            23.6007753
          ],
          [
            116.2584057,
            23.5997001
          ],
          [
            116.2585622,
            23.5993059
          ],
          [
            116.2593639,
            23.5987683
          ],
          [
            116.2593052,
            23.5984995
          ],
          [
            116.2627273,
            23.5965463
          ],
          [
            116.2659455,
            23.5920102
          ],
          [
            116.2661368,
            23.5910379
          ],
          [
            116.2654585,
            23.5895395
          ],
          [
            116.2651004,
            23.5876425
          ],
          [
            116.2624222,
            23.5846718
          ],
          [
            116.2609886,
            23.58276
          ],
          [
            116.2584534,
            23.5817643
          ],
          [
            116.2566058,
            23.5796238
          ],
          [
            116.2550945,
            23.5769926
          ],
          [
            116.2512498,
            23.575649
          ],
          [
            116.2506689,
            23.5750913
          ],
          [
            116.2498668,
            23.5737477
          ],
          [
            116.2480966,
            23.5737984
          ],
          [
            116.2475157,
            23.5723026
          ],
          [
            116.2480689,
            23.5709843
          ],
          [
            116.250262,
            23.5675657
          ],
          [
            116.2522038,
            23.5675959
          ],
          [
            116.255462,
            23.568893
          ],
          [
            116.2577658,
            23.5679579
          ],
          [
            116.2592173,
            23.566552
          ],
          [
            116.2604052,
            23.5648019
          ],
          [
            116.2602077,
            23.5632332
          ],
          [
            116.2610634,
            23.5621472
          ],
          [
            116.2593521,
            23.5604578
          ],
          [
            116.2588021,
            23.5589057
          ],
          [
            116.2574147,
            23.5573405
          ],
          [
            116.2574147,
            23.5544791
          ],
          [
            116.2571153,
            23.5529161
          ],
          [
            116.2579358,
            23.5518696
          ],
          [
            116.2567943,
            23.5499402
          ],
          [
            116.2571546,
            23.5471896
          ],
          [
            116.2551631,
            23.5440978
          ],
          [
            116.2553013,
            23.5423683
          ],
          [
            116.2539071,
            23.539386
          ],
          [
            116.2554252,
            23.5382782
          ],
          [
            116.2624643,
            23.5366425
          ],
          [
            116.2661479,
            23.5340474
          ],
          [
            116.27286328,
            23.53112103
          ]
        ]
      }
    },
    {
      "type": "Feature",
      "properties": {
        "name": "源-枫江-北河"
      },
      "geometry": {
        "type": "LineString",
        "coordinates": [
          [
            116.4144958,
            23.7574802
          ],
          [
            116.4149249,
            23.7579267
          ],
          [
            116.4153901,
            23.7581995
          ],
          [
            116.4155467,
            23.7585543
          ],
          [
            116.4164974,
            23.7596662
          ],
          [
            116.417096,
            23.7599972
          ],
          [
            116.4174965,
            23.7607364
          ],
          [
            116.4183985,
            23.760855
          ],
          [
            116.4188852,
            23.7612381
          ],
          [
            116.4189586,
            23.761557
          ],
          [
            116.4191189,
            23.7617825
          ],
          [
            116.4199199,
            23.7621028
          ],
          [
            116.4203385,
            23.7624433
          ],
          [
            116.4208412,
            23.7626865
          ],
          [
            116.4211772,
            23.7629754
          ],
          [
            116.4222954,
            23.763374
          ],
          [
            116.4227242,
            23.7634005
          ],
          [
            116.4230458,
            23.7639945
          ],
          [
            116.4232991,
            23.7640684
          ],
          [
            116.4236355,
            23.7639198
          ],
          [
            116.4239719,
            23.7634866
          ],
          [
            116.4242343,
            23.7628358
          ],
          [
            116.4247028,
            23.7626095
          ],
          [
            116.4253167,
            23.7626745
          ],
          [
            116.4263566,
            23.7626473
          ],
          [
            116.4269937,
            23.7624668
          ],
          [
            116.4273637,
            23.76175
          ],
          [
            116.4275207,
            23.7608997
          ],
          [
            116.4277182,
            23.7607051
          ],
          [
            116.4285805,
            23.7604874
          ],
          [
            116.4292669,
            23.7593943
          ],
          [
            116.429977,
            23.758854
          ],
          [
            116.4302408,
            23.7583262
          ],
          [
            116.4305659,
            23.7579891
          ],
          [
            116.4309149,
            23.7572873
          ],
          [
            116.4310334,
            23.7569166
          ],
          [
            116.4310065,
            23.7557389
          ],
          [
            116.4313394,
            23.7553884
          ],
          [
            116.4321576,
            23.7548879
          ],
          [
            116.4326699,
            23.7547663
          ],
          [
            116.432946,
            23.7546511
          ],
          [
            116.4332108,
            23.7544207
          ],
          [
            116.4339419,
            23.7539165
          ],
          [
            116.4341729,
            23.7536114
          ],
          [
            116.4346462,
            23.7524191
          ],
          [
            116.4350918,
            23.7517959
          ],
          [
            116.4352115,
            23.7507396
          ],
          [
            116.4357379,
            23.7502184
          ],
          [
            116.4360347,
            23.7495694
          ],
          [
            116.4360313,
            23.7493442
          ],
          [
            116.4357658,
            23.7484426
          ],
          [
            116.4357661,
            23.7479481
          ],
          [
            116.4358767,
            23.7474129
          ],
          [
            116.4360611,
            23.7471911
          ],
          [
            116.4366116,
            23.7467306
          ],
          [
            116.4379694,
            23.7460379
          ],
          [
            116.4382472,
            23.74576
          ],
          [
            116.4392709,
            23.7451036
          ],
          [
            116.4398085,
            23.744498
          ],
          [
            116.4402996,
            23.7442756
          ],
          [
            116.4405895,
            23.7438765
          ],
          [
            116.4414056,
            23.7433867
          ],
          [
            116.4416326,
            23.7430899
          ],
          [
            116.4421082,
            23.7428524
          ],
          [
            116.4424049,
            23.7425514
          ],
          [
            116.4426707,
            23.7424274
          ],
          [
            116.4434313,
            23.7415605
          ],
          [
            116.4432332,
            23.7414507
          ],
          [
            116.4432228,
            23.7412933
          ],
          [
            116.4434313,
            23.7408876
          ],
          [
            116.4439308,
            23.7405571
          ],
          [
            116.444058,
            23.7405629
          ],
          [
            116.4444205,
            23.7408772
          ],
          [
            116.4453265,
            23.7411804
          ],
          [
            116.4460035,
            23.7413296
          ],
          [
            116.4463837,
            23.7412301
          ],
          [
            116.4467984,
            23.7404605
          ],
          [
            116.4472901,
            23.7401792
          ],
          [
            116.4475248,
            23.7397905
          ],
          [
            116.4479439,
            23.7386583
          ],
          [
            116.4489273,
            23.7378399
          ],
          [
            116.4490782,
            23.7378553
          ],
          [
            116.4495308,
            23.7380803
          ],
          [
            116.450416,
            23.7394256
          ],
          [
            116.4511857,
            23.7397942
          ],
          [
            116.4516601,
            23.7402858
          ],
          [
            116.4522551,
            23.7405658
          ],
          [
            116.4545289,
            23.7409425
          ],
          [
            116.4560534,
            23.7415237
          ],
          [
            116.4568133,
            23.7414963
          ],
          [
            116.4574655,
            23.741458
          ],
          [
            116.4579556,
            23.7408865
          ],
          [
            116.4576234,
            23.7398798
          ],
          [
            116.4566358,
            23.73827
          ],
          [
            116.4564992,
            23.73727
          ],
          [
            116.4582862,
            23.7347571
          ],
          [
            116.4593191,
            23.7338116
          ],
          [
            116.4615122,
            23.7323997
          ],
          [
            116.4621207,
            23.7322572
          ],
          [
            116.4631536,
            23.7325681
          ],
          [
            116.4637479,
            23.7328142
          ],
          [
            116.4642572,
            23.7326847
          ],
          [
            116.4645818,
            23.7319487
          ],
          [
            116.4655257,
            23.7307966
          ],
          [
            116.4670072,
            23.7299228
          ],
          [
            116.4685351,
            23.7294233
          ],
          [
            116.4694923,
            23.7285078
          ],
          [
            116.4705842,
            23.7279945
          ],
          [
            116.4718543,
            23.726913
          ],
          [
            116.4731562,
            23.7262725
          ],
          [
            116.4740372,
            23.7254687
          ],
          [
            116.4744366,
            23.724731
          ],
          [
            116.4754807,
            23.7241408
          ],
          [
            116.4756699,
            23.7239098
          ],
          [
            116.4752446,
            23.7230165
          ],
          [
            116.4746818,
            23.7225425
          ],
          [
            116.4725133,
            23.7217318
          ],
          [
            116.4720544,
            23.7213262
          ],
          [
            116.4714082,
            23.7189649
          ],
          [
            116.4711487,
            23.718422
          ],
          [
            116.4691263,
            23.7166972
          ],
          [
            116.4689491,
            23.7163303
          ],
          [
            116.4690846,
            23.7152316
          ],
          [
            116.469762,
            23.7145759
          ],
          [
            116.4707588,
            23.7142304
          ],
          [
            116.4719105,
            23.714319
          ],
          [
            116.4730839,
            23.7144712
          ],
          [
            116.4750434,
            23.7143858
          ],
          [
            116.4755411,
            23.7138447
          ],
          [
            116.476215,
            23.7137023
          ],
          [
            116.4765986,
            23.7139016
          ],
          [
            116.4786618,
            23.7140535
          ],
          [
            116.4793793,
            23.7136458
          ],
          [
            116.4798095,
            23.7128112
          ],
          [
            116.4806596,
            23.7124549
          ],
          [
            116.4825954,
            23.7117234
          ],
          [
            116.484966,
            23.711306
          ],
          [
            116.4855529,
            23.7113152
          ],
          [
            116.4866659,
            23.7109076
          ],
          [
            116.4868158,
            23.7105385
          ],
          [
            116.4893037,
            23.7082846
          ],
          [
            116.4896298,
            23.7082054
          ],
          [
            116.4897896,
            23.7078641
          ],
          [
            116.4906377,
            23.7070273
          ],
          [
            116.4913889,
            23.7066792
          ],
          [
            116.4922134,
            23.7065156
          ],
          [
            116.4930802,
            23.7065353
          ],
          [
            116.4936079,
            23.7063006
          ],
          [
            116.4943576,
            23.7051285
          ],
          [
            116.4942363,
            23.7044283
          ],
          [
            116.4935192,
            23.7033923
          ],
          [
            116.4934782,
            23.7021834
          ],
          [
            116.4934448,
            23.700513
          ],
          [
            116.4936535,
            23.7001188
          ],
          [
            116.4941232,
            23.6999754
          ],
          [
            116.4952452,
            23.7000232
          ],
          [
            116.4955844,
            23.7001426
          ],
          [
            116.4962367,
            23.700059
          ],
          [
            116.4977851,
            23.7004505
          ],
          [
            116.4987114,
            23.7007611
          ],
          [
            116.4997688,
            23.7008674
          ],
          [
            116.50034,
            23.7007968
          ],
          [
            116.5020362,
            23.6990954
          ],
          [
            116.50347,
            23.6986136
          ],
          [
            116.5040852,
            23.699223
          ],
          [
            116.5051699,
            23.6998386
          ],
          [
            116.5066005,
            23.6997606
          ],
          [
            116.507644,
            23.699346
          ],
          [
            116.5081362,
            23.6987511
          ],
          [
            116.5087269,
            23.6987511
          ],
          [
            116.5096129,
            23.6990395
          ],
          [
            116.5103217,
            23.6995263
          ],
          [
            116.5114046,
            23.6997606
          ],
          [
            116.5119165,
            23.699977
          ],
          [
            116.5132792,
            23.7000222
          ],
          [
            116.5158691,
            23.6992138
          ],
          [
            116.5172853,
            23.6993369
          ],
          [
            116.5181296,
            23.6995031
          ],
          [
            116.5190851,
            23.6987344
          ],
          [
            116.520246,
            23.6971939
          ],
          [
            116.5208285,
            23.6969806
          ],
          [
            116.5216317,
            23.6969469
          ],
          [
            116.5227441,
            23.6961404
          ],
          [
            116.5246245,
            23.6941555
          ],
          [
            116.5276118,
            23.6932955
          ],
          [
            116.5297432,
            23.6920761
          ],
          [
            116.5342996,
            23.6885365
          ],
          [
            116.5361615,
            23.687425
          ],
          [
            116.5391958,
            23.6866672
          ],
          [
            116.540771,
            23.6858471
          ],
          [
            116.5427343,
            23.6821526
          ],
          [
            116.5461198,
            23.6803503
          ],
          [
            116.5579038,
            23.673111
          ],
          [
            116.560717,
            23.6708208
          ],
          [
            116.560717,
            23.6695325
          ],
          [
            116.5616026,
            23.6684828
          ],
          [
            116.5605086,
            23.6667651
          ],
          [
            116.5604565,
            23.6650951
          ],
          [
            116.5588415,
            23.6621844
          ],
          [
            116.5579375,
            23.6541035
          ],
          [
            116.554758,
            23.6409134
          ],
          [
            116.5503962,
            23.6360906
          ],
          [
            116.5471199,
            23.6340324
          ],
          [
            116.5430845,
            23.628643
          ],
          [
            116.5287119,
            23.6210506
          ],
          [
            116.5292309,
            23.6188908
          ],
          [
            116.5278065,
            23.6171049
          ],
          [
            116.5295455,
            23.6098276
          ],
          [
            116.5284457,
            23.6082638
          ],
          [
            116.5229463,
            23.6060396
          ],
          [
            116.5221878,
            23.6042325
          ],
          [
            116.5238186,
            23.6025643
          ],
          [
            116.5224253,
            23.5988775
          ],
          [
            116.5215329,
            23.5946107
          ],
          [
            116.5222313,
            23.5926906
          ],
          [
            116.5242101,
            23.5925129
          ],
          [
            116.5286334,
            23.5936507
          ],
          [
            116.5295554,
            23.5923222
          ],
          [
            116.5286491,
            23.5871505
          ],
          [
            116.5293342,
            23.5843354
          ],
          [
            116.5267951,
            23.5811194
          ],
          [
            116.5221971,
            23.581599
          ],
          [
            116.5164873,
            23.579154
          ],
          [
            116.5102394,
            23.5795615
          ],
          [
            116.5100756,
            23.5748217
          ],
          [
            116.5051989,
            23.5687999
          ],
          [
            116.4989911,
            23.5672472
          ],
          [
            116.4927472,
            23.5687599
          ],
          [
            116.4900791,
            23.5670455
          ],
          [
            116.4904001,
            23.5604275
          ],
          [
            116.4922893,
            23.5554957
          ],
          [
            116.4887236,
            23.5532973
          ],
          [
            116.48739,
            23.5540755
          ],
          [
            116.4843117,
            23.5603148
          ],
          [
            116.4817926,
            23.5617903
          ],
          [
            116.4736633,
            23.5625612
          ],
          [
            116.4691858,
            23.5670493
          ],
          [
            116.4666087,
            23.5660454
          ],
          [
            116.463323,
            23.5599924
          ],
          [
            116.46311829,
            23.55945473
          ],
          [
            116.4612824,
            23.5546328
          ],
          [
            116.453648,
            23.5554596
          ],
          [
            116.4526816,
            23.5518571
          ],
          [
            116.4526982,
            23.5432621
          ],
          [
            116.4506062,
            23.5394342
          ],
          [
            116.4477359,
            23.5393027
          ],
          [
            116.4425693,
            23.5471968
          ],
          [
            116.4386101,
            23.5474809
          ]
        ]
      }
    },
    {
      "type": "Feature",
      "properties": {
        "name": "源-横江河-南河"
      },
      "geometry": {
        "type": "LineString",
        "coordinates": [
          [
            115.8457267,
            23.6595494
          ],
          [
            115.8459447,
            23.6588505
          ],
          [
            115.8474344,
            23.6581017
          ],
          [
            115.8467453,
            23.6571182
          ],
          [
            115.8480294,
            23.6559825
          ],
          [
            115.8480515,
            23.655293
          ],
          [
            115.8491807,
            23.6550294
          ],
          [
            115.8494242,
            23.654421
          ],
          [
            115.8509297,
            23.6540762
          ],
          [
            115.8517974,
            23.6534795
          ],
          [
            115.8519399,
            23.6512269
          ],
          [
            115.8541852,
            23.6504434
          ],
          [
            115.8549336,
            23.6493335
          ],
          [
            115.8551475,
            23.6477338
          ],
          [
            115.8530804,
            23.6476032
          ],
          [
            115.8512271,
            23.6479297
          ],
          [
            115.8486968,
            23.6477338
          ],
          [
            115.8493026,
            23.6459709
          ],
          [
            115.8509064,
            23.6427061
          ],
          [
            115.8544703,
            23.6400943
          ],
          [
            115.8568581,
            23.6381354
          ],
          [
            115.8585451,
            23.6350656
          ],
          [
            115.8623556,
            23.6301342
          ],
          [
            115.8645745,
            23.6273058
          ],
          [
            115.8659291,
            23.6258482
          ],
          [
            115.8678223,
            23.6232611
          ],
          [
            115.8696032,
            23.6203083
          ],
          [
            115.8707402,
            23.6191229
          ],
          [
            115.8703873,
            23.6184763
          ],
          [
            115.869368,
            23.6180452
          ],
          [
            115.8682215,
            23.6184048
          ],
          [
            115.867457,
            23.6175074
          ],
          [
            115.867242,
            23.6169164
          ],
          [
            115.8663104,
            23.6166538
          ],
          [
            115.8659998,
            23.6153405
          ],
          [
            115.8659282,
            23.6138521
          ],
          [
            115.8656893,
            23.6129984
          ],
          [
            115.8651637,
            23.6120135
          ],
          [
            115.8654343,
            23.610415
          ],
          [
            115.8645568,
            23.6093918
          ],
          [
            115.8640383,
            23.6079299
          ],
          [
            115.8648759,
            23.6067604
          ],
          [
            115.8649955,
            23.6058102
          ],
          [
            115.8649557,
            23.6045676
          ],
          [
            115.8667106,
            23.6038367
          ],
          [
            115.8677077,
            23.6031057
          ],
          [
            115.8676678,
            23.6014245
          ],
          [
            115.8675481,
            23.6002184
          ],
          [
            115.8637027,
            23.5994656
          ],
          [
            115.8619091,
            23.5977788
          ],
          [
            115.8600448,
            23.5956378
          ],
          [
            115.8586307,
            23.5940723
          ],
          [
            115.8574625,
            23.5936888
          ],
          [
            115.8572654,
            23.5931455
          ],
          [
            115.8568469,
            23.5931615
          ],
          [
            115.8571259,
            23.5922827
          ],
          [
            115.8573177,
            23.5915317
          ],
          [
            115.8539426,
            23.5879467
          ],
          [
            115.8492938,
            23.5841073
          ],
          [
            115.8475516,
            23.5834725
          ],
          [
            115.8473367,
            23.5830274
          ],
          [
            115.8445476,
            23.5819755
          ],
          [
            115.8444021,
            23.5809719
          ],
          [
            115.845073,
            23.5793628
          ],
          [
            115.8449813,
            23.5784701
          ],
          [
            115.8455535,
            23.5774945
          ],
          [
            115.8444358,
            23.5762994
          ],
          [
            115.8423999,
            23.5762628
          ],
          [
            115.8405743,
            23.5740731
          ],
          [
            115.839474,
            23.5734404
          ],
          [
            115.8402733,
            23.5722621
          ],
          [
            115.8413951,
            23.5712042
          ],
          [
            115.8434635,
            23.5690722
          ],
          [
            115.8443417,
            23.5682306
          ],
          [
            115.8443794,
            23.5659788
          ],
          [
            115.8453991,
            23.5645293
          ],
          [
            115.8450149,
            23.5638655
          ],
          [
            115.8432097,
            23.564592
          ],
          [
            115.8423599,
            23.5642999
          ],
          [
            115.8420413,
            23.5635291
          ],
          [
            115.8407312,
            23.5636508
          ],
          [
            115.8396641,
            23.5631001
          ],
          [
            115.8375522,
            23.5628675
          ],
          [
            115.8367972,
            23.5617502
          ],
          [
            115.837768,
            23.5600693
          ],
          [
            115.8403335,
            23.5581891
          ],
          [
            115.8409323,
            23.5572987
          ],
          [
            115.8406225,
            23.5539772
          ],
          [
            115.8406499,
            23.5528409
          ],
          [
            115.8412753,
            23.552231
          ],
          [
            115.8439757,
            23.5446441
          ],
          [
            115.8432756,
            23.5429616
          ],
          [
            115.8410136,
            23.5417295
          ],
          [
            115.8376604,
            23.5420101
          ],
          [
            115.8371474,
            23.5414531
          ],
          [
            115.8366151,
            23.5390865
          ],
          [
            115.8353163,
            23.5378579
          ],
          [
            115.8341327,
            23.5374022
          ],
          [
            115.8329018,
            23.5378145
          ],
          [
            115.8318043,
            23.5375883
          ],
          [
            115.8307864,
            23.5367854
          ],
          [
            115.8306166,
            23.5365272
          ],
          [
            115.8311563,
            23.5363045
          ],
          [
            115.8311473,
            23.5358757
          ],
          [
            115.8302298,
            23.5358674
          ],
          [
            115.8301849,
            23.5356365
          ],
          [
            115.8294653,
            23.5353809
          ],
          [
            115.8287097,
            23.5353891
          ],
          [
            115.8264801,
            23.5333051
          ],
          [
            115.8236387,
            23.5324897
          ],
          [
            115.8205791,
            23.5313882
          ],
          [
            115.8199802,
            23.5306991
          ],
          [
            115.8199597,
            23.5300475
          ],
          [
            115.819438,
            23.5290909
          ],
          [
            115.8194929,
            23.5288203
          ],
          [
            115.8166992,
            23.5287762
          ],
          [
            115.8149593,
            23.52775
          ],
          [
            115.8140282,
            23.526713
          ],
          [
            115.812262,
            23.5255629
          ],
          [
            115.8114823,
            23.5241793
          ],
          [
            115.8109867,
            23.522346
          ],
          [
            115.8094843,
            23.5205669
          ],
          [
            115.8071659,
            23.5196193
          ],
          [
            115.8046826,
            23.5161253
          ],
          [
            115.8049927,
            23.5153512
          ],
          [
            115.8042346,
            23.5146245
          ],
          [
            115.8029253,
            23.5142454
          ],
          [
            115.8005133,
            23.5147193
          ],
          [
            115.7999922,
            23.5131372
          ],
          [
            115.798877,
            23.5128772
          ],
          [
            115.7981208,
            23.5107104
          ],
          [
            115.8027972,
            23.5037885
          ],
          [
            115.794301,
            23.4948265
          ],
          [
            115.7987838,
            23.4874534
          ],
          [
            115.8054514,
            23.486718
          ],
          [
            115.8092494,
            23.4866406
          ],
          [
            115.8107686,
            23.4847828
          ],
          [
            115.8104719,
            23.4820046
          ],
          [
            115.8113078,
            23.4790773
          ],
          [
            115.81013,
            23.478206
          ],
          [
            115.8088761,
            23.4762196
          ],
          [
            115.809408,
            23.4740588
          ],
          [
            115.8140058,
            23.4710755
          ],
          [
            115.8266212,
            23.4333127
          ],
          [
            115.83533927,
            23.4252741
          ]
        ]
      }
    },
    {
      "type": "Feature",
      "properties": {
        "name": "源-洪阳河-南河"
      },
      "geometry": {
        "type": "LineString",
        "coordinates": [
          [
            116.2321163,
            23.3817935
          ],
          [
            116.2261509,
            23.3824955
          ],
          [
            116.2170499,
            23.3871987
          ],
          [
            116.1945649,
            23.395271
          ],
          [
            116.1963773,
            23.4103215
          ],
          [
            116.1965909,
            23.4111207
          ],
          [
            116.1975112,
            23.411362
          ],
          [
            116.1975769,
            23.4125231
          ],
          [
            116.1970839,
            23.4136843
          ],
          [
            116.1984149,
            23.4148756
          ],
          [
            116.1983778,
            23.4155528
          ],
          [
            116.1988246,
            23.4164798
          ],
          [
            116.2000678,
            23.4176207
          ],
          [
            116.2000678,
            23.4188863
          ],
          [
            116.2002427,
            23.419225
          ],
          [
            116.1999319,
            23.4195815
          ],
          [
            116.2000484,
            23.4204015
          ],
          [
            116.1998542,
            23.4207046
          ],
          [
            116.2000873,
            23.4211858
          ],
          [
            116.1998671,
            23.4228044
          ],
          [
            116.2000792,
            23.4239526
          ],
          [
            116.2004398,
            23.4242932
          ],
          [
            116.2010018,
            23.4242153
          ],
          [
            116.2017123,
            23.4238456
          ],
          [
            116.2021576,
            23.4237969
          ],
          [
            116.2023803,
            23.4240888
          ],
          [
            116.2023284,
            23.4244729
          ],
          [
            116.2022596,
            23.4248709
          ],
          [
            116.2023422,
            23.4253637
          ],
          [
            116.2029756,
            23.4264502
          ],
          [
            116.2029489,
            23.4267587
          ],
          [
            116.202725,
            23.4276128
          ],
          [
            116.2027352,
            23.4278135
          ],
          [
            116.2033716,
            23.4287989
          ],
          [
            116.2036174,
            23.4289975
          ],
          [
            116.2037897,
            23.4290917
          ],
          [
            116.2041749,
            23.4291556
          ],
          [
            116.2045233,
            23.4290547
          ],
          [
            116.2049194,
            23.4290513
          ],
          [
            116.2050278,
            23.4291665
          ],
          [
            116.205076,
            23.4293545
          ],
          [
            116.2051348,
            23.4301295
          ],
          [
            116.2050873,
            23.4302686
          ],
          [
            116.2049148,
            23.4303996
          ],
          [
            116.2042584,
            23.4306816
          ],
          [
            116.2039735,
            23.4308191
          ],
          [
            116.2038763,
            23.4309916
          ],
          [
            116.2038358,
            23.4311067
          ],
          [
            116.2037785,
            23.4316342
          ],
          [
            116.2037326,
            23.431832
          ],
          [
            116.2035806,
            23.4320329
          ],
          [
            116.2035151,
            23.4321684
          ],
          [
            116.2035111,
            23.4322965
          ],
          [
            116.2035914,
            23.4324219
          ],
          [
            116.2038401,
            23.4325301
          ],
          [
            116.2039694,
            23.4326087
          ],
          [
            116.2041252,
            23.4328717
          ],
          [
            116.2042197,
            23.4332619
          ],
          [
            116.2046218,
            23.4342492
          ],
          [
            116.2046541,
            23.4349553
          ],
          [
            116.2045702,
            23.435139
          ],
          [
            116.2039103,
            23.435405
          ],
          [
            116.2035348,
            23.4358152
          ],
          [
            116.2033645,
            23.436172
          ],
          [
            116.2032751,
            23.4364625
          ],
          [
            116.2031406,
            23.4373318
          ],
          [
            116.2031351,
            23.4395849
          ],
          [
            116.2033263,
            23.4404546
          ],
          [
            116.2040089,
            23.4414632
          ],
          [
            116.2043595,
            23.441624
          ],
          [
            116.2049527,
            23.4416364
          ],
          [
            116.2053302,
            23.4415312
          ],
          [
            116.2055392,
            23.4415745
          ],
          [
            116.2058425,
            23.4420384
          ],
          [
            116.207606,
            23.4437543
          ],
          [
            116.2085402,
            23.4444684
          ],
          [
            116.2096807,
            23.4443413
          ],
          [
            116.2108195,
            23.4446692
          ],
          [
            116.2122796,
            23.4461971
          ],
          [
            116.214103,
            23.4494798
          ],
          [
            116.21531,
            23.4516995
          ],
          [
            116.2179182,
            23.452821
          ],
          [
            116.2238061,
            23.457878
          ],
          [
            116.2271765,
            23.4589951
          ],
          [
            116.2299966,
            23.4615243
          ],
          [
            116.2363134,
            23.4629043
          ],
          [
            116.2381254,
            23.4652574
          ],
          [
            116.2401722,
            23.4656181
          ],
          [
            116.2422896,
            23.4668133
          ],
          [
            116.2486109,
            23.4733613
          ],
          [
            116.2502862,
            23.4740747
          ],
          [
            116.2513683,
            23.4755393
          ],
          [
            116.253987,
            23.4776413
          ],
          [
            116.2571321,
            23.4786261
          ],
          [
            116.2575402,
            23.4808664
          ],
          [
            116.2606082,
            23.4839045
          ],
          [
            116.2611402,
            23.4865319
          ],
          [
            116.2598294,
            23.4890821
          ],
          [
            116.2573953,
            23.4905762
          ],
          [
            116.2564946,
            23.4946014
          ],
          [
            116.2595614,
            23.5003286
          ],
          [
            116.2696728,
            23.511972
          ],
          [
            116.270614,
            23.5130075
          ],
          [
            116.2713464,
            23.5169647
          ],
          [
            116.2738563,
            23.5209138
          ],
          [
            116.284053,
            23.5262567
          ],
          [
            116.2897055,
            23.5285586
          ],
          [
            116.2951817,
            23.5298857
          ],
          [
            116.2982697,
            23.5295319
          ],
          [
            116.3009125,
            23.5307124
          ],
          [
            116.30350195,
            23.53333999
          ]
        ]
      }
    },
    {
      "type": "Feature",
      "properties": {
        "name": "源-潮水溪-南河"
      },
      "geometry": {
        "type": "LineString",
        "coordinates": [
          [
            116.3496923,
            23.4710333
          ],
          [
            116.3499274,
            23.470267
          ],
          [
            116.351491,
            23.469941
          ],
          [
            116.3520725,
            23.47035
          ],
          [
            116.3535389,
            23.4694848
          ],
          [
            116.3542623,
            23.4688498
          ],
          [
            116.3543262,
            23.4678423
          ],
          [
            116.3551945,
            23.4669965
          ],
          [
            116.3558586,
            23.466229
          ],
          [
            116.3564951,
            23.4660132
          ],
          [
            116.3573807,
            23.4661021
          ],
          [
            116.3617865,
            23.4659395
          ],
          [
            116.3625476,
            23.4661641
          ],
          [
            116.3631536,
            23.4661719
          ],
          [
            116.3638108,
            23.4659527
          ],
          [
            116.3650483,
            23.4650524
          ],
          [
            116.3655323,
            23.4649426
          ],
          [
            116.3666243,
            23.4650316
          ],
          [
            116.3671148,
            23.4648355
          ],
          [
            116.3672826,
            23.4644104
          ],
          [
            116.3673148,
            23.4633525
          ],
          [
            116.3674345,
            23.4630632
          ],
          [
            116.3676982,
            23.4628176
          ],
          [
            116.3685932,
            23.4625977
          ],
          [
            116.3694273,
            23.4629022
          ],
          [
            116.3702406,
            23.4629658
          ],
          [
            116.3716,
            23.4629356
          ],
          [
            116.3725575,
            23.4631905
          ],
          [
            116.3732908,
            23.4633559
          ],
          [
            116.3737823,
            23.4632039
          ],
          [
            116.374012,
            23.4628707
          ],
          [
            116.3742524,
            23.4617337
          ],
          [
            116.3749199,
            23.4609836
          ],
          [
            116.3761576,
            23.4595279
          ],
          [
            116.3772705,
            23.458507
          ],
          [
            116.3778672,
            23.457415
          ],
          [
            116.3784939,
            23.4571094
          ],
          [
            116.380763,
            23.4564907
          ],
          [
            116.3820534,
            23.4560494
          ],
          [
            116.3834403,
            23.456123
          ],
          [
            116.3853515,
            23.4557606
          ],
          [
            116.3861639,
            23.4557902
          ],
          [
            116.3873195,
            23.4556428
          ],
          [
            116.3884115,
            23.4555058
          ],
          [
            116.3892344,
            23.4556309
          ],
          [
            116.3897025,
            23.4558997
          ],
          [
            116.3905519,
            23.4566834
          ],
          [
            116.3923555,
            23.45763
          ],
          [
            116.3937679,
            23.4581946
          ],
          [
            116.3961488,
            23.4580684
          ],
          [
            116.3982448,
            23.4581139
          ],
          [
            116.3989639,
            23.4582356
          ],
          [
            116.4001578,
            23.4587196
          ],
          [
            116.402068,
            23.4592645
          ],
          [
            116.4033172,
            23.4599342
          ],
          [
            116.4044365,
            23.4616158
          ],
          [
            116.404958,
            23.4636608
          ],
          [
            116.4047697,
            23.4654766
          ],
          [
            116.4050698,
            23.4664255
          ],
          [
            116.4052417,
            23.4671602
          ],
          [
            116.4053001,
            23.4679507
          ],
          [
            116.405563,
            23.468768
          ],
          [
            116.4062349,
            23.4694379
          ],
          [
            116.4071017,
            23.4705004
          ],
          [
            116.4099061,
            23.4703932
          ],
          [
            116.4119073,
            23.4703262
          ],
          [
            116.414069,
            23.4710095
          ],
          [
            116.41646213,
            23.47257264
          ]
        ]
      }
    },
    {
      "type": "Feature",
      "properties": {
        "name": "源-火烧溪-南河"
      },
      "geometry": {
        "type": "LineString",
        "coordinates": [
          [
            116.0134358,
            23.3345993
          ],
          [
            116.0141479,
            23.3353736
          ],
          [
            116.0161906,
            23.3378342
          ],
          [
            116.0166992,
            23.3384824
          ],
          [
            116.0199124,
            23.3412628
          ],
          [
            116.0227163,
            23.3432918
          ],
          [
            116.0242368,
            23.3437167
          ],
          [
            116.0256251,
            23.3434739
          ],
          [
            116.0281481,
            23.343529
          ],
          [
            116.0295474,
            23.3433075
          ],
          [
            116.0314041,
            23.3433889
          ],
          [
            116.0330673,
            23.3438617
          ],
          [
            116.0337524,
            23.3443823
          ],
          [
            116.0352327,
            23.3451794
          ],
          [
            116.0369811,
            23.3459189
          ],
          [
            116.0384752,
            23.347418
          ],
          [
            116.0395686,
            23.3486909
          ],
          [
            116.0414314,
            23.3509924
          ],
          [
            116.0436117,
            23.3537778
          ],
          [
            116.0436602,
            23.3541213
          ],
          [
            116.0435218,
            23.3552013
          ],
          [
            116.0436135,
            23.3564261
          ],
          [
            116.0439872,
            23.3575145
          ],
          [
            116.0440559,
            23.3579001
          ],
          [
            116.044305,
            23.358499
          ],
          [
            116.0452361,
            23.3595878
          ],
          [
            116.0457527,
            23.3606093
          ],
          [
            116.0458451,
            23.3614482
          ],
          [
            116.0459491,
            23.3632612
          ],
          [
            116.046118,
            23.3636957
          ],
          [
            116.0473357,
            23.3653743
          ],
          [
            116.0494151,
            23.3686198
          ],
          [
            116.05023021,
            23.37066906
          ]
        ]
      }
    },
    {
      "type": "Feature",
      "properties": {
        "name": "源-灰寨水-五经富河"
      },
      "geometry": {
        "type": "LineString",
        "coordinates": [
          [
            115.9455226,
            23.5174805
          ],
          [
            115.9456969,
            23.5172657
          ],
          [
            115.9459224,
            23.5167116
          ],
          [
            115.9462619,
            23.5158244
          ],
          [
            115.9467779,
            23.5150026
          ],
          [
            115.947718,
            23.5144129
          ],
          [
            115.9480054,
            23.5136518
          ],
          [
            115.948097,
            23.5127322
          ],
          [
            115.9478796,
            23.5112916
          ],
          [
            115.9474989,
            23.5106688
          ],
          [
            115.9473882,
            23.5098443
          ],
          [
            115.94736,
            23.5093439
          ],
          [
            115.9472418,
            23.5089734
          ],
          [
            115.9467261,
            23.5084001
          ],
          [
            115.9464925,
            23.5076862
          ],
          [
            115.9468835,
            23.5065194
          ],
          [
            115.9480218,
            23.5052963
          ],
          [
            115.9488962,
            23.5055483
          ],
          [
            115.9512529,
            23.5052456
          ],
          [
            115.9543171,
            23.505287
          ],
          [
            115.9549749,
            23.5054477
          ],
          [
            115.9563647,
            23.505359
          ],
          [
            115.9578082,
            23.5063426
          ],
          [
            115.9584157,
            23.506919
          ],
          [
            115.95933,
            23.507192
          ],
          [
            115.9600261,
            23.5072095
          ],
          [
            115.9605542,
            23.5069389
          ],
          [
            115.961285,
            23.5069339
          ],
          [
            115.9627113,
            23.5064988
          ],
          [
            115.9633109,
            23.5062609
          ],
          [
            115.9650877,
            23.5051464
          ],
          [
            115.965846,
            23.5051267
          ],
          [
            115.9672744,
            23.5058117
          ],
          [
            115.968205,
            23.5068547
          ],
          [
            115.9694975,
            23.5069258
          ],
          [
            115.971126,
            23.5064754
          ],
          [
            115.9724184,
            23.5055272
          ],
          [
            115.9729096,
            23.5040101
          ],
          [
            115.9736333,
            23.5034886
          ],
          [
            115.9765801,
            23.5031568
          ],
          [
            115.9778468,
            23.503702
          ],
          [
            115.978312,
            23.5049109
          ],
          [
            115.9797337,
            23.5053376
          ],
          [
            115.9829352,
            23.5082732
          ],
          [
            115.9869545,
            23.5070095
          ],
          [
            115.987012,
            23.5055352
          ],
          [
            115.9864378,
            23.5037186
          ],
          [
            115.9872703,
            23.5018493
          ],
          [
            115.9905737,
            23.5002491
          ],
          [
            115.9933027,
            23.496848
          ],
          [
            115.9945046,
            23.4934895
          ],
          [
            115.9983923,
            23.4920943
          ],
          [
            116.0010968,
            23.4885288
          ],
          [
            116.0053789,
            23.4879603
          ],
          [
            116.0072633,
            23.486498
          ],
          [
            116.0098375,
            23.4856307
          ],
          [
            116.0107831,
            23.4789813
          ],
          [
            116.0124117,
            23.4772948
          ],
          [
            116.0137776,
            23.4687656
          ],
          [
            116.0172436,
            23.4603433
          ],
          [
            116.0252203,
            23.4574163
          ],
          [
            116.03107,
            23.4570261
          ],
          [
            116.0335388,
            23.4535476
          ],
          [
            116.0331134,
            23.4506692
          ],
          [
            116.035111,
            23.4491717
          ],
          [
            116.0362997,
            23.4476942
          ],
          [
            116.0362997,
            23.4460759
          ],
          [
            116.0385621,
            23.4449854
          ],
          [
            116.0396031,
            23.444472
          ],
          [
            116.0406064,
            23.4434392
          ],
          [
            116.0414017,
            23.4435964
          ],
          [
            116.0446563,
            23.4430015
          ],
          [
            116.0458299,
            23.4412444
          ],
          [
            116.0486679,
            23.4415414
          ],
          [
            116.0495143,
            23.4420438
          ],
          [
            116.0510329,
            23.4444648
          ],
          [
            116.0529996,
            23.4455155
          ],
          [
            116.0544594,
            23.4457742
          ],
          [
            116.056409,
            23.4446267
          ],
          [
            116.0583035,
            23.4437661
          ],
          [
            116.0602339,
            23.4435202
          ],
          [
            116.0610493,
            23.4432101
          ],
          [
            116.0617501,
            23.4432101
          ],
          [
            116.0636735,
            23.4444549
          ],
          [
            116.0655821,
            23.4450158
          ],
          [
            116.066924,
            23.4449064
          ],
          [
            116.0677292,
            23.4454809
          ],
          [
            116.0699379,
            23.4455212
          ],
          [
            116.0726704,
            23.4452477
          ],
          [
            116.0749557,
            23.445901
          ],
          [
            116.076115,
            23.446296
          ],
          [
            116.0759297,
            23.4504594
          ],
          [
            116.0745467,
            23.452997
          ],
          [
            116.0719465,
            23.4551286
          ],
          [
            116.0706741,
            23.4583513
          ],
          [
            116.0705911,
            23.4596708
          ],
          [
            116.0739796,
            23.4634375
          ],
          [
            116.0745455,
            23.4653785
          ],
          [
            116.0759971,
            23.4657621
          ],
          [
            116.0758327,
            23.4670448
          ],
          [
            116.0775303,
            23.4683318
          ],
          [
            116.080042,
            23.4688085
          ],
          [
            116.0807869,
            23.4679346
          ],
          [
            116.0814278,
            23.4679663
          ],
          [
            116.0824498,
            23.4695235
          ],
          [
            116.0854239,
            23.4705349
          ],
          [
            116.0871866,
            23.4701895
          ],
          [
            116.0888294,
            23.4694518
          ],
          [
            116.0947233,
            23.4699408
          ],
          [
            116.09992,
            23.470624
          ],
          [
            116.103322,
            23.4709736
          ],
          [
            116.1056605,
            23.4703857
          ],
          [
            116.1071502,
            23.4703221
          ],
          [
            116.1090809,
            23.4714902
          ],
          [
            116.11248098,
            23.47403907
          ]
        ]
      }
    },
    {
      "type": "Feature",
      "properties": {
        "name": "源-石肚河-南河"
      },
      "geometry": {
        "type": "LineString",
        "coordinates": [
          [
            115.8178334,
            23.2873602
          ],
          [
            115.8191256,
            23.2872491
          ],
          [
            115.8202233,
            23.2864143
          ],
          [
            115.8215514,
            23.2874262
          ],
          [
            115.8231455,
            23.2866835
          ],
          [
            115.8250502,
            23.2870121
          ],
          [
            115.8267244,
            23.2856888
          ],
          [
            115.8272854,
            23.2841316
          ],
          [
            115.8287989,
            23.2832994
          ],
          [
            115.829716,
            23.2838825
          ],
          [
            115.8312736,
            23.2847055
          ],
          [
            115.833634,
            23.2843916
          ],
          [
            115.8346608,
            23.2842545
          ],
          [
            115.8361419,
            23.2854465
          ],
          [
            115.8387835,
            23.2853407
          ],
          [
            115.8408879,
            23.285579
          ],
          [
            115.842079,
            23.2863643
          ],
          [
            115.8428407,
            23.284965
          ],
          [
            115.8437857,
            23.284343
          ],
          [
            115.844761,
            23.2843289
          ],
          [
            115.8455932,
            23.2838106
          ],
          [
            115.8458597,
            23.2831531
          ],
          [
            115.8462417,
            23.2821433
          ],
          [
            115.846781,
            23.2814378
          ],
          [
            115.8472465,
            23.2808936
          ],
          [
            115.8479517,
            23.2808547
          ],
          [
            115.8475427,
            23.2816451
          ],
          [
            115.8475427,
            23.2821763
          ],
          [
            115.8477402,
            23.2829278
          ],
          [
            115.8474446,
            23.2838722
          ],
          [
            115.8467046,
            23.2848321
          ],
          [
            115.8462456,
            23.2865406
          ],
          [
            115.847628,
            23.2872402
          ],
          [
            115.8482137,
            23.2887456
          ],
          [
            115.848299,
            23.2895501
          ],
          [
            115.8487927,
            23.2900165
          ],
          [
            115.8488848,
            23.2911874
          ],
          [
            115.8489412,
            23.2935083
          ],
          [
            115.8480684,
            23.2954773
          ],
          [
            115.8472603,
            23.2962468
          ],
          [
            115.8470205,
            23.2975294
          ],
          [
            115.8459725,
            23.2990296
          ],
          [
            115.8462745,
            23.2999599
          ],
          [
            115.8455032,
            23.3009287
          ],
          [
            115.844403,
            23.3011619
          ],
          [
            115.8439234,
            23.3017449
          ],
          [
            115.8427704,
            23.3019599
          ],
          [
            115.8407251,
            23.3031259
          ],
          [
            115.8401728,
            23.3041304
          ],
          [
            115.8386568,
            23.3044282
          ],
          [
            115.8375988,
            23.3058661
          ],
          [
            115.836766,
            23.3063657
          ],
          [
            115.8367228,
            23.3078869
          ],
          [
            115.8384296,
            23.3088715
          ],
          [
            115.8377173,
            23.31021
          ],
          [
            115.8352686,
            23.3118833
          ],
          [
            115.8350006,
            23.3132175
          ],
          [
            115.8330627,
            23.3151683
          ],
          [
            115.8339561,
            23.3174
          ],
          [
            115.8328499,
            23.3202506
          ],
          [
            115.8315686,
            23.3219856
          ],
          [
            115.8317807,
            23.3231902
          ],
          [
            115.8311071,
            23.3245373
          ],
          [
            115.8310823,
            23.3261671
          ],
          [
            115.8340701,
            23.3305791
          ],
          [
            115.8381325,
            23.3329882
          ],
          [
            115.8398231,
            23.3328832
          ],
          [
            115.8425678,
            23.33453
          ],
          [
            115.845371,
            23.3359963
          ],
          [
            115.844694,
            23.3377707
          ],
          [
            115.8451492,
            23.3389574
          ],
          [
            115.8458544,
            23.3403173
          ],
          [
            115.8474095,
            23.3411624
          ],
          [
            115.8478327,
            23.3426907
          ],
          [
            115.8489048,
            23.3436879
          ],
          [
            115.8514156,
            23.3430792
          ],
          [
            115.8540251,
            23.3440764
          ],
          [
            115.8577491,
            23.3501901
          ],
          [
            115.8641052,
            23.3545699
          ],
          [
            115.8661427,
            23.3556764
          ],
          [
            115.8682162,
            23.3563498
          ],
          [
            115.8691893,
            23.3575553
          ],
          [
            115.8698264,
            23.3597502
          ],
          [
            115.8712752,
            23.3632265
          ],
          [
            115.8741153,
            23.3632036
          ],
          [
            115.8763017,
            23.3630093
          ],
          [
            115.8760901,
            23.3639676
          ],
          [
            115.8753425,
            23.364861
          ],
          [
            115.8751163,
            23.3669801
          ],
          [
            115.8767949,
            23.3691567
          ],
          [
            115.8754971,
            23.3710989
          ],
          [
            115.8752714,
            23.372351
          ],
          [
            115.8759485,
            23.3727654
          ],
          [
            115.8760745,
            23.373712
          ],
          [
            115.8750307,
            23.3746442
          ],
          [
            115.8756949,
            23.3756103
          ],
          [
            115.8764001,
            23.3773583
          ],
          [
            115.8773337,
            23.3782577
          ],
          [
            115.8776723,
            23.3788533
          ],
          [
            115.8776975,
            23.3794954
          ],
          [
            115.8787585,
            23.3816827
          ],
          [
            115.8782116,
            23.3825148
          ],
          [
            115.8794247,
            23.3837707
          ],
          [
            115.8811314,
            23.3885229
          ],
          [
            115.8815828,
            23.390439
          ],
          [
            115.8838705,
            23.3915678
          ],
          [
            115.8842113,
            23.3925658
          ],
          [
            115.8852975,
            23.3932261
          ],
          [
            115.8872292,
            23.3953513
          ],
          [
            115.89103,
            23.3981261
          ],
          [
            115.8939815,
            23.4002321
          ],
          [
            115.8969782,
            23.4023695
          ],
          [
            115.8996165,
            23.4046728
          ],
          [
            115.9027405,
            23.4066573
          ],
          [
            115.9033592,
            23.4081101
          ],
          [
            115.9039251,
            23.4095383
          ],
          [
            115.90666271,
            23.41269314
          ]
        ]
      }
    },
    {
      "type": "Feature",
      "properties": {
        "name": "源-粗坑河-五经富河"
      },
      "geometry": {
        "type": "LineString",
        "coordinates": [
          [
            115.9944007,
            23.5646786
          ],
          [
            115.9948521,
            23.5632222
          ],
          [
            115.9975243,
            23.5616665
          ],
          [
            115.9976688,
            23.562643
          ],
          [
            115.9987702,
            23.5639173
          ],
          [
            116.000323,
            23.5640663
          ],
          [
            116.0009007,
            23.5632222
          ],
          [
            115.999673,
            23.5614017
          ],
          [
            116.0002507,
            23.5613024
          ],
          [
            116.002616,
            23.5621299
          ],
          [
            116.003898,
            23.5619975
          ],
          [
            116.0044216,
            23.5613355
          ],
          [
            116.0053732,
            23.5607836
          ],
          [
            116.0060055,
            23.5589518
          ],
          [
            116.0063365,
            23.5587784
          ],
          [
            116.0078595,
            23.560131
          ],
          [
            116.0095433,
            23.5609981
          ],
          [
            116.0107068,
            23.5591512
          ],
          [
            116.0132369,
            23.5580152
          ],
          [
            116.0130856,
            23.5557867
          ],
          [
            116.0150936,
            23.5544529
          ],
          [
            116.0157923,
            23.5529018
          ],
          [
            116.0164733,
            23.5515109
          ],
          [
            116.0226753,
            23.5426109
          ],
          [
            116.0229019,
            23.5415028
          ],
          [
            116.0264524,
            23.5413297
          ],
          [
            116.027359,
            23.5403947
          ],
          [
            116.0276989,
            23.5356505
          ],
          [
            116.0291248,
            23.5335355
          ],
          [
            116.0313314,
            23.5321867
          ],
          [
            116.0345328,
            23.5317858
          ],
          [
            116.0394828,
            23.5333714
          ],
          [
            116.0405364,
            23.5332621
          ],
          [
            116.0409737,
            23.5316946
          ],
          [
            116.0397611,
            23.5310385
          ],
          [
            116.0396531,
            23.5300472
          ],
          [
            116.0396766,
            23.5289903
          ],
          [
            116.0389003,
            23.5278363
          ],
          [
            116.0390162,
            23.5272704
          ],
          [
            116.037846,
            23.5261746
          ],
          [
            116.037734,
            23.5257181
          ],
          [
            116.0390909,
            23.5242456
          ],
          [
            116.0414438,
            23.5242
          ],
          [
            116.0425766,
            23.5244853
          ],
          [
            116.0432613,
            23.5244054
          ],
          [
            116.0452905,
            23.5236064
          ],
          [
            116.0465781,
            23.5235393
          ],
          [
            116.047887,
            23.5220793
          ],
          [
            116.0501405,
            23.521671
          ],
          [
            116.0510041,
            23.5216339
          ],
          [
            116.0529686,
            23.5212476
          ],
          [
            116.0550584,
            23.5210973
          ],
          [
            116.0581044,
            23.5222997
          ],
          [
            116.058633,
            23.5233164
          ],
          [
            116.0596301,
            23.5237923
          ],
          [
            116.06115365,
            23.52356954
          ]
        ]
      }
    },
    {
      "type": "Feature",
      "properties": {
        "name": "源-西门溪-南河"
      },
      "geometry": {
        "type": "LineString",
        "coordinates": [
          [
            115.9384457,
            23.3357147
          ],
          [
            115.9391363,
            23.3357761
          ],
          [
            115.9393591,
            23.3363489
          ],
          [
            115.9402503,
            23.3364307
          ],
          [
            115.9425227,
            23.3382717
          ],
          [
            115.9456195,
            23.3384354
          ],
          [
            115.9480256,
            23.341156
          ],
          [
            115.9494069,
            23.3409924
          ],
          [
            115.9507659,
            23.3400514
          ],
          [
            115.9529492,
            23.3404605
          ],
          [
            115.9555727,
            23.3395322
          ],
          [
            115.9583353,
            23.3412505
          ],
          [
            115.9602958,
            23.3421301
          ],
          [
            115.9625266,
            23.3411347
          ],
          [
            115.9648031,
            23.3411574
          ],
          [
            115.9655702,
            23.3414528
          ],
          [
            115.9662135,
            23.3439064
          ],
          [
            115.9672442,
            23.3446811
          ],
          [
            115.9688483,
            23.3449675
          ],
          [
            115.9703034,
            23.3446996
          ],
          [
            115.9715625,
            23.3441485
          ],
          [
            115.9728656,
            23.3441082
          ],
          [
            115.973491,
            23.3437704
          ],
          [
            115.9747988,
            23.3425154
          ],
          [
            115.9753495,
            23.3424342
          ],
          [
            115.9779077,
            23.3430486
          ],
          [
            115.9794926,
            23.3429607
          ],
          [
            115.9815043,
            23.3430892
          ],
          [
            115.9836616,
            23.3439513
          ],
          [
            115.9851689,
            23.344288
          ],
          [
            115.9862714,
            23.3442229
          ],
          [
            115.9887412,
            23.3453651
          ],
          [
            115.9892453,
            23.3456832
          ],
          [
            115.9916795,
            23.3462085
          ],
          [
            115.9970398,
            23.3471287
          ],
          [
            116.0004628,
            23.35044
          ],
          [
            116.0012312,
            23.3511097
          ],
          [
            116.0022456,
            23.3516041
          ],
          [
            116.0059604,
            23.3552979
          ],
          [
            116.0067711,
            23.3553736
          ],
          [
            116.0091491,
            23.3550497
          ],
          [
            116.0114534,
            23.3564215
          ],
          [
            116.0120063,
            23.3567873
          ],
          [
            116.0122502,
            23.3573173
          ],
          [
            116.0136848,
            23.3588132
          ],
          [
            116.0171132,
            23.3608831
          ],
          [
            116.0189034,
            23.3628553
          ],
          [
            116.0201124,
            23.3654431
          ],
          [
            116.0218481,
            23.3698482
          ],
          [
            116.0234495,
            23.3716593
          ],
          [
            116.02613276,
            23.37359429
          ]
        ]
      }
    },
    {
      "type": "Feature",
      "properties": {
        "name": "源-车田水-枫江"
      },
      "geometry": {
        "type": "LineString",
        "coordinates": [
          [
            116.3656645,
            23.6331475
          ],
          [
            116.3660145,
            23.632249
          ],
          [
            116.3661571,
            23.6320068
          ],
          [
            116.3662741,
            23.6315465
          ],
          [
            116.3663328,
            23.6313126
          ],
          [
            116.3664414,
            23.6311889
          ],
          [
            116.3665611,
            23.6309387
          ],
          [
            116.3668482,
            23.6304782
          ],
          [
            116.3668863,
            23.6301447
          ],
          [
            116.3670877,
            23.6295031
          ],
          [
            116.3670461,
            23.6293736
          ],
          [
            116.3671248,
            23.6288361
          ],
          [
            116.3676093,
            23.6282901
          ],
          [
            116.367644,
            23.628126
          ],
          [
            116.3678036,
            23.6281171
          ],
          [
            116.3681907,
            23.6276333
          ],
          [
            116.3684162,
            23.6274635
          ],
          [
            116.3686913,
            23.6269665
          ],
          [
            116.3689682,
            23.6265431
          ],
          [
            116.3689915,
            23.6264338
          ],
          [
            116.3693074,
            23.6261741
          ],
          [
            116.3695844,
            23.6259844
          ],
          [
            116.3698562,
            23.6259204
          ],
          [
            116.3704007,
            23.6254551
          ],
          [
            116.3711332,
            23.6251636
          ],
          [
            116.3723962,
            23.6246624
          ],
          [
            116.3727173,
            23.624603
          ],
          [
            116.3730804,
            23.6243842
          ],
          [
            116.3733436,
            23.6243663
          ],
          [
            116.3738282,
            23.6241715
          ],
          [
            116.3740566,
            23.6240643
          ],
          [
            116.3743162,
            23.6240535
          ],
          [
            116.3753563,
            23.623709
          ],
          [
            116.3763491,
            23.6234351
          ],
          [
            116.3772645,
            23.6231719
          ],
          [
            116.3776002,
            23.6229195
          ],
          [
            116.3780405,
            23.6224903
          ],
          [
            116.3790865,
            23.6219123
          ],
          [
            116.3799918,
            23.6204785
          ],
          [
            116.3803051,
            23.6186955
          ],
          [
            116.3805519,
            23.6159209
          ],
          [
            116.3806993,
            23.6143053
          ],
          [
            116.3813304,
            23.6129938
          ],
          [
            116.3823958,
            23.6122449
          ],
          [
            116.3830961,
            23.6119628
          ],
          [
            116.3837271,
            23.6118923
          ],
          [
            116.3842756,
            23.6114158
          ],
          [
            116.3845797,
            23.6104475
          ],
          [
            116.3851726,
            23.6097879
          ],
          [
            116.3862748,
            23.6094038
          ],
          [
            116.3884781,
            23.6084562
          ],
          [
            116.3906428,
            23.6077398
          ],
          [
            116.392702,
            23.6070237
          ],
          [
            116.3940641,
            23.6066617
          ],
          [
            116.3948433,
            23.6066247
          ],
          [
            116.3955901,
            23.6068183
          ],
          [
            116.3964596,
            23.6071496
          ],
          [
            116.3969013,
            23.6074476
          ],
          [
            116.3981828,
            23.6070264
          ],
          [
            116.3988833,
            23.6067411
          ],
          [
            116.3993362,
            23.6068102
          ],
          [
            116.399741,
            23.6070343
          ],
          [
            116.4003393,
            23.6076469
          ],
          [
            116.4019571,
            23.60813
          ],
          [
            116.4053895,
            23.6104564
          ],
          [
            116.4066107,
            23.611248
          ],
          [
            116.4074041,
            23.6114227
          ],
          [
            116.4085255,
            23.6121217
          ],
          [
            116.4100379,
            23.6128742
          ],
          [
            116.4111565,
            23.6130352
          ],
          [
            116.4126032,
            23.6128991
          ],
          [
            116.4141495,
            23.612484
          ],
          [
            116.4152354,
            23.6121629
          ],
          [
            116.4164442,
            23.6119548
          ],
          [
            116.4172999,
            23.6118066
          ],
          [
            116.4195688,
            23.6086343
          ],
          [
            116.4211178,
            23.6080321
          ],
          [
            116.4226816,
            23.6077229
          ],
          [
            116.4248668,
            23.6055076
          ],
          [
            116.4271914,
            23.6048046
          ],
          [
            116.4282805,
            23.6032346
          ],
          [
            116.4284319,
            23.6027182
          ],
          [
            116.4296009,
            23.6016162
          ],
          [
            116.4296934,
            23.6009842
          ],
          [
            116.4288104,
            23.6000517
          ],
          [
            116.4288539,
            23.5993885
          ],
          [
            116.4293068,
            23.598782
          ],
          [
            116.4293665,
            23.5984172
          ],
          [
            116.4307418,
            23.5971553
          ],
          [
            116.4309779,
            23.5968557
          ],
          [
            116.4311254,
            23.5965382
          ],
          [
            116.431391,
            23.5957744
          ],
          [
            116.4305287,
            23.5941388
          ],
          [
            116.4302311,
            23.593888
          ],
          [
            116.4300923,
            23.5926681
          ],
          [
            116.4305189,
            23.5919701
          ],
          [
            116.4309468,
            23.5913576
          ],
          [
            116.431518,
            23.5908375
          ],
          [
            116.431935,
            23.590557
          ],
          [
            116.432608,
            23.58975
          ],
          [
            116.4334415,
            23.5891418
          ],
          [
            116.4336911,
            23.588772
          ],
          [
            116.434227,
            23.5881962
          ],
          [
            116.4343084,
            23.587873
          ],
          [
            116.4347993,
            23.5872181
          ],
          [
            116.435571,
            23.5868435
          ],
          [
            116.4359922,
            23.5864989
          ],
          [
            116.4363313,
            23.585959
          ],
          [
            116.4367443,
            23.5851908
          ],
          [
            116.4373826,
            23.5840124
          ],
          [
            116.4382563,
            23.5836856
          ],
          [
            116.4388149,
            23.5836693
          ],
          [
            116.4400273,
            23.5842139
          ],
          [
            116.440872,
            23.5840188
          ],
          [
            116.4412437,
            23.5836841
          ],
          [
            116.4419675,
            23.583469
          ],
          [
            116.4421436,
            23.5829072
          ],
          [
            116.4425784,
            23.5822106
          ],
          [
            116.4426044,
            23.5808304
          ],
          [
            116.4443446,
            23.5796235
          ],
          [
            116.4447312,
            23.5787838
          ],
          [
            116.4440569,
            23.5774616
          ],
          [
            116.4440502,
            23.5769752
          ],
          [
            116.44584,
            23.5763469
          ],
          [
            116.4465093,
            23.5762803
          ],
          [
            116.4480318,
            23.57666
          ],
          [
            116.4482632,
            23.5765417
          ],
          [
            116.4486839,
            23.5754152
          ],
          [
            116.4488347,
            23.5747721
          ],
          [
            116.4497749,
            23.5744663
          ],
          [
            116.4505541,
            23.57442
          ],
          [
            116.4508107,
            23.5741088
          ],
          [
            116.4506796,
            23.5733514
          ],
          [
            116.4502351,
            23.5725365
          ],
          [
            116.4501718,
            23.5719548
          ],
          [
            116.4504833,
            23.5714297
          ],
          [
            116.4510062,
            23.5713074
          ],
          [
            116.4519295,
            23.5718121
          ],
          [
            116.4524741,
            23.5715206
          ],
          [
            116.4527159,
            23.5711076
          ],
          [
            116.4541584,
            23.5708213
          ],
          [
            116.4560944,
            23.5698033
          ],
          [
            116.4564932,
            23.5693288
          ],
          [
            116.4555882,
            23.5679463
          ],
          [
            116.4555317,
            23.567255
          ],
          [
            116.4560785,
            23.5665292
          ],
          [
            116.4575753,
            23.5657747
          ],
          [
            116.4581057,
            23.5647967
          ],
          [
            116.4583174,
            23.5643563
          ],
          [
            116.4590903,
            23.5640768
          ],
          [
            116.4592793,
            23.5638843
          ],
          [
            116.4585232,
            23.5611504
          ],
          [
            116.4585779,
            23.5600791
          ],
          [
            116.459112,
            23.5598343
          ],
          [
            116.4604769,
            23.560061
          ],
          [
            116.46311829,
            23.55945473
          ]
        ]
      }
    },
    {
      "type": "Feature",
      "properties": {
        "name": "源-龙潭河-南河"
      },
      "geometry": {
        "type": "LineString",
        "coordinates": [
          [
            115.8978159,
            23.5723397
          ],
          [
            115.8952979,
            23.5723744
          ],
          [
            115.8954917,
            23.571592
          ],
          [
            115.8947496,
            23.5713766
          ],
          [
            115.8945023,
            23.5704766
          ],
          [
            115.893658,
            23.5691618
          ],
          [
            115.8937209,
            23.5685887
          ],
          [
            115.8935459,
            23.5681436
          ],
          [
            115.8944051,
            23.5667734
          ],
          [
            115.8937943,
            23.5666576
          ],
          [
            115.8928474,
            23.5655826
          ],
          [
            115.8936534,
            23.5649881
          ],
          [
            115.8932616,
            23.56461
          ],
          [
            115.8939951,
            23.563806
          ],
          [
            115.89432,
            23.563826
          ],
          [
            115.8944459,
            23.5636473
          ],
          [
            115.8940579,
            23.5620455
          ],
          [
            115.8948664,
            23.5614177
          ],
          [
            115.8958098,
            23.5614051
          ],
          [
            115.8963865,
            23.5611569
          ],
          [
            115.8963809,
            23.560804
          ],
          [
            115.8955216,
            23.5603655
          ],
          [
            115.8949846,
            23.560424
          ],
          [
            115.8940918,
            23.5576641
          ],
          [
            115.8947592,
            23.5564474
          ],
          [
            115.8958956,
            23.5563551
          ],
          [
            115.8961515,
            23.5559024
          ],
          [
            115.894753,
            23.5544108
          ],
          [
            115.8939404,
            23.5525336
          ],
          [
            115.8929083,
            23.5522673
          ],
          [
            115.8923647,
            23.5524636
          ],
          [
            115.8916945,
            23.5509318
          ],
          [
            115.8924556,
            23.5500718
          ],
          [
            115.8905612,
            23.549245
          ],
          [
            115.8905199,
            23.5474885
          ],
          [
            115.8891718,
            23.5452727
          ],
          [
            115.8885788,
            23.5452123
          ],
          [
            115.8876283,
            23.5440122
          ],
          [
            115.8873493,
            23.5429532
          ],
          [
            115.8870844,
            23.5429614
          ],
          [
            115.8868821,
            23.5425587
          ],
          [
            115.8862882,
            23.5419429
          ],
          [
            115.88559,
            23.5416139
          ],
          [
            115.8848921,
            23.5417036
          ],
          [
            115.8848055,
            23.5404348
          ],
          [
            115.8840066,
            23.5401462
          ],
          [
            115.883229,
            23.5395045
          ],
          [
            115.8825047,
            23.5378435
          ],
          [
            115.881593,
            23.5366533
          ],
          [
            115.8815417,
            23.5363784
          ],
          [
            115.8822526,
            23.5355675
          ],
          [
            115.882344,
            23.5352392
          ],
          [
            115.8821375,
            23.5344329
          ],
          [
            115.8817775,
            23.534138
          ],
          [
            115.8814439,
            23.5341734
          ],
          [
            115.8809618,
            23.5348305
          ],
          [
            115.8806712,
            23.5348536
          ],
          [
            115.8803968,
            23.5345065
          ],
          [
            115.8805106,
            23.5338739
          ],
          [
            115.8808489,
            23.5330139
          ],
          [
            115.8813099,
            23.5327083
          ],
          [
            115.8820356,
            23.5326266
          ],
          [
            115.8829784,
            23.5326615
          ],
          [
            115.8840004,
            23.5325919
          ],
          [
            115.8845179,
            23.5323924
          ],
          [
            115.8844969,
            23.5319554
          ],
          [
            115.884598,
            23.5316877
          ],
          [
            115.8845299,
            23.5312617
          ],
          [
            115.8851511,
            23.5310194
          ],
          [
            115.8852881,
            23.5308001
          ],
          [
            115.8852132,
            23.5305532
          ],
          [
            115.8846208,
            23.5303088
          ],
          [
            115.8839554,
            23.5296182
          ],
          [
            115.8839207,
            23.5292577
          ],
          [
            115.8849185,
            23.5285956
          ],
          [
            115.8848403,
            23.5282953
          ],
          [
            115.8837933,
            23.5280166
          ],
          [
            115.8837506,
            23.5275716
          ],
          [
            115.884896,
            23.5270699
          ],
          [
            115.8850871,
            23.526516
          ],
          [
            115.8847723,
            23.5262131
          ],
          [
            115.8848271,
            23.525868
          ],
          [
            115.8859775,
            23.5256823
          ],
          [
            115.8860922,
            23.5243153
          ],
          [
            115.8866139,
            23.523904
          ],
          [
            115.8869943,
            23.5240025
          ],
          [
            115.8873042,
            23.5244592
          ],
          [
            115.8876246,
            23.5244448
          ],
          [
            115.8880668,
            23.5237503
          ],
          [
            115.8880148,
            23.5233475
          ],
          [
            115.8873461,
            23.5228981
          ],
          [
            115.8874644,
            23.5224599
          ],
          [
            115.8884232,
            23.5219536
          ],
          [
            115.8906004,
            23.5218461
          ],
          [
            115.8912907,
            23.5216843
          ],
          [
            115.8913639,
            23.5208965
          ],
          [
            115.8903137,
            23.518841
          ],
          [
            115.8904663,
            23.5182314
          ],
          [
            115.8917566,
            23.5176583
          ],
          [
            115.8931082,
            23.5168546
          ],
          [
            115.8949547,
            23.5154645
          ],
          [
            115.8958855,
            23.5154229
          ],
          [
            115.8965264,
            23.5142663
          ],
          [
            115.896629,
            23.512936
          ],
          [
            115.8973346,
            23.5130105
          ],
          [
            115.8975288,
            23.513251
          ],
          [
            115.8978868,
            23.513339
          ],
          [
            115.8984008,
            23.5125145
          ],
          [
            115.8978426,
            23.510659
          ],
          [
            115.8997408,
            23.5098661
          ],
          [
            115.9015154,
            23.5091629
          ],
          [
            115.9016739,
            23.507058
          ],
          [
            115.9024732,
            23.5062077
          ],
          [
            115.9027044,
            23.5042832
          ],
          [
            115.9033512,
            23.504099
          ],
          [
            115.9038753,
            23.502628
          ],
          [
            115.9059662,
            23.5024811
          ],
          [
            115.907012,
            23.5019571
          ],
          [
            115.9072845,
            23.5002628
          ],
          [
            115.9041518,
            23.4997969
          ],
          [
            115.9026359,
            23.4965238
          ],
          [
            115.8998751,
            23.4976814
          ],
          [
            115.8937408,
            23.493576
          ],
          [
            115.8932925,
            23.4904278
          ],
          [
            115.8915117,
            23.4894088
          ],
          [
            115.8893348,
            23.491428
          ],
          [
            115.8877753,
            23.4919562
          ],
          [
            115.8871948,
            23.4912263
          ],
          [
            115.888154,
            23.4864383
          ],
          [
            115.8851952,
            23.4858587
          ],
          [
            115.8813915,
            23.4830292
          ],
          [
            115.880255,
            23.4814236
          ],
          [
            115.8783503,
            23.4802897
          ],
          [
            115.8760397,
            23.4808177
          ],
          [
            115.8753289,
            23.4797331
          ],
          [
            115.877089,
            23.4785418
          ],
          [
            115.8774861,
            23.4753529
          ],
          [
            115.8762221,
            23.4679875
          ],
          [
            115.8771376,
            23.4637814
          ],
          [
            115.8760931,
            23.4583632
          ],
          [
            115.8774256,
            23.4553871
          ],
          [
            115.8789496,
            23.4546561
          ],
          [
            115.877035,
            23.4453512
          ],
          [
            115.8789912,
            23.4416827
          ],
          [
            115.8777363,
            23.4385342
          ],
          [
            115.8779825,
            23.4327517
          ],
          [
            115.8765433,
            23.4296721
          ],
          [
            115.8730577,
            23.4290405
          ],
          [
            115.873225,
            23.4262699
          ],
          [
            115.8779859,
            23.4233512
          ],
          [
            115.8806294,
            23.4219618
          ],
          [
            115.88282486,
            23.41875274
          ]
        ]
      }
    },
    {
      "type": "Feature",
      "properties": {
        "name": "源-两英河-练江"
      },
      "geometry": {
        "type": "LineString",
        "coordinates": [
          [
            116.3701483,
            23.2441934
          ],
          [
            116.3701664,
            23.2452565
          ],
          [
            116.3649961,
            23.2491101
          ],
          [
            116.3660178,
            23.2597056
          ],
          [
            116.3664269,
            23.2618322
          ],
          [
            116.3687319,
            23.2669354
          ],
          [
            116.3700599,
            23.26993
          ],
          [
            116.3710327,
            23.2707378
          ],
          [
            116.3763153,
            23.2784487
          ],
          [
            116.379132,
            23.2776623
          ],
          [
            116.3805404,
            23.2778399
          ],
          [
            116.3817002,
            23.2787784
          ],
          [
            116.3823353,
            23.2800214
          ],
          [
            116.3826667,
            23.281797
          ],
          [
            116.3822524,
            23.2829892
          ],
          [
            116.380927,
            23.2838263
          ],
          [
            116.38013507,
            23.28506497
          ]
        ]
      }
    },
    {
      "type": "Feature",
      "properties": {
        "name": "源-中港河-练江"
      },
      "geometry": {
        "type": "LineString",
        "coordinates": [
          [
            116.3443949,
            23.1898604
          ],
          [
            116.341509,
            23.1944495
          ],
          [
            116.3420023,
            23.196047
          ],
          [
            116.3414898,
            23.1970048
          ],
          [
            116.3428223,
            23.1977272
          ],
          [
            116.3474415,
            23.2076484
          ],
          [
            116.34968,
            23.2112742
          ],
          [
            116.3519423,
            23.2124272
          ],
          [
            116.3556393,
            23.2137171
          ],
          [
            116.3587166,
            23.2144207
          ],
          [
            116.3600827,
            23.2140896
          ],
          [
            116.3615838,
            23.2143655
          ],
          [
            116.3621557,
            23.2152402
          ],
          [
            116.3622105,
            23.2158645
          ],
          [
            116.3616681,
            23.2172449
          ],
          [
            116.3615866,
            23.2178607
          ],
          [
            116.3618652,
            23.2182712
          ],
          [
            116.3631843,
            23.2183002
          ],
          [
            116.3652182,
            23.2178006
          ],
          [
            116.3704336,
            23.2197781
          ],
          [
            116.37343,
            23.2231178
          ],
          [
            116.3884565,
            23.2240143
          ],
          [
            116.3980499,
            23.2295715
          ],
          [
            116.4000335,
            23.2299163
          ],
          [
            116.4273603,
            23.2258469
          ],
          [
            116.4378635,
            23.225866
          ],
          [
            116.4468675,
            23.2233558
          ],
          [
            116.448241,
            23.2233893
          ],
          [
            116.4517676,
            23.2225301
          ],
          [
            116.4551138,
            23.2222437
          ],
          [
            116.4566652,
            23.2224575
          ],
          [
            116.4588801,
            23.2218744
          ],
          [
            116.4599217,
            23.2210933
          ],
          [
            116.4614073,
            23.220991
          ],
          [
            116.4642302,
            23.2202215
          ],
          [
            116.4661899,
            23.2201183
          ],
          [
            116.4671357,
            23.2206628
          ],
          [
            116.4671864,
            23.2199823
          ],
          [
            116.4669328,
            23.2193019
          ],
          [
            116.467085,
            23.2187892
          ],
          [
            116.4706249,
            23.2189197
          ],
          [
            116.4721768,
            23.2179968
          ],
          [
            116.4729338,
            23.2177982
          ],
          [
            116.4769968,
            23.2182355
          ],
          [
            116.4792044,
            23.218205
          ],
          [
            116.4802717,
            23.2185295
          ],
          [
            116.4805285,
            23.2182713
          ],
          [
            116.4809217,
            23.218264
          ],
          [
            116.4811705,
            23.2183967
          ],
          [
            116.4812829,
            23.2182935
          ],
          [
            116.4807291,
            23.2176887
          ],
          [
            116.4808977,
            23.2172978
          ],
          [
            116.4814434,
            23.2168848
          ],
          [
            116.482417,
            23.2165364
          ],
          [
            116.4838758,
            23.2164053
          ],
          [
            116.4848588,
            23.2167842
          ],
          [
            116.485612,
            23.2174399
          ],
          [
            116.4857547,
            23.2178625
          ],
          [
            116.4858736,
            23.218591
          ],
          [
            116.486183,
            23.2188978
          ],
          [
            116.4866264,
            23.2189155
          ],
          [
            116.4871213,
            23.2188092
          ],
          [
            116.4874169,
            23.2185907
          ],
          [
            116.4875197,
            23.2181832
          ],
          [
            116.4875004,
            23.2178229
          ],
          [
            116.4873076,
            23.217439
          ],
          [
            116.4873012,
            23.2167184
          ],
          [
            116.4875263,
            23.2163961
          ],
          [
            116.4880055,
            23.2162458
          ],
          [
            116.4886821,
            23.2162828
          ],
          [
            116.4904307,
            23.2166133
          ],
          [
            116.4909854,
            23.2165387
          ],
          [
            116.4913172,
            23.2163286
          ],
          [
            116.4914216,
            23.2159025
          ],
          [
            116.4914762,
            23.2148377
          ],
          [
            116.4914572,
            23.2145526
          ],
          [
            116.4916745,
            23.21434
          ],
          [
            116.4919198,
            23.2143336
          ],
          [
            116.4923333,
            23.2146492
          ],
          [
            116.4930262,
            23.2158065
          ],
          [
            116.4938191,
            23.2164835
          ],
          [
            116.4942181,
            23.2164271
          ],
          [
            116.4944023,
            23.2161779
          ],
          [
            116.4944023,
            23.2148099
          ],
          [
            116.4948207,
            23.2137875
          ],
          [
            116.4953775,
            23.2135108
          ],
          [
            116.495832,
            23.213704
          ],
          [
            116.4965138,
            23.2144506
          ],
          [
            116.4970289,
            23.2146713
          ],
          [
            116.4974586,
            23.214676
          ],
          [
            116.4976734,
            23.2144879
          ],
          [
            116.4976683,
            23.2140601
          ],
          [
            116.4970135,
            23.2132702
          ],
          [
            116.4970222,
            23.2124439
          ],
          [
            116.4973178,
            23.2121949
          ],
          [
            116.4982108,
            23.2122289
          ],
          [
            116.5000215,
            23.2129944
          ],
          [
            116.5004095,
            23.2128642
          ],
          [
            116.5007913,
            23.2122869
          ],
          [
            116.5006485,
            23.211089
          ],
          [
            116.5009479,
            23.2104039
          ],
          [
            116.5007695,
            23.2100936
          ],
          [
            116.4997374,
            23.2094729
          ],
          [
            116.4995627,
            23.2089976
          ],
          [
            116.5001476,
            23.2086743
          ],
          [
            116.5011054,
            23.2087989
          ],
          [
            116.5029533,
            23.2081571
          ],
          [
            116.5083057,
            23.2073694
          ],
          [
            116.5110513,
            23.2087648
          ],
          [
            116.5200947,
            23.2062826
          ],
          [
            116.5263754,
            23.209966
          ],
          [
            116.5577725,
            23.2168869
          ],
          [
            116.5660258,
            23.2231021
          ],
          [
            116.5758839,
            23.2256303
          ],
          [
            116.579292,
            23.2310399
          ]
        ]
      }
    },
    {
      "type": "Feature",
      "properties": {
        "name": "源-北港河-练江"
      },
      "geometry": {
        "type": "LineString",
        "coordinates": [
          [
            116.1825232,
            23.3452739
          ],
          [
            116.1860809,
            23.3428821
          ],
          [
            116.1908246,
            23.3411149
          ],
          [
            116.1912189,
            23.3374944
          ],
          [
            116.1935703,
            23.3359108
          ],
          [
            116.1981945,
            23.3310514
          ],
          [
            116.20668048,
            23.32815806
          ]
        ]
      }
    },
    {
      "type": "Feature",
      "properties": {
        "name": "源-汤坑溪-练江"
      },
      "geometry": {
        "type": "LineString",
        "coordinates": [
          [
            116.2389091,
            23.2211876
          ],
          [
            116.2401782,
            23.2283967
          ],
          [
            116.2403081,
            23.23005
          ],
          [
            116.240112,
            23.2310481
          ],
          [
            116.241168,
            23.2319907
          ],
          [
            116.2426463,
            23.2318937
          ],
          [
            116.2441247,
            23.2307847
          ],
          [
            116.2454371,
            23.2308956
          ],
          [
            116.2465232,
            23.2318521
          ],
          [
            116.2468792,
            23.2334098
          ],
          [
            116.2473169,
            23.2340998
          ],
          [
            116.2483017,
            23.2343987
          ],
          [
            116.2498953,
            23.2327988
          ],
          [
            116.2511651,
            23.2330352
          ],
          [
            116.252319,
            23.2344374
          ],
          [
            116.2514633,
            23.2367485
          ],
          [
            116.2521578,
            23.2392791
          ],
          [
            116.251729,
            23.2424122
          ],
          [
            116.25113,
            23.2467467
          ],
          [
            116.2507831,
            23.2509378
          ],
          [
            116.2524051,
            23.2529604
          ],
          [
            116.2535946,
            23.2552556
          ],
          [
            116.2581738,
            23.2572911
          ],
          [
            116.2604901,
            23.2587435
          ],
          [
            116.261911,
            23.2576082
          ],
          [
            116.2628946,
            23.257704
          ],
          [
            116.2636845,
            23.2584981
          ],
          [
            116.2639613,
            23.2604663
          ],
          [
            116.2685665,
            23.2617428
          ],
          [
            116.2726352,
            23.262693
          ],
          [
            116.2747587,
            23.2621852
          ],
          [
            116.2814792,
            23.2646727
          ],
          [
            116.2894791,
            23.2763622
          ],
          [
            116.2905655,
            23.2793243
          ],
          [
            116.2915063,
            23.2822884
          ],
          [
            116.2946867,
            23.2864171
          ],
          [
            116.296524,
            23.2925052
          ],
          [
            116.2984064,
            23.2945981
          ],
          [
            116.3008584,
            23.2963725
          ],
          [
            116.30092119,
            23.29621288
          ]
        ]
      }
    },
    {
      "type": "Feature",
      "properties": {
        "name": "源-练江-海",
        "description": "已包含流沙河"
      },
      "geometry": {
        "type": "LineString",
        "coordinates": [
          [
            116.1129462,
            23.2799454
          ],
          [
            116.1144338,
            23.2804837
          ],
          [
            116.1156116,
            23.2817268
          ],
          [
            116.1172928,
            23.2829596
          ],
          [
            116.1179661,
            23.2832629
          ],
          [
            116.1189192,
            23.2833913
          ],
          [
            116.119764,
            23.283617
          ],
          [
            116.1209931,
            23.2844847
          ],
          [
            116.1213654,
            23.285195
          ],
          [
            116.1216316,
            23.2864968
          ],
          [
            116.1232979,
            23.2879251
          ],
          [
            116.1246362,
            23.2894872
          ],
          [
            116.1258758,
            23.2915406
          ],
          [
            116.1268918,
            23.2926696
          ],
          [
            116.1268738,
            23.2947557
          ],
          [
            116.1276784,
            23.2955804
          ],
          [
            116.1285327,
            23.2960596
          ],
          [
            116.1302754,
            23.2960946
          ],
          [
            116.1341465,
            23.297943
          ],
          [
            116.138476,
            23.2974365
          ],
          [
            116.1391336,
            23.2972855
          ],
          [
            116.1404479,
            23.2977434
          ],
          [
            116.1414096,
            23.297119
          ],
          [
            116.143018,
            23.2969522
          ],
          [
            116.1434158,
            23.2966477
          ],
          [
            116.1437389,
            23.2954023
          ],
          [
            116.1445517,
            23.2952412
          ],
          [
            116.1465409,
            23.2961332
          ],
          [
            116.1478598,
            23.2957969
          ],
          [
            116.148773,
            23.2966272
          ],
          [
            116.1500212,
            23.2969892
          ],
          [
            116.1526244,
            23.295866
          ],
          [
            116.1530887,
            23.2952728
          ],
          [
            116.1536885,
            23.2951834
          ],
          [
            116.1542722,
            23.2953919
          ],
          [
            116.1548071,
            23.2951909
          ],
          [
            116.1561222,
            23.295694
          ],
          [
            116.1572327,
            23.2958266
          ],
          [
            116.1577795,
            23.2966398
          ],
          [
            116.1582225,
            23.2965842
          ],
          [
            116.159111,
            23.296115
          ],
          [
            116.1600327,
            23.2962272
          ],
          [
            116.1604547,
            23.2965434
          ],
          [
            116.1609656,
            23.2971554
          ],
          [
            116.1621957,
            23.2971711
          ],
          [
            116.1649909,
            23.2979936
          ],
          [
            116.1697384,
            23.3042313
          ],
          [
            116.1714981,
            23.3086411
          ],
          [
            116.1712507,
            23.3123973
          ],
          [
            116.1744981,
            23.3183715
          ],
          [
            116.1758891,
            23.3206727
          ],
          [
            116.1774316,
            23.3214694
          ],
          [
            116.1847464,
            23.3223973
          ],
          [
            116.1860505,
            23.322311
          ],
          [
            116.1889631,
            23.3231013
          ],
          [
            116.1927862,
            23.3231248
          ],
          [
            116.1933133,
            23.3230224
          ],
          [
            116.1974395,
            23.3242974
          ],
          [
            116.1977629,
            23.3249878
          ],
          [
            116.20668048,
            23.32815806
          ],
          [
            116.2069374,
            23.3282494
          ],
          [
            116.2149538,
            23.3300174
          ],
          [
            116.2265481,
            23.3253438
          ],
          [
            116.2335493,
            23.3241375
          ],
          [
            116.2352454,
            23.3235637
          ],
          [
            116.2395541,
            23.3191809
          ],
          [
            116.2418628,
            23.3172535
          ],
          [
            116.2453609,
            23.3170608
          ],
          [
            116.248543,
            23.3145305
          ],
          [
            116.2514452,
            23.3142156
          ],
          [
            116.2557795,
            23.3119068
          ],
          [
            116.2578344,
            23.3112424
          ],
          [
            116.2614567,
            23.3105716
          ],
          [
            116.2645602,
            23.3084789
          ],
          [
            116.2687327,
            23.3078005
          ],
          [
            116.2731892,
            23.3081845
          ],
          [
            116.2809613,
            23.306497
          ],
          [
            116.2833866,
            23.3057018
          ],
          [
            116.2910281,
            23.3024358
          ],
          [
            116.2934382,
            23.2986467
          ],
          [
            116.2977106,
            23.2961131
          ],
          [
            116.3005999,
            23.2960865
          ],
          [
            116.30092119,
            23.29621288
          ],
          [
            116.3033443,
            23.297166
          ],
          [
            116.3066656,
            23.3000691
          ],
          [
            116.3151554,
            23.3033017
          ],
          [
            116.3173522,
            23.3049308
          ],
          [
            116.319672,
            23.305076
          ],
          [
            116.3214232,
            23.303981
          ],
          [
            116.3240245,
            23.3017673
          ],
          [
            116.3303491,
            23.3014576
          ],
          [
            116.3419078,
            23.2971651
          ],
          [
            116.3437349,
            23.2957891
          ],
          [
            116.3456326,
            23.2954797
          ],
          [
            116.3503881,
            23.2950976
          ],
          [
            116.3516736,
            23.2946096
          ],
          [
            116.3516828,
            23.29459586
          ],
          [
            116.3534768,
            23.291916
          ],
          [
            116.3548396,
            23.2918039
          ],
          [
            116.356589,
            23.2927754
          ],
          [
            116.358379,
            23.2927754
          ],
          [
            116.3657831,
            23.2915049
          ],
          [
            116.3692614,
            23.2916544
          ],
          [
            116.3701447,
            23.2910283
          ],
          [
            116.370165,
            23.2898325
          ],
          [
            116.3698192,
            23.2882631
          ],
          [
            116.3719102,
            23.2872579
          ],
          [
            116.3744634,
            23.2872948
          ],
          [
            116.378839,
            23.285047
          ],
          [
            116.3793712,
            23.2849527
          ],
          [
            116.38013507,
            23.28506497
          ],
          [
            116.3801727,
            23.2850705
          ],
          [
            116.3818602,
            23.286479
          ],
          [
            116.3854181,
            23.2864688
          ],
          [
            116.3892384,
            23.2879156
          ],
          [
            116.3915306,
            23.2875659
          ],
          [
            116.3934481,
            23.286356
          ],
          [
            116.3946295,
            23.282325
          ],
          [
            116.3966915,
            23.2809163
          ],
          [
            116.4024624,
            23.2819503
          ],
          [
            116.4035025,
            23.2855333
          ],
          [
            116.4068031,
            23.2858824
          ],
          [
            116.4084805,
            23.2835356
          ],
          [
            116.4223661,
            23.2804747
          ],
          [
            116.4254198,
            23.2775235
          ],
          [
            116.4293289,
            23.2774682
          ],
          [
            116.4306078,
            23.2783941
          ],
          [
            116.4324218,
            23.2806075
          ],
          [
            116.4353187,
            23.2776232
          ],
          [
            116.4405981,
            23.2833183
          ],
          [
            116.4394974,
            23.2860426
          ],
          [
            116.4389611,
            23.2881026
          ],
          [
            116.4401311,
            23.2884608
          ],
          [
            116.4439084,
            23.2868935
          ],
          [
            116.4500126,
            23.2856535
          ],
          [
            116.4531233,
            23.2815022
          ],
          [
            116.4549134,
            23.2780458
          ],
          [
            116.458075,
            23.2748121
          ],
          [
            116.4572602,
            23.2714586
          ],
          [
            116.4549853,
            23.2672387
          ],
          [
            116.455924,
            23.2653858
          ],
          [
            116.4600223,
            23.261783
          ],
          [
            116.4682227,
            23.2629708
          ],
          [
            116.4760463,
            23.2613239
          ],
          [
            116.4816035,
            23.262693
          ],
          [
            116.4906066,
            23.256903
          ],
          [
            116.4930878,
            23.247374
          ],
          [
            116.5133615,
            23.248388
          ],
          [
            116.5337528,
            23.2274296
          ],
          [
            116.579292,
            23.2310399
          ],
          [
            116.5912826,
            23.2319905
          ],
          [
            116.6142544,
            23.2177929
          ],
          [
            116.6149342,
            23.2032677
          ],
          [
            116.6058979,
            23.1986916
          ],
          [
            116.6028109,
            23.1749713
          ]
        ]
      }
    },
    {
      "type": "Feature",
      "properties": {
        "name": "源-贵屿水-练江"
      },
      "geometry": {
        "type": "LineString",
        "coordinates": [
          [
            116.3495633,
            23.3368617
          ],
          [
            116.349017,
            23.3333502
          ],
          [
            116.346671,
            23.3314616
          ],
          [
            116.3459961,
            23.3283041
          ],
          [
            116.3458354,
            23.3273008
          ],
          [
            116.3441,
            23.3262385
          ],
          [
            116.3430716,
            23.3247924
          ],
          [
            116.3431655,
            23.3242524
          ],
          [
            116.3428423,
            23.3234492
          ],
          [
            116.3423098,
            23.3226983
          ],
          [
            116.3420436,
            23.3218951
          ],
          [
            116.3410358,
            23.3200791
          ],
          [
            116.3407541,
            23.3188415
          ],
          [
            116.3406446,
            23.3177694
          ],
          [
            116.3399078,
            23.3167722
          ],
          [
            116.3384575,
            23.3162864
          ],
          [
            116.3373539,
            23.3157168
          ],
          [
            116.3372305,
            23.3152176
          ],
          [
            116.3376325,
            23.3135227
          ],
          [
            116.3387986,
            23.311599
          ],
          [
            116.3401938,
            23.3108544
          ],
          [
            116.3416817,
            23.3107186
          ],
          [
            116.3440262,
            23.3100431
          ],
          [
            116.3457672,
            23.3097184
          ],
          [
            116.3464765,
            23.3100945
          ],
          [
            116.3462724,
            23.3108291
          ],
          [
            116.3454462,
            23.3114552
          ],
          [
            116.3453768,
            23.3124712
          ],
          [
            116.3464051,
            23.3130114
          ],
          [
            116.3481582,
            23.3127583
          ],
          [
            116.3511133,
            23.3127054
          ],
          [
            116.3525236,
            23.3121161
          ],
          [
            116.3536704,
            23.3113277
          ],
          [
            116.3551691,
            23.3084375
          ],
          [
            116.355671,
            23.3064762
          ],
          [
            116.3547802,
            23.3045121
          ],
          [
            116.3534701,
            23.3029817
          ],
          [
            116.3521,
            23.3020844
          ],
          [
            116.3518296,
            23.3007568
          ],
          [
            116.35384,
            23.3002293
          ],
          [
            116.3542929,
            23.2998032
          ],
          [
            116.353586,
            23.297906
          ],
          [
            116.3526189,
            23.296908
          ],
          [
            116.3520767,
            23.295852
          ],
          [
            116.3516948,
            23.2946039
          ],
          [
            116.35168279556537,
            23.294595863767253
          ]
        ]
      }
    },
    {
      "type": "Feature",
      "properties": {
        "name": "东溪-南溪-义丰溪"
      },
      "geometry": {
        "type": "LineString",
        "coordinates": [
          [
            116.7396772,
            23.5346891
          ],
          [
            116.7471134,
            23.534418
          ],
          [
            116.7501805,
            23.5365441
          ],
          [
            116.7503301,
            23.5405905
          ],
          [
            116.7480859,
            23.5467627
          ],
          [
            116.7556414,
            23.5519745
          ],
          [
            116.7606123,
            23.5535619
          ],
          [
            116.7617241,
            23.5572108
          ],
          [
            116.760175,
            23.5641255
          ],
          [
            116.762168,
            23.56693
          ],
          [
            116.7665896,
            23.5659675
          ],
          [
            116.7759302,
            23.5601921
          ],
          [
            116.7810892,
            23.5590166
          ],
          [
            116.7911618,
            23.5532908
          ],
          [
            116.8044593,
            23.5607344
          ],
          [
            116.8076885,
            23.5603773
          ]
        ]
      }
    },
    {
      "type": "Feature",
      "properties": {
        "name": "东溪-莲阳河-海"
      },
      "geometry": {
        "type": "LineString",
        "coordinates": [
          [
            116.7396772,
            23.5346891
          ],
          [
            116.7389369,
            23.5235925
          ],
          [
            116.7434332,
            23.5132855
          ],
          [
            116.7605443,
            23.5099641
          ],
          [
            116.7699116,
            23.4884307
          ],
          [
            116.8047209,
            23.4601326
          ],
          [
            116.8249483,
            23.4547763
          ],
          [
            116.8695736,
            23.4568806
          ],
          [
            116.879583,
            23.4511416
          ]
        ]
      }
    },
    {
      "type": "Feature",
      "properties": {
        "name": "大港-西港-榕江"
      },
      "geometry": {
        "type": "LineString",
        "coordinates": [
          [
            116.66780820979731,
            23.42140248616195
          ],
          [
            116.6674064,
            23.4191903
          ],
          [
            116.66902,
            23.4156343
          ],
          [
            116.6657233,
            23.4106054
          ],
          [
            116.6613656,
            23.4069026
          ],
          [
            116.6624217,
            23.4032609
          ],
          [
            116.6620426,
            23.3966345
          ],
          [
            116.6629081,
            23.3942404
          ],
          [
            116.6658826,
            23.3934338
          ],
          [
            116.6637345,
            23.3814407
          ],
          [
            116.6629971,
            23.374439
          ],
          [
            116.6638363,
            23.3640691
          ],
          [
            116.6626183,
            23.3602459
          ],
          [
            116.6604181,
            23.3591278
          ],
          [
            116.6573431,
            23.3542494
          ],
          [
            116.65879833,
            23.34224731
          ]
        ]
      }
    },
    {
      "type": "Feature",
      "properties": {
        "name": "梅溪-庵江溪-大港"
      },
      "geometry": {
        "type": "LineString",
        "coordinates": [
          [
            116.69730825602713,
            23.45897196328782
          ],
          [
            116.6941513,
            23.4608642
          ],
          [
            116.6936931,
            23.4609459
          ],
          [
            116.6931204,
            23.4605256
          ],
          [
            116.6919367,
            23.4589377
          ],
          [
            116.69072,
            23.4578403
          ],
          [
            116.6895491,
            23.4560773
          ],
          [
            116.6863784,
            23.4539036
          ],
          [
            116.6854388,
            23.4528651
          ],
          [
            116.6837904,
            23.4493898
          ],
          [
            116.6834335,
            23.4480049
          ],
          [
            116.6821542,
            23.4463744
          ],
          [
            116.6806486,
            23.4473195
          ],
          [
            116.6800213,
            23.4470608
          ],
          [
            116.6751514,
            23.4433476
          ],
          [
            116.6727906,
            23.4426599
          ],
          [
            116.6693295,
            23.4393074
          ],
          [
            116.6680439,
            23.4372919
          ],
          [
            116.6659054,
            23.4353818
          ],
          [
            116.66380175964618,
            23.43197154093518
          ]
        ]
      }
    },
    {
      "type": "Feature",
      "properties": {
        "name": "汇-义丰溪-海"
      },
      "geometry": {
        "type": "LineString",
        "coordinates": [
          [
            116.8076885,
            23.5603773
          ],
          [
            116.8156593,
            23.5554697
          ],
          [
            116.8210377,
            23.5465937
          ],
          [
            116.8283431,
            23.5410107
          ],
          [
            116.8385958,
            23.5404848
          ],
          [
            116.8533857,
            23.5478287
          ],
          [
            116.8742421,
            23.5558458
          ],
          [
            116.8876871,
            23.553268
          ],
          [
            116.9055369,
            23.5474482
          ]
        ]
      }
    },
    {
      "type": "Feature",
      "properties": {
        "name": "汇-韩江-分"
      },
      "geometry": {
        "type": "LineString",
        "coordinates": [
          [
            116.5715781,
            24.4037266
          ],
          [
            116.5680949,
            24.3793381
          ],
          [
            116.555209,
            24.3693913
          ],
          [
            116.5362219,
            24.3479841
          ],
          [
            116.5330505,
            24.3343075
          ],
          [
            116.5381544,
            24.3212271
          ],
          [
            116.5475916,
            24.3166104
          ],
          [
            116.5572274,
            24.3151619
          ],
          [
            116.567062,
            24.3067426
          ],
          [
            116.5591425,
            24.2998258
          ],
          [
            116.5520559,
            24.2988716
          ],
          [
            116.5444055,
            24.2910914
          ],
          [
            116.5465798,
            24.2834574
          ],
          [
            116.5694786,
            24.2678872
          ],
          [
            116.5821664,
            24.269333
          ],
          [
            116.5866601,
            24.2634894
          ],
          [
            116.5827649,
            24.2533005
          ],
          [
            116.587504,
            24.2490496
          ],
          [
            116.5953348,
            24.2483885
          ],
          [
            116.6049057,
            24.2402567
          ],
          [
            116.6096372,
            24.2301048
          ],
          [
            116.6104967,
            24.2240952
          ],
          [
            116.6160404,
            24.2198565
          ],
          [
            116.6239731,
            24.2192096
          ],
          [
            116.6270555,
            24.2103264
          ],
          [
            116.627801,
            24.1897604
          ],
          [
            116.6217613,
            24.1830539
          ],
          [
            116.6118962,
            24.1810444
          ],
          [
            116.6064369,
            24.1699474
          ],
          [
            116.5845567,
            24.1609231
          ],
          [
            116.5773232,
            24.1517994
          ],
          [
            116.5635005,
            24.1456569
          ],
          [
            116.548206,
            24.1307149
          ],
          [
            116.5396773,
            24.1286733
          ],
          [
            116.5282126,
            24.11842
          ],
          [
            116.5245312,
            24.1039312
          ],
          [
            116.5065318,
            24.0922324
          ],
          [
            116.5039804,
            24.0853812
          ],
          [
            116.4984378,
            24.0815989
          ],
          [
            116.4938712,
            24.056518
          ],
          [
            116.4970636,
            24.045647
          ],
          [
            116.4924323,
            24.008209
          ],
          [
            116.4936041,
            23.999245
          ],
          [
            116.4739447,
            23.9676866
          ],
          [
            116.482952,
            23.9445006
          ],
          [
            116.4812419,
            23.9322397
          ],
          [
            116.46632793,
            23.91187442
          ],
          [
            116.4641735,
            23.9089325
          ],
          [
            116.4659297,
            23.89106
          ],
          [
            116.4739508,
            23.8854774
          ],
          [
            116.4922676,
            23.8850395
          ],
          [
            116.4945422,
            23.8762821
          ],
          [
            116.4901126,
            23.8687283
          ],
          [
            116.4922988,
            23.86484906
          ],
          [
            116.4942243,
            23.8614324
          ],
          [
            116.5141148,
            23.8460995
          ],
          [
            116.5283223,
            23.8270392
          ],
          [
            116.5307487,
            23.82060674
          ],
          [
            116.5368204,
            23.8045105
          ],
          [
            116.5505948,
            23.8077173
          ],
          [
            116.5600686,
            23.8023219
          ],
          [
            116.5662754,
            23.7891386
          ],
          [
            116.5621687,
            23.7769252
          ],
          [
            116.5681538,
            23.7541879
          ],
          [
            116.5957618,
            23.733725
          ],
          [
            116.6193127,
            23.7010268
          ],
          [
            116.6497732,
            23.6820225
          ],
          [
            116.6498981,
            23.6583439
          ]
        ]
      }
    },
    {
      "type": "Feature",
      "properties": {
        "name": "源-丰良河-韩江"
      },
      "geometry": {
        "type": "LineString",
        "coordinates": [
          [
            116.5218573,
            23.9125031
          ],
          [
            116.5215823,
            23.9126467
          ],
          [
            116.5201129,
            23.912345
          ],
          [
            116.5195314,
            23.9117991
          ],
          [
            116.5175894,
            23.9113757
          ],
          [
            116.5163783,
            23.9121216
          ],
          [
            116.5158296,
            23.91303
          ],
          [
            116.5143583,
            23.9136979
          ],
          [
            116.5136571,
            23.9137287
          ],
          [
            116.5131821,
            23.9156235
          ],
          [
            116.5120743,
            23.9151864
          ],
          [
            116.5079085,
            23.9143406
          ],
          [
            116.5071973,
            23.9149328
          ],
          [
            116.5062898,
            23.9145931
          ],
          [
            116.5054515,
            23.9137556
          ],
          [
            116.5046238,
            23.9117621
          ],
          [
            116.5042895,
            23.9115259
          ],
          [
            116.504016,
            23.9115121
          ],
          [
            116.5037881,
            23.9116788
          ],
          [
            116.5034234,
            23.9113384
          ],
          [
            116.5032154,
            23.9109067
          ],
          [
            116.5032683,
            23.9096902
          ],
          [
            116.5034538,
            23.9088968
          ],
          [
            116.5029631,
            23.908058
          ],
          [
            116.502375,
            23.9066049
          ],
          [
            116.5020412,
            23.9064088
          ],
          [
            116.5009286,
            23.9065323
          ],
          [
            116.5000477,
            23.9072207
          ],
          [
            116.5001587,
            23.907559
          ],
          [
            116.4996565,
            23.9077717
          ],
          [
            116.4995243,
            23.9080907
          ],
          [
            116.4994649,
            23.908483
          ],
          [
            116.4996694,
            23.9097317
          ],
          [
            116.4996542,
            23.909968
          ],
          [
            116.4994033,
            23.910385
          ],
          [
            116.499207,
            23.9105185
          ],
          [
            116.4988701,
            23.9106285
          ],
          [
            116.4986184,
            23.910637
          ],
          [
            116.4984463,
            23.9107501
          ],
          [
            116.4981274,
            23.9114587
          ],
          [
            116.4977825,
            23.9116766
          ],
          [
            116.4974148,
            23.9117346
          ],
          [
            116.4970463,
            23.9116743
          ],
          [
            116.4966431,
            23.9114494
          ],
          [
            116.4964474,
            23.9110999
          ],
          [
            116.4963187,
            23.9105094
          ],
          [
            116.4961356,
            23.9092624
          ],
          [
            116.4954829,
            23.9082277
          ],
          [
            116.4952876,
            23.9075742
          ],
          [
            116.4950979,
            23.9071812
          ],
          [
            116.4944883,
            23.9062558
          ],
          [
            116.4940337,
            23.905934
          ],
          [
            116.4933843,
            23.9057371
          ],
          [
            116.4929377,
            23.9054772
          ],
          [
            116.4926691,
            23.9054191
          ],
          [
            116.4923614,
            23.9054701
          ],
          [
            116.4921919,
            23.9057373
          ],
          [
            116.4920047,
            23.9062692
          ],
          [
            116.4918962,
            23.9069585
          ],
          [
            116.4916858,
            23.9074395
          ],
          [
            116.4914424,
            23.907671
          ],
          [
            116.4912377,
            23.9077337
          ],
          [
            116.4909639,
            23.9077301
          ],
          [
            116.4900464,
            23.9076191
          ],
          [
            116.4886662,
            23.9069872
          ],
          [
            116.4881394,
            23.9066845
          ],
          [
            116.4874987,
            23.9060097
          ],
          [
            116.4872271,
            23.9058728
          ],
          [
            116.4867815,
            23.9057677
          ],
          [
            116.4864507,
            23.9057677
          ],
          [
            116.4859037,
            23.9055889
          ],
          [
            116.4838372,
            23.9045492
          ],
          [
            116.4824931,
            23.9051677
          ],
          [
            116.4808736,
            23.9052073
          ],
          [
            116.4758828,
            23.9065136
          ],
          [
            116.4736397,
            23.9087305
          ],
          [
            116.4717838,
            23.9102024
          ],
          [
            116.4708989,
            23.9106181
          ],
          [
            116.46632793,
            23.91187442
          ]
        ]
      }
    },
    {
      "type": "Feature",
      "properties": {
        "name": "源-凤凰溪-韩江"
      },
      "geometry": {
        "type": "LineString",
        "coordinates": [
          [
            116.5997839,
            23.9049682
          ],
          [
            116.5989571,
            23.9030065
          ],
          [
            116.5989768,
            23.9022415
          ],
          [
            116.5982287,
            23.9009727
          ],
          [
            116.5975987,
            23.9007477
          ],
          [
            116.5963826,
            23.8993025
          ],
          [
            116.595459,
            23.8986774
          ],
          [
            116.5952071,
            23.897482
          ],
          [
            116.5956149,
            23.8967801
          ],
          [
            116.595495,
            23.8955299
          ],
          [
            116.5951231,
            23.8953325
          ],
          [
            116.595062,
            23.8945717
          ],
          [
            116.5952539,
            23.8940343
          ],
          [
            116.595038,
            23.8932447
          ],
          [
            116.5952739,
            23.8924002
          ],
          [
            116.5947445,
            23.8920069
          ],
          [
            116.5945459,
            23.8915909
          ],
          [
            116.5939999,
            23.8912051
          ],
          [
            116.594488,
            23.8904639
          ],
          [
            116.5944616,
            23.8884519
          ],
          [
            116.5952028,
            23.8872008
          ],
          [
            116.5957411,
            23.8849267
          ],
          [
            116.5960211,
            23.884966
          ],
          [
            116.5967016,
            23.883901
          ],
          [
            116.5969433,
            23.8829118
          ],
          [
            116.5968742,
            23.8819437
          ],
          [
            116.5976108,
            23.8817964
          ],
          [
            116.597887,
            23.8812807
          ],
          [
            116.597979,
            23.8799443
          ],
          [
            116.5981401,
            23.8794602
          ],
          [
            116.597933,
            23.8787131
          ],
          [
            116.5977374,
            23.8783027
          ],
          [
            116.5980223,
            23.8771047
          ],
          [
            116.5978708,
            23.8761464
          ],
          [
            116.5997151,
            23.8741383
          ],
          [
            116.5976235,
            23.8715138
          ],
          [
            116.5977776,
            23.8712494
          ],
          [
            116.5973542,
            23.8708094
          ],
          [
            116.5976669,
            23.8702566
          ],
          [
            116.5976391,
            23.8693988
          ],
          [
            116.5972847,
            23.8689922
          ],
          [
            116.5965899,
            23.8688524
          ],
          [
            116.5963842,
            23.868562
          ],
          [
            116.5955999,
            23.8620092
          ],
          [
            116.5947652,
            23.8616871
          ],
          [
            116.5944391,
            23.8605063
          ],
          [
            116.594074,
            23.8601723
          ],
          [
            116.5947261,
            23.858896
          ],
          [
            116.5936696,
            23.8577867
          ],
          [
            116.5939174,
            23.8569279
          ],
          [
            116.5935783,
            23.8566893
          ],
          [
            116.5920132,
            23.8566893
          ],
          [
            116.5909698,
            23.857238
          ],
          [
            116.5908524,
            23.8577628
          ],
          [
            116.5902786,
            23.8585978
          ],
          [
            116.5889868,
            23.8586592
          ],
          [
            116.5881219,
            23.859017
          ],
          [
            116.5877856,
            23.8589919
          ],
          [
            116.5875816,
            23.8577601
          ],
          [
            116.5869089,
            23.8571511
          ],
          [
            116.5862325,
            23.8574856
          ],
          [
            116.5854709,
            23.8576414
          ],
          [
            116.5845971,
            23.859368
          ],
          [
            116.5838925,
            23.8599445
          ],
          [
            116.5835122,
            23.8605844
          ],
          [
            116.5833223,
            23.8613968
          ],
          [
            116.5831731,
            23.8615456
          ],
          [
            116.5828476,
            23.8613286
          ],
          [
            116.5824204,
            23.8612728
          ],
          [
            116.5807853,
            23.8599975
          ],
          [
            116.5804389,
            23.8600182
          ],
          [
            116.5789031,
            23.8614752
          ],
          [
            116.5786389,
            23.8627035
          ],
          [
            116.578812,
            23.8634
          ],
          [
            116.5780847,
            23.8642336
          ],
          [
            116.5762528,
            23.8638323
          ],
          [
            116.5753134,
            23.8641311
          ],
          [
            116.5746496,
            23.8635407
          ],
          [
            116.5724123,
            23.8630965
          ],
          [
            116.5701105,
            23.8649512
          ],
          [
            116.5691253,
            23.8652566
          ],
          [
            116.5688973,
            23.8651672
          ],
          [
            116.5686611,
            23.8652938
          ],
          [
            116.5680858,
            23.8666633
          ],
          [
            116.5677353,
            23.8668215
          ],
          [
            116.5672163,
            23.8668798
          ],
          [
            116.5665972,
            23.8666592
          ],
          [
            116.5655918,
            23.8659678
          ],
          [
            116.5651812,
            23.8659932
          ],
          [
            116.5633907,
            23.8643985
          ],
          [
            116.562782,
            23.8635078
          ],
          [
            116.5625385,
            23.8626617
          ],
          [
            116.5622037,
            23.8624223
          ],
          [
            116.5621274,
            23.8622348
          ],
          [
            116.5618831,
            23.8622448
          ],
          [
            116.5616899,
            23.8624882
          ],
          [
            116.5616834,
            23.8644199
          ],
          [
            116.5611907,
            23.8652676
          ],
          [
            116.560605,
            23.8657952
          ],
          [
            116.5580256,
            23.8660054
          ],
          [
            116.5567786,
            23.8666808
          ],
          [
            116.5564714,
            23.8662149
          ],
          [
            116.5562841,
            23.8652898
          ],
          [
            116.5552582,
            23.8648817
          ],
          [
            116.5546507,
            23.8651481
          ],
          [
            116.5543178,
            23.8650263
          ],
          [
            116.5533941,
            23.8649121
          ],
          [
            116.5535688,
            23.8646001
          ],
          [
            116.5535106,
            23.8644023
          ],
          [
            116.5524454,
            23.8642044
          ],
          [
            116.5523345,
            23.8631911
          ],
          [
            116.5525518,
            23.8627672
          ],
          [
            116.5526821,
            23.8615485
          ],
          [
            116.5524359,
            23.8613499
          ],
          [
            116.5525181,
            23.8608856
          ],
          [
            116.550473,
            23.8567139
          ],
          [
            116.5501298,
            23.8568588
          ],
          [
            116.5496546,
            23.8574141
          ],
          [
            116.549021,
            23.8576435
          ],
          [
            116.5483873,
            23.8575832
          ],
          [
            116.5482817,
            23.8572693
          ],
          [
            116.5485033,
            23.8558022
          ],
          [
            116.5482335,
            23.8556083
          ],
          [
            116.5482239,
            23.8553263
          ],
          [
            116.5491411,
            23.8537833
          ],
          [
            116.5505575,
            23.8523117
          ],
          [
            116.5509236,
            23.8523822
          ],
          [
            116.551839,
            23.8520032
          ],
          [
            116.5524474,
            23.8508687
          ],
          [
            116.5523487,
            23.8504695
          ],
          [
            116.551881,
            23.8501701
          ],
          [
            116.5517994,
            23.8497785
          ],
          [
            116.5518882,
            23.8493569
          ],
          [
            116.5514463,
            23.8487172
          ],
          [
            116.5516348,
            23.847335
          ],
          [
            116.5522414,
            23.8464237
          ],
          [
            116.5526918,
            23.8459881
          ],
          [
            116.5530427,
            23.8448055
          ],
          [
            116.5524937,
            23.8441664
          ],
          [
            116.5517339,
            23.8441106
          ],
          [
            116.5510462,
            23.8445062
          ],
          [
            116.5501084,
            23.844185
          ],
          [
            116.5493853,
            23.8434204
          ],
          [
            116.5492775,
            23.8422787
          ],
          [
            116.5460119,
            23.8431691
          ],
          [
            116.5458547,
            23.8430601
          ],
          [
            116.5460917,
            23.8423514
          ],
          [
            116.5470965,
            23.841047
          ],
          [
            116.546891,
            23.84074
          ],
          [
            116.5463589,
            23.8405087
          ],
          [
            116.5460721,
            23.8399012
          ],
          [
            116.5461312,
            23.8382345
          ],
          [
            116.5463347,
            23.8372411
          ],
          [
            116.5460689,
            23.8367598
          ],
          [
            116.5461527,
            23.8360942
          ],
          [
            116.5466007,
            23.8356681
          ],
          [
            116.5481474,
            23.8325552
          ],
          [
            116.5500827,
            23.8309356
          ],
          [
            116.5502337,
            23.8305715
          ],
          [
            116.5495474,
            23.8279473
          ],
          [
            116.549067,
            23.8274175
          ],
          [
            116.5485421,
            23.826132
          ],
          [
            116.5455621,
            23.8273711
          ],
          [
            116.5438048,
            23.8290369
          ],
          [
            116.5426961,
            23.8291214
          ],
          [
            116.5411625,
            23.8287495
          ],
          [
            116.540712,
            23.8283554
          ],
          [
            116.5399265,
            23.8272
          ],
          [
            116.5393798,
            23.8254641
          ],
          [
            116.5385943,
            23.8247711
          ],
          [
            116.5366866,
            23.8240525
          ],
          [
            116.535915,
            23.8226666
          ],
          [
            116.5350679,
            23.8216814
          ],
          [
            116.5307487,
            23.82060674
          ]
        ]
      }
    },
    {
      "type": "Feature",
      "properties": {
        "name": "源-大港-榕江"
      },
      "geometry": {
        "type": "LineString",
        "coordinates": [
          [
            116.6423462,
            23.4608982
          ],
          [
            116.6447463,
            23.460967
          ],
          [
            116.648234,
            23.4545682
          ],
          [
            116.650259,
            23.4544306
          ],
          [
            116.6507466,
            23.452848
          ],
          [
            116.6524551,
            23.4525635
          ],
          [
            116.657187,
            23.4488782
          ],
          [
            116.6598979,
            23.4477703
          ],
          [
            116.6604495,
            23.4440231
          ],
          [
            116.6607904,
            23.443487
          ],
          [
            116.6605028,
            23.4406076
          ],
          [
            116.66380176,
            23.43197154
          ],
          [
            116.6640856,
            23.4312285
          ],
          [
            116.664341,
            23.4296818
          ],
          [
            116.6662658,
            23.4284557
          ],
          [
            116.6672071,
            23.4280718
          ],
          [
            116.6692989,
            23.4253024
          ],
          [
            116.6682052,
            23.4215716
          ],
          [
            116.66780821,
            23.42140249
          ],
          [
            116.6666723,
            23.4209186
          ],
          [
            116.6622072,
            23.4173187
          ],
          [
            116.6598401,
            23.4162326
          ],
          [
            116.6588933,
            23.4148291
          ],
          [
            116.6586266,
            23.4133072
          ],
          [
            116.6575677,
            23.4118955
          ],
          [
            116.6551442,
            23.4100203
          ],
          [
            116.6533886,
            23.4071343
          ],
          [
            116.6533982,
            23.4062715
          ],
          [
            116.6556412,
            23.4020529
          ],
          [
            116.6518046,
            23.3972115
          ],
          [
            116.6501623,
            23.3943779
          ],
          [
            116.6464451,
            23.3917686
          ],
          [
            116.6456533,
            23.3898679
          ],
          [
            116.6473587,
            23.3866815
          ],
          [
            116.6555811,
            23.379917
          ],
          [
            116.6584438,
            23.3761712
          ],
          [
            116.6598716,
            23.3718808
          ],
          [
            116.6611718,
            23.3640231
          ],
          [
            116.6604344,
            23.3604803
          ],
          [
            116.6595254,
            23.3579581
          ],
          [
            116.6569072,
            23.3538499
          ],
          [
            116.658321,
            23.34218943
          ]
        ]
      }
    },
    {
      "type": "Feature",
      "properties": {
        "adcode": "",
        "name": "源-蔗溪-韩江"
      },
      "geometry": {
        "type": "LineString",
        "coordinates": [
          [
            116.3958213,
            23.7958679
          ],
          [
            116.3963837,
            23.7952247
          ],
          [
            116.3976595,
            23.7945385
          ],
          [
            116.3989096,
            23.7934888
          ],
          [
            116.4004845,
            23.792701
          ],
          [
            116.4011973,
            23.7929022
          ],
          [
            116.4019062,
            23.7938383
          ],
          [
            116.4019304,
            23.7944501
          ],
          [
            116.4036594,
            23.7953458
          ],
          [
            116.4060253,
            23.7960734
          ],
          [
            116.4070855,
            23.7953727
          ],
          [
            116.4077432,
            23.7940793
          ],
          [
            116.4131521,
            23.7930967
          ],
          [
            116.4164948,
            23.7924394
          ],
          [
            116.4175199,
            23.7927024
          ],
          [
            116.4189249,
            23.7931272
          ],
          [
            116.4205109,
            23.7930062
          ],
          [
            116.4219973,
            23.7925829
          ],
          [
            116.4228618,
            23.7932629
          ],
          [
            116.4211637,
            23.7955231
          ],
          [
            116.4218407,
            23.795924
          ],
          [
            116.4235338,
            23.7953413
          ],
          [
            116.4239732,
            23.7961092
          ],
          [
            116.424177,
            23.7977165
          ],
          [
            116.4244844,
            23.7983589
          ],
          [
            116.4251498,
            23.7981448
          ],
          [
            116.4261972,
            23.7975385
          ],
          [
            116.4272007,
            23.7973632
          ],
          [
            116.427713,
            23.7975635
          ],
          [
            116.4276551,
            23.7980398
          ],
          [
            116.4274279,
            23.7983422
          ],
          [
            116.426077,
            23.7986673
          ],
          [
            116.4260006,
            23.7992037
          ],
          [
            116.4260683,
            23.8003887
          ],
          [
            116.4267706,
            23.802252
          ],
          [
            116.4274252,
            23.8032788
          ],
          [
            116.4273448,
            23.8050209
          ],
          [
            116.4274674,
            23.806076
          ],
          [
            116.4274327,
            23.8064976
          ],
          [
            116.4249451,
            23.8075407
          ],
          [
            116.4253079,
            23.809706
          ],
          [
            116.4271703,
            23.8109186
          ],
          [
            116.4271362,
            23.8116993
          ],
          [
            116.4253244,
            23.8132034
          ],
          [
            116.4255869,
            23.8138585
          ],
          [
            116.4265894,
            23.8142734
          ],
          [
            116.4277828,
            23.8151687
          ],
          [
            116.4283795,
            23.8160858
          ],
          [
            116.4308619,
            23.8159111
          ],
          [
            116.4328907,
            23.8155836
          ],
          [
            116.434349,
            23.8150377
          ],
          [
            116.4372864,
            23.8159238
          ],
          [
            116.4376818,
            23.8177101
          ],
          [
            116.4366637,
            23.8186499
          ],
          [
            116.4364148,
            23.8193362
          ],
          [
            116.4368169,
            23.8202603
          ],
          [
            116.4371983,
            23.8202603
          ],
          [
            116.437858,
            23.8199586
          ],
          [
            116.4383425,
            23.8199963
          ],
          [
            116.4391188,
            23.8194365
          ],
          [
            116.4396528,
            23.8185354
          ],
          [
            116.4400759,
            23.8173543
          ],
          [
            116.4406299,
            23.8172293
          ],
          [
            116.4423995,
            23.8177373
          ],
          [
            116.4428934,
            23.8178767
          ],
          [
            116.4433879,
            23.8177209
          ],
          [
            116.4441351,
            23.8172283
          ],
          [
            116.4445943,
            23.8173261
          ],
          [
            116.4448466,
            23.8175524
          ],
          [
            116.4448763,
            23.8179823
          ],
          [
            116.4448614,
            23.8185027
          ],
          [
            116.4447477,
            23.8186747
          ],
          [
            116.4448031,
            23.8194672
          ],
          [
            116.4447756,
            23.820005
          ],
          [
            116.445325,
            23.8202211
          ],
          [
            116.4459459,
            23.8202814
          ],
          [
            116.4470031,
            23.8202906
          ],
          [
            116.4479467,
            23.8201187
          ],
          [
            116.4482756,
            23.8202798
          ],
          [
            116.4486313,
            23.8210439
          ],
          [
            116.4486391,
            23.8217502
          ],
          [
            116.4489532,
            23.8226929
          ],
          [
            116.4491739,
            23.8229142
          ],
          [
            116.4498392,
            23.8233315
          ],
          [
            116.4497027,
            23.8244208
          ],
          [
            116.4500204,
            23.8256728
          ],
          [
            116.4498249,
            23.8274725
          ],
          [
            116.4508822,
            23.8306062
          ],
          [
            116.4532721,
            23.8316877
          ],
          [
            116.4549827,
            23.8331345
          ],
          [
            116.4560833,
            23.8338666
          ],
          [
            116.45753,
            23.8342165
          ],
          [
            116.4584122,
            23.8353036
          ],
          [
            116.4583653,
            23.8360544
          ],
          [
            116.4588077,
            23.8385042
          ],
          [
            116.4591454,
            23.8391859
          ],
          [
            116.4601003,
            23.8388876
          ],
          [
            116.4624066,
            23.8397274
          ],
          [
            116.4624678,
            23.842083
          ],
          [
            116.4645858,
            23.8413786
          ],
          [
            116.4660387,
            23.8403859
          ],
          [
            116.4702014,
            23.8448142
          ],
          [
            116.4716275,
            23.8453621
          ],
          [
            116.472854,
            23.8469795
          ],
          [
            116.4722617,
            23.8486385
          ],
          [
            116.4709845,
            23.8498387
          ],
          [
            116.4702846,
            23.851519
          ],
          [
            116.4682031,
            23.8524987
          ],
          [
            116.4681228,
            23.8530917
          ],
          [
            116.4698465,
            23.8557204
          ],
          [
            116.4701815,
            23.858361
          ],
          [
            116.4711942,
            23.8596771
          ],
          [
            116.473315,
            23.8605667
          ],
          [
            116.4778044,
            23.8632509
          ],
          [
            116.4783989,
            23.8631474
          ],
          [
            116.4786064,
            23.8624916
          ],
          [
            116.4782196,
            23.8610764
          ],
          [
            116.4791018,
            23.8601579
          ],
          [
            116.4797251,
            23.8603183
          ],
          [
            116.4815479,
            23.8641028
          ],
          [
            116.4821599,
            23.864562
          ],
          [
            116.4835514,
            23.8645485
          ],
          [
            116.4844908,
            23.8640792
          ],
          [
            116.4854078,
            23.8623228
          ],
          [
            116.486517,
            23.8619971
          ],
          [
            116.4877179,
            23.8634024
          ],
          [
            116.4922988,
            23.86484906
          ]
        ]
      }
    },
    {
      "type": "Feature",
      "properties": {
        "name": "西溪-外砂河-海"
      },
      "geometry": {
        "type": "LineString",
        "coordinates": [
          [
            116.7102974,
            23.4743991
          ],
          [
            116.7182692,
            23.4709803
          ],
          [
            116.728322,
            23.4618502
          ],
          [
            116.7946522,
            23.4341306
          ],
          [
            116.8034799,
            23.4260308
          ],
          [
            116.8085105,
            23.4000358
          ],
          [
            116.833366,
            23.3757619
          ]
        ]
      }
    },
    {
      "type": "Feature",
      "properties": {
        "name": "西溪-新津河-海"
      },
      "geometry": {
        "type": "LineString",
        "coordinates": [
          [
            116.7102974,
            23.4743991
          ],
          [
            116.7079928,
            23.4608295
          ],
          [
            116.709872,
            23.4531509
          ],
          [
            116.7127701,
            23.4500633
          ],
          [
            116.7212776,
            23.4480478
          ],
          [
            116.7282892,
            23.4429445
          ],
          [
            116.732152,
            23.4394725
          ],
          [
            116.733238,
            23.4301996
          ],
          [
            116.7309797,
            23.4233613
          ],
          [
            116.7350033,
            23.4141777
          ],
          [
            116.7389044,
            23.4128163
          ],
          [
            116.7482452,
            23.4151861
          ],
          [
            116.7522013,
            23.4128667
          ],
          [
            116.7549486,
            23.4053536
          ],
          [
            116.7620036,
            23.3974107
          ],
          [
            116.7639589,
            23.390927
          ],
          [
            116.7631817,
            23.3826557
          ],
          [
            116.7656437,
            23.3717382
          ],
          [
            116.7681508,
            23.358313
          ],
          [
            116.7698152,
            23.3540643
          ],
          [
            116.7919276,
            23.3348925
          ]
        ]
      }
    },
    {
      "type": "Feature",
      "properties": {
        "name": "西溪-梅溪-榕江"
      },
      "geometry": {
        "type": "LineString",
        "coordinates": [
          [
            116.7102974,
            23.4743991
          ],
          [
            116.7052646,
            23.4609413
          ],
          [
            116.6974247,
            23.4598087
          ],
          [
            116.69730826,
            23.45897196
          ],
          [
            116.6966839,
            23.4544855
          ],
          [
            116.693906,
            23.4498417
          ],
          [
            116.6960666,
            23.4453676
          ],
          [
            116.6983695,
            23.439703
          ],
          [
            116.6970955,
            23.431651
          ],
          [
            116.6943443,
            23.4244528
          ],
          [
            116.6990092,
            23.4134403
          ],
          [
            116.6961192,
            23.4043221
          ],
          [
            116.6933155,
            23.3976397
          ],
          [
            116.6928773,
            23.3929928
          ],
          [
            116.6866542,
            23.385721
          ],
          [
            116.6865025,
            23.3772979
          ],
          [
            116.6818477,
            23.3676285
          ],
          [
            116.6756182,
            23.3660095
          ],
          [
            116.6738562,
            23.3645221
          ],
          [
            116.6724511,
            23.3644447
          ],
          [
            116.6648637,
            23.3600591
          ],
          [
            116.6607545,
            23.3590756
          ],
          [
            116.6576368,
            23.3545308
          ],
          [
            116.6587653,
            23.3433932
          ],
          [
            116.6589027,
            23.34225996
          ]
        ]
      }
    },
    {
      "type": "Feature",
      "properties": {
        "name": "韩江-东溪-分"
      },
      "geometry": {
        "type": "LineString",
        "coordinates": [
          [
            116.6498981,
            23.6583439
          ],
          [
            116.6501172,
            23.6452873
          ],
          [
            116.6342972,
            23.6348739
          ],
          [
            116.6358757,
            23.6243515
          ],
          [
            116.6519626,
            23.6225383
          ],
          [
            116.6799972,
            23.5975981
          ],
          [
            116.6861621,
            23.593145
          ],
          [
            116.6985552,
            23.5749524
          ],
          [
            116.7128248,
            23.5666524
          ],
          [
            116.7163489,
            23.5519296
          ],
          [
            116.7317929,
            23.5464744
          ],
          [
            116.7396772,
            23.5346891
          ]
        ]
      }
    },
    {
      "type": "Feature",
      "properties": {
        "name": "韩江-北溪-义丰溪"
      },
      "geometry": {
        "type": "LineString",
        "coordinates": [
          [
            116.6498981,
            23.6583439
          ],
          [
            116.6542619,
            23.6506703
          ],
          [
            116.6560944,
            23.6495164
          ],
          [
            116.6570354,
            23.6486078
          ],
          [
            116.659655,
            23.6474313
          ],
          [
            116.6614099,
            23.6458703
          ],
          [
            116.6657544,
            23.6451748
          ],
          [
            116.6696681,
            23.6464339
          ],
          [
            116.6725801,
            23.6492721
          ],
          [
            116.6782548,
            23.6513039
          ],
          [
            116.6793794,
            23.6510229
          ],
          [
            116.6848495,
            23.6494542
          ],
          [
            116.6889987,
            23.6487998
          ],
          [
            116.6914758,
            23.6481624
          ],
          [
            116.6937991,
            23.6469801
          ],
          [
            116.6973026,
            23.6522161
          ],
          [
            116.7007088,
            23.6533975
          ],
          [
            116.7041846,
            23.6511555
          ],
          [
            116.7053972,
            23.6479158
          ],
          [
            116.7060793,
            23.646319
          ],
          [
            116.7082014,
            23.6457636
          ],
          [
            116.7124919,
            23.6491103
          ],
          [
            116.716361,
            23.6484988
          ],
          [
            116.7215489,
            23.6463256
          ],
          [
            116.7213766,
            23.6436178
          ],
          [
            116.7163607,
            23.6415462
          ],
          [
            116.7180126,
            23.6393507
          ],
          [
            116.7201542,
            23.6402073
          ],
          [
            116.7224013,
            23.6394474
          ],
          [
            116.7205721,
            23.6355792
          ],
          [
            116.7236404,
            23.6259238
          ],
          [
            116.7326517,
            23.6232163
          ],
          [
            116.7398036,
            23.6191481
          ],
          [
            116.7433581,
            23.6183538
          ],
          [
            116.747305,
            23.6072916
          ],
          [
            116.7506404,
            23.6056216
          ],
          [
            116.7528411,
            23.6054326
          ],
          [
            116.7539414,
            23.6041092
          ],
          [
            116.7541495,
            23.6012382
          ],
          [
            116.7521267,
            23.5965892
          ],
          [
            116.7526101,
            23.5919928
          ],
          [
            116.7564424,
            23.590414
          ],
          [
            116.7620325,
            23.5918918
          ],
          [
            116.7668158,
            23.5939266
          ],
          [
            116.7711228,
            23.5932855
          ],
          [
            116.7729942,
            23.5912924
          ],
          [
            116.7727747,
            23.5890484
          ],
          [
            116.7687122,
            23.5827477
          ],
          [
            116.7683625,
            23.5801103
          ],
          [
            116.7708483,
            23.5772539
          ],
          [
            116.7749295,
            23.5764378
          ],
          [
            116.7892021,
            23.5771767
          ],
          [
            116.7874778,
            23.572518
          ],
          [
            116.7891974,
            23.5692081
          ],
          [
            116.7977993,
            23.566816
          ],
          [
            116.8017465,
            23.5688364
          ],
          [
            116.8062577,
            23.5659702
          ],
          [
            116.806823,
            23.5650215
          ],
          [
            116.8076885,
            23.5603773
          ]
        ]
      }
    },
    {
      "type": "Feature",
      "properties": {
        "name": "韩江-西溪-分"
      },
      "geometry": {
        "type": "LineString",
        "coordinates": [
          [
            116.6498981,
            23.6583439
          ],
          [
            116.6344018,
            23.6473863
          ],
          [
            116.6193392,
            23.625195
          ],
          [
            116.6289405,
            23.6152682
          ],
          [
            116.6443977,
            23.6058389
          ],
          [
            116.6529583,
            23.5577661
          ],
          [
            116.6565382,
            23.5479211
          ],
          [
            116.6653458,
            23.5462209
          ],
          [
            116.6797024,
            23.5561342
          ],
          [
            116.6866942,
            23.5581851
          ],
          [
            116.6941521,
            23.5551942
          ],
          [
            116.7022233,
            23.5444668
          ],
          [
            116.6981957,
            23.5200208
          ],
          [
            116.7048516,
            23.4993563
          ],
          [
            116.7102974,
            23.4743991
          ]
        ]
      }
    }
  ]
}