{
  "type": "FeatureCollection",
  "name": "merged_teoswa",
  "properties": {
    "description": "潮汕所有区县当前轮廓合并快照（构建读取的单一文件），源自 data/geojson/polygons/county/ 各文件；源文件未改动。"
  },
  "features": [
    {
      "type": "Feature",
      "properties": {
        "name": "三甲",
        "adcode": 441581,
        "parent": "汕尾陆丰",
        "outer": true
      },
      "geometry": {
        "type": "Polygon",
        "coordinates": [
          [
            [
              115.9961793,
              22.8340912
            ],
            [
              115.98437068823932,
              22.845749838489848
            ],
            [
              115.97204380309672,
              22.850212028087547
            ],
            [
              115.97718036437126,
              22.85494197605285
            ],
            [
              115.98437003793016,
              22.85602785859381
            ],
            [
              115.98454154837904,
              22.856343232453845
            ],
            [
              115.98248697408604,
              22.85903717740657
            ],
            [
              115.98419922416976,
              22.86045562466747
            ],
            [
              115.9876229871333,
              22.857282768450386
            ],
            [
              115.99087589763778,
              22.857273063898056
            ],
            [
              115.99446959282872,
              22.85979225867838
            ],
            [
              115.99549677999435,
              22.858207775266195
            ],
            [
              115.99755084044364,
              22.859782937819695
            ],
            [
              115.99635308566822,
              22.86231656961451
            ],
            [
              115.99943421531653,
              22.863888610392877
            ],
            [
              115.99960419633692,
              22.872267766774772
            ],
            [
              115.99840650708214,
              22.87385276543589
            ],
            [
              115.9843688168004,
              22.875317226950333
            ],
            [
              115.98197224268516,
              22.87674763951579
            ],
            [
              115.9780347622991,
              22.87644205127832
            ],
            [
              115.97803458234868,
              22.87928890663741
            ],
            [
              115.9749524136792,
              22.882142400580733
            ],
            [
              115.97649331269264,
              22.88403533455004
            ],
            [
              115.97358285815258,
              22.882936860608943
            ],
            [
              115.9737532555176,
              22.885624302824315
            ],
            [
              115.97255513208498,
              22.887998617401777
            ],
            [
              115.96981490369592,
              22.88832186662377
            ],
            [
              115.96964422044654,
              22.88990367575894
            ],
            [
              115.96724589451895,
              22.89149033050421
            ],
            [
              115.96930074692868,
              22.894804582159704
            ],
            [
              115.96981434515004,
              22.897174245141425
            ],
            [
              115.96810239059704,
              22.898760113293378
            ],
            [
              115.96827266193436,
              22.90381757852349
            ],
            [
              115.96793041287798,
              22.90492501636641
            ],
            [
              115.9638199734874,
              22.905568277921823
            ],
            [
              115.96193603579496,
              22.90825983027464
            ],
            [
              115.96210645791732,
              22.911420096393815
            ],
            [
              115.959366367011,
              22.91237531760994
            ],
            [
              115.95731092018625,
              22.90858671000932
            ],
            [
              115.9540553809824,
              22.909700592315968
            ],
            [
              115.95080041256897,
              22.91144585020261
            ],
            [
              115.9513143103523,
              22.913973717000445
            ],
            [
              115.94908600662512,
              22.91903620346299
            ],
            [
              115.94994313671718,
              22.924566127107926
            ],
            [
              115.9511417320201,
              22.928198101694164
            ],
            [
              115.95833741742167,
              22.930236236360543
            ],
            [
              115.95919340857944,
              22.933394881586633
            ],
            [
              115.95610958947816,
              22.936878557614815
            ],
            [
              115.9617624532428,
              22.939394145334695
            ],
            [
              115.96655840189158,
              22.94080448526225
            ],
            [
              115.9656482,
              22.9435647
            ],
            [
              115.9686959,
              22.9428287
            ],
            [
              115.9693112,
              22.9424954
            ],
            [
              115.9680263,
              22.9418788
            ],
            [
              115.9682859,
              22.9415235
            ],
            [
              115.9709951,
              22.9423615
            ],
            [
              115.9715148,
              22.9448229
            ],
            [
              115.972287,
              22.9450144
            ],
            [
              115.9751084,
              22.9420196
            ],
            [
              115.9757686,
              22.9411494
            ],
            [
              115.975828,
              22.9401784
            ],
            [
              115.9741921,
              22.9389441
            ],
            [
              115.9732778,
              22.9379901
            ],
            [
              115.9731342,
              22.9371308
            ],
            [
              115.9734529,
              22.9350866
            ],
            [
              115.9758581,
              22.9322084
            ],
            [
              115.9765743,
              22.9299102
            ],
            [
              115.9776894,
              22.9283358
            ],
            [
              115.9793859,
              22.9276573
            ],
            [
              115.9855592,
              22.9335951
            ],
            [
              115.9885329,
              22.9353949
            ],
            [
              115.9935626,
              22.9365058
            ],
            [
              115.9957507,
              22.9385814
            ],
            [
              115.9981742,
              22.9423951
            ],
            [
              116.0006297,
              22.9450263
            ],
            [
              116.0022593,
              22.9477191
            ],
            [
              116.0042065,
              22.9488585
            ],
            [
              116.0064834,
              22.9487146
            ],
            [
              116.0086315,
              22.9471217
            ],
            [
              116.0095244,
              22.9454772
            ],
            [
              116.0091572,
              22.9428716
            ],
            [
              116.0096765,
              22.9406121
            ],
            [
              116.0126008,
              22.9365006
            ],
            [
              116.0149251,
              22.9359574
            ],
            [
              116.016309,
              22.9372731
            ],
            [
              116.0173136,
              22.9400483
            ],
            [
              116.0190547,
              22.9409323
            ],
            [
              116.0223417,
              22.9413413
            ],
            [
              116.0259257,
              22.9408511
            ],
            [
              116.0289538,
              22.938228
            ],
            [
              116.0325922,
              22.9375254
            ],
            [
              116.0349254,
              22.9320136
            ],
            [
              116.0409825,
              22.9304736
            ],
            [
              116.0432917,
              22.9256057
            ],
            [
              116.0476364,
              22.9241235
            ],
            [
              116.0553909,
              22.9226155
            ],
            [
              116.059969,
              22.920096
            ],
            [
              116.0663967,
              22.918926
            ],
            [
              116.0771163,
              22.9179376
            ],
            [
              116.0791059,
              22.9153113
            ],
            [
              116.0845698,
              22.9037786
            ],
            [
              116.0920393,
              22.9009388
            ],
            [
              116.0968458,
              22.8984172
            ],
            [
              116.09841,
              22.8936237
            ],
            [
              116.1140791,
              22.8956946
            ],
            [
              116.122153,
              22.8957481
            ],
            [
              116.1259846,
              22.897028
            ],
            [
              116.1278821,
              22.9011173
            ],
            [
              116.12932,
              22.9020806
            ],
            [
              116.131301,
              22.9019767
            ],
            [
              116.1383848,
              22.8983284
            ],
            [
              116.1399342,
              22.8952414
            ],
            [
              116.1404147,
              22.8935988
            ],
            [
              116.1411939,
              22.8926466
            ],
            [
              116.1432881,
              22.8918415
            ],
            [
              116.1448464,
              22.8915779
            ],
            [
              116.1464048,
              22.8914753
            ],
            [
              116.1512744,
              22.888973
            ],
            [
              116.1521967,
              22.8895883
            ],
            [
              116.1578416,
              22.8907602
            ],
            [
              116.1582546,
              22.8920259
            ],
            [
              116.1577457,
              22.8923628
            ],
            [
              116.1580002,
              22.8935786
            ],
            [
              116.1601945,
              22.893271
            ],
            [
              116.1621504,
              22.8940181
            ],
            [
              116.1641222,
              22.8937105
            ],
            [
              116.1680123,
              22.8961652
            ],
            [
              116.1682988,
              22.8989717
            ],
            [
              116.1666733,
              22.899324
            ],
            [
              116.1660594,
              22.9026117
            ],
            [
              116.1654857,
              22.9082926
            ],
            [
              116.1657332,
              22.9093087
            ],
            [
              116.1666176,
              22.9093747
            ],
            [
              116.1666123,
              22.9103224
            ],
            [
              116.1668677,
              22.9106047
            ],
            [
              116.1671401,
              22.9106517
            ],
            [
              116.1677282,
              22.9102632
            ],
            [
              116.1678474,
              22.911518
            ],
            [
              116.1682561,
              22.9121454
            ],
            [
              116.1719511,
              22.9144039
            ],
            [
              116.170822,
              22.9178327
            ],
            [
              116.1706347,
              22.9207969
            ],
            [
              116.1708357,
              22.9225581
            ],
            [
              116.1723214,
              22.922971
            ],
            [
              116.1752092,
              22.9264142
            ],
            [
              116.1804297,
              22.9270294
            ],
            [
              116.1862361,
              22.9303697
            ],
            [
              116.203317,
              22.932258
            ],
            [
              116.2038595,
              22.9314454
            ],
            [
              116.2053689,
              22.930957
            ],
            [
              116.2054197,
              22.9304962
            ],
            [
              116.2060995,
              22.9303226
            ],
            [
              116.2071548,
              22.9302641
            ],
            [
              116.2083657,
              22.9304438
            ],
            [
              116.2089421,
              22.9288485
            ],
            [
              116.21034,
              22.9290169
            ],
            [
              116.2115522,
              22.9270815
            ],
            [
              116.2144658,
              22.9278181
            ],
            [
              116.2159203,
              22.9248832
            ],
            [
              116.2164856,
              22.9250669
            ],
            [
              116.2168992,
              22.9246637
            ],
            [
              116.2193287,
              22.9236174
            ],
            [
              116.2183805,
              22.9209492
            ],
            [
              116.219591,
              22.9199088
            ],
            [
              116.1912703,
              22.8974072
            ],
            [
              116.1829893,
              22.8840112
            ],
            [
              116.1840023,
              22.8811632
            ],
            [
              116.1737153,
              22.8783742
            ],
            [
              116.1631203,
              22.8639762
            ],
            [
              116.1569533,
              22.8625672
            ],
            [
              116.1483783,
              22.8526182
            ],
            [
              116.1441923,
              22.8526712
            ],
            [
              116.1445033,
              22.8496422
            ],
            [
              116.1381753,
              22.8494602
            ],
            [
              116.1315313,
              22.8405852
            ],
            [
              116.1285023,
              22.8417732
            ],
            [
              116.1224943,
              22.8377702
            ],
            [
              116.1134433,
              22.8390822
            ],
            [
              116.1074603,
              22.8336932
            ],
            [
              116.1043193,
              22.8344152
            ],
            [
              116.0931583,
              22.8229802
            ],
            [
              116.0902383,
              22.8218662
            ],
            [
              116.0822523,
              22.8291932
            ],
            [
              116.0791993,
              22.8431132
            ],
            [
              116.0734163,
              22.8463062
            ],
            [
              116.0740253,
              22.8499552
            ],
            [
              116.0462223,
              22.8525292
            ],
            [
              116.0162443,
              22.8452402
            ],
            [
              115.9961793,
              22.8340912
            ]
          ]
        ]
      }
    },
    {
      "type": "Feature",
      "properties": {
        "name": "南澳",
        "adcode": 440523,
        "parent": "汕头",
        "outer": false
      },
      "geometry": {
        "type": "Polygon",
        "coordinates": [
          [
            [
              117.145407,
              23.456116
            ],
            [
              117.144891,
              23.458054
            ],
            [
              117.143044,
              23.459876
            ],
            [
              117.141272,
              23.460027
            ],
            [
              117.139177,
              23.459162
            ],
            [
              117.135064,
              23.457024
            ],
            [
              117.132432,
              23.455305
            ],
            [
              117.13109,
              23.455142
            ],
            [
              117.12921,
              23.456607
            ],
            [
              117.127663,
              23.458817
            ],
            [
              117.126793,
              23.462286
            ],
            [
              117.126761,
              23.463509
            ],
            [
              117.127513,
              23.46452
            ],
            [
              117.128598,
              23.467662
            ],
            [
              117.132346,
              23.468879
            ],
            [
              117.132894,
              23.472692
            ],
            [
              117.131766,
              23.474539
            ],
            [
              117.131938,
              23.476942
            ],
            [
              117.130864,
              23.479025
            ],
            [
              117.1295,
              23.483353
            ],
            [
              117.126783,
              23.484539
            ],
            [
              117.125472,
              23.484224
            ],
            [
              117.123571,
              23.48483
            ],
            [
              117.122852,
              23.483619
            ],
            [
              117.12269,
              23.481222
            ],
            [
              117.121455,
              23.479709
            ],
            [
              117.120542,
              23.479472
            ],
            [
              117.117084,
              23.48015
            ],
            [
              117.114238,
              23.480205
            ],
            [
              117.112777,
              23.478577
            ],
            [
              117.109243,
              23.476833
            ],
            [
              117.108889,
              23.476307
            ],
            [
              117.1089,
              23.473383
            ],
            [
              117.10658,
              23.468085
            ],
            [
              117.103851,
              23.464556
            ],
            [
              117.093358,
              23.45941
            ],
            [
              117.091532,
              23.45924
            ],
            [
              117.084604,
              23.461868
            ],
            [
              117.083842,
              23.462946
            ],
            [
              117.083874,
              23.46587
            ],
            [
              117.082295,
              23.46903
            ],
            [
              117.079459,
              23.472923
            ],
            [
              117.076463,
              23.474896
            ],
            [
              117.072285,
              23.475683
            ],
            [
              117.064476,
              23.475671
            ],
            [
              117.058483,
              23.473401
            ],
            [
              117.05423,
              23.470459
            ],
            [
              117.051233,
              23.467855
            ],
            [
              117.048795,
              23.46435
            ],
            [
              117.048462,
              23.460167
            ],
            [
              117.045347,
              23.458011
            ],
            [
              117.04263,
              23.457666
            ],
            [
              117.040536,
              23.455402
            ],
            [
              117.038495,
              23.450716
            ],
            [
              117.037474,
              23.44721
            ],
            [
              117.034993,
              23.448094
            ],
            [
              117.031363,
              23.445224
            ],
            [
              117.029312,
              23.443286
            ],
            [
              117.025413,
              23.44038
            ],
            [
              117.024929,
              23.437631
            ],
            [
              117.022814,
              23.436807
            ],
            [
              117.019634,
              23.437449
            ],
            [
              117.016648,
              23.438793
            ],
            [
              117.01174,
              23.442953
            ],
            [
              117.008239,
              23.447058
            ],
            [
              117.00579,
              23.451145
            ],
            [
              117.003534,
              23.455583
            ],
            [
              117.001365,
              23.457345
            ],
            [
              116.999625,
              23.457775
            ],
            [
              116.997015,
              23.457297
            ],
            [
              116.993717,
              23.457648
            ],
            [
              116.991623,
              23.458163
            ],
            [
              116.989152,
              23.459743
            ],
            [
              116.98563,
              23.460796
            ],
            [
              116.982837,
              23.46076
            ],
            [
              116.981516,
              23.460391
            ],
            [
              116.974449,
              23.457121
            ],
            [
              116.969282,
              23.453634
            ],
            [
              116.961399,
              23.447234
            ],
            [
              116.958681,
              23.446598
            ],
            [
              116.9546,
              23.446592
            ],
            [
              116.951077,
              23.446265
            ],
            [
              116.946276,
              23.442553
            ],
            [
              116.94474,
              23.43998
            ],
            [
              116.944912,
              23.437176
            ],
            [
              116.945599,
              23.434875
            ],
            [
              116.945728,
              23.432441
            ],
            [
              116.943838,
              23.428898
            ],
            [
              116.943892,
              23.42561
            ],
            [
              116.945073,
              23.422818
            ],
            [
              116.946136,
              23.421995
            ],
            [
              116.949176,
              23.42062
            ],
            [
              116.95431,
              23.419154
            ],
            [
              116.958617,
              23.418809
            ],
            [
              116.961119,
              23.419288
            ],
            [
              116.962129,
              23.418755
            ],
            [
              116.964696,
              23.416362
            ],
            [
              116.966586,
              23.415708
            ],
            [
              116.969776,
              23.415212
            ],
            [
              116.975039,
              23.415218
            ],
            [
              116.978508,
              23.414533
            ],
            [
              116.981741,
              23.414515
            ],
            [
              116.98607,
              23.415327
            ],
            [
              116.990065,
              23.415109
            ],
            [
              116.993771,
              23.415412
            ],
            [
              116.995307,
              23.415914
            ],
            [
              116.999506,
              23.416241
            ],
            [
              117.005543,
              23.415527
            ],
            [
              117.015854,
              23.414691
            ],
            [
              117.018947,
              23.41497
            ],
            [
              117.022405,
              23.414649
            ],
            [
              117.02508,
              23.415157
            ],
            [
              117.02885,
              23.414806
            ],
            [
              117.030719,
              23.413837
            ],
            [
              117.030869,
              23.413013
            ],
            [
              117.029279,
              23.407962
            ],
            [
              117.029913,
              23.406345
            ],
            [
              117.03784,
              23.404274
            ],
            [
              117.039891,
              23.403613
            ],
            [
              117.045326,
              23.402511
            ],
            [
              117.050503,
              23.400785
            ],
            [
              117.054971,
              23.400373
            ],
            [
              117.056872,
              23.400615
            ],
            [
              117.064347,
              23.404776
            ],
            [
              117.06989,
              23.406799
            ],
            [
              117.074379,
              23.407017
            ],
            [
              117.079105,
              23.40901
            ],
            [
              117.081973,
              23.409131
            ],
            [
              117.086215,
              23.408628
            ],
            [
              117.089652,
              23.407726
            ],
            [
              117.098782,
              23.405049
            ],
            [
              117.100361,
              23.40431
            ],
            [
              117.100898,
              23.402965
            ],
            [
              117.100425,
              23.400439
            ],
            [
              117.100801,
              23.398962
            ],
            [
              117.103314,
              23.397738
            ],
            [
              117.103647,
              23.396969
            ],
            [
              117.102294,
              23.395079
            ],
            [
              117.102187,
              23.393637
            ],
            [
              117.103733,
              23.392916
            ],
            [
              117.107245,
              23.394431
            ],
            [
              117.109383,
              23.396514
            ],
            [
              117.112047,
              23.398501
            ],
            [
              117.114076,
              23.399446
            ],
            [
              117.118136,
              23.399258
            ],
            [
              117.12037,
              23.398047
            ],
            [
              117.120929,
              23.396411
            ],
            [
              117.120993,
              23.393377
            ],
            [
              117.122239,
              23.390984
            ],
            [
              117.124291,
              23.389718
            ],
            [
              117.125547,
              23.389754
            ],
            [
              117.127481,
              23.390572
            ],
            [
              117.128866,
              23.392171
            ],
            [
              117.129328,
              23.394225
            ],
            [
              117.130402,
              23.395255
            ],
            [
              117.132851,
              23.395024
            ],
            [
              117.13574,
              23.393577
            ],
            [
              117.136707,
              23.393486
            ],
            [
              117.136997,
              23.394915
            ],
            [
              117.135676,
              23.395927
            ],
            [
              117.13603,
              23.396757
            ],
            [
              117.13747,
              23.396648
            ],
            [
              117.140058,
              23.397914
            ],
            [
              117.142937,
              23.400433
            ],
            [
              117.144344,
              23.404552
            ],
            [
              117.145525,
              23.411826
            ],
            [
              117.145267,
              23.415696
            ],
            [
              117.143828,
              23.418101
            ],
            [
              117.14183,
              23.420214
            ],
            [
              117.135977,
              23.422643
            ],
            [
              117.135966,
              23.423448
            ],
            [
              117.137856,
              23.424472
            ],
            [
              117.138715,
              23.42555
            ],
            [
              117.139478,
              23.427784
            ],
            [
              117.139005,
              23.430897
            ],
            [
              117.137824,
              23.432726
            ],
            [
              117.135622,
              23.434415
            ],
            [
              117.135354,
              23.435887
            ],
            [
              117.135751,
              23.437649
            ],
            [
              117.136836,
              23.439907
            ],
            [
              117.139757,
              23.442596
            ],
            [
              117.142109,
              23.442983
            ],
            [
              117.145976,
              23.438775
            ],
            [
              117.148586,
              23.438018
            ],
            [
              117.1498,
              23.440531
            ],
            [
              117.151873,
              23.442463
            ],
            [
              117.155342,
              23.442251
            ],
            [
              117.155718,
              23.443783
            ],
            [
              117.154794,
              23.44506
            ],
            [
              117.150111,
              23.447609
            ],
            [
              117.146685,
              23.448615
            ],
            [
              117.145117,
              23.450074
            ],
            [
              117.145869,
              23.453858
            ],
            [
              117.145407,
              23.456116
            ]
          ]
        ]
      }
    },
    {
      "type": "Feature",
      "properties": {
        "name": "惠来",
        "adcode": 445224,
        "parent": "揭阳",
        "outer": false
      },
      "geometry": {
        "type": "Polygon",
        "coordinates": [
          [
            [
              116.5325173,
              23.1021012
            ],
            [
              116.5294563,
              23.1027162
            ],
            [
              116.5289449,
              23.1027275
            ],
            [
              116.5283563,
              23.1022342
            ],
            [
              116.5274213,
              23.1010142
            ],
            [
              116.5266989,
              23.1004635
            ],
            [
              116.5255313,
              23.1004262
            ],
            [
              116.5235483,
              23.1008362
            ],
            [
              116.5206513,
              23.1000692
            ],
            [
              116.5196577,
              23.0993333
            ],
            [
              116.5193326,
              23.0985994
            ],
            [
              116.5185863,
              23.0980922
            ],
            [
              116.5158333,
              23.0972902
            ],
            [
              116.5143867,
              23.0978061
            ],
            [
              116.5135297,
              23.0984857
            ],
            [
              116.5127613,
              23.0985944
            ],
            [
              116.5117743,
              23.0980922
            ],
            [
              116.5111061,
              23.0973245
            ],
            [
              116.5100283,
              23.0967022
            ],
            [
              116.5092592,
              23.0967944
            ],
            [
              116.5083135,
              23.0973925
            ],
            [
              116.5075398,
              23.0985415
            ],
            [
              116.5058935,
              23.0999082
            ],
            [
              116.5054206,
              23.1010091
            ],
            [
              116.5053223,
              23.1033842
            ],
            [
              116.5032373,
              23.1048722
            ],
            [
              116.5021109,
              23.1048419
            ],
            [
              116.5015523,
              23.1044802
            ],
            [
              116.5023731,
              23.1014727
            ],
            [
              116.5014127,
              23.1017038
            ],
            [
              116.5005963,
              23.1022082
            ],
            [
              116.4992093,
              23.1036512
            ],
            [
              116.4970195,
              23.1018692
            ],
            [
              116.4950361,
              23.102274
            ],
            [
              116.4934065,
              23.1019301
            ],
            [
              116.4917072,
              23.1043494
            ],
            [
              116.4904363,
              23.1052102
            ],
            [
              116.4880733,
              23.1057092
            ],
            [
              116.4850933,
              23.1051832
            ],
            [
              116.4832233,
              23.1063592
            ],
            [
              116.4805833,
              23.1057892
            ],
            [
              116.4772133,
              23.1060922
            ],
            [
              116.4743263,
              23.1069652
            ],
            [
              116.4708543,
              23.1065461
            ],
            [
              116.4698163,
              23.1059762
            ],
            [
              116.4657775,
              23.1016349
            ],
            [
              116.4598251,
              23.10158
            ],
            [
              116.458768,
              23.096877
            ],
            [
              116.4572608,
              23.0958032
            ],
            [
              116.4493191,
              23.0936859
            ],
            [
              116.4465217,
              23.0936566
            ],
            [
              116.4437354,
              23.0943498
            ],
            [
              116.4405559,
              23.0958467
            ],
            [
              116.4394034,
              23.0955285
            ],
            [
              116.4385983,
              23.0938163
            ],
            [
              116.4426135,
              23.0898681
            ],
            [
              116.441977,
              23.0883455
            ],
            [
              116.4351443,
              23.0848587
            ],
            [
              116.4325302,
              23.0827667
            ],
            [
              116.4318742,
              23.079722
            ],
            [
              116.4318438,
              23.0775967
            ],
            [
              116.4309497,
              23.0752196
            ],
            [
              116.4291135,
              23.0733631
            ],
            [
              116.4288032,
              23.0722892
            ],
            [
              116.4280939,
              23.0715007
            ],
            [
              116.4263398,
              23.0709515
            ],
            [
              116.4245083,
              23.0693912
            ],
            [
              116.4234647,
              23.0667435
            ],
            [
              116.4221491,
              23.0658661
            ],
            [
              116.4202884,
              23.0666153
            ],
            [
              116.4181014,
              23.066289
            ],
            [
              116.4161272,
              23.0633057
            ],
            [
              116.4139473,
              23.0621012
            ],
            [
              116.4102793,
              23.0604522
            ],
            [
              116.4071663,
              23.0594542
            ],
            [
              116.4007911,
              23.056423
            ],
            [
              116.400081,
              23.0548769
            ],
            [
              116.3990466,
              23.0538843
            ],
            [
              116.393183,
              23.0511837
            ],
            [
              116.3912415,
              23.0470071
            ],
            [
              116.3893501,
              23.0461369
            ],
            [
              116.3869126,
              23.0457486
            ],
            [
              116.385499,
              23.0457057
            ],
            [
              116.38411,
              23.0454881
            ],
            [
              116.3841673,
              23.0445347
            ],
            [
              116.3835319,
              23.0437324
            ],
            [
              116.3811631,
              23.0429293
            ],
            [
              116.3789757,
              23.0426103
            ],
            [
              116.3772631,
              23.0427745
            ],
            [
              116.3758451,
              23.0423679
            ],
            [
              116.3732714,
              23.0444383
            ],
            [
              116.3747431,
              23.0451118
            ],
            [
              116.3746102,
              23.0456693
            ],
            [
              116.371769,
              23.0471662
            ],
            [
              116.3691084,
              23.0468572
            ],
            [
              116.3675569,
              23.04744
            ],
            [
              116.3660863,
              23.0484184
            ],
            [
              116.3654509,
              23.049343
            ],
            [
              116.3675402,
              23.0499921
            ],
            [
              116.3680469,
              23.0504093
            ],
            [
              116.3680833,
              23.0512907
            ],
            [
              116.3685437,
              23.0516056
            ],
            [
              116.3691015,
              23.0513712
            ],
            [
              116.3695865,
              23.0509473
            ],
            [
              116.3713245,
              23.0502844
            ],
            [
              116.3719551,
              23.0502844
            ],
            [
              116.3726641,
              23.0506204
            ],
            [
              116.3744587,
              23.0508324
            ],
            [
              116.3750528,
              23.0515576
            ],
            [
              116.3748224,
              23.0519147
            ],
            [
              116.3728217,
              23.0517919
            ],
            [
              116.3722233,
              23.051442
            ],
            [
              116.3712104,
              23.0514991
            ],
            [
              116.3707496,
              23.0520012
            ],
            [
              116.3706419,
              23.0525539
            ],
            [
              116.3703539,
              23.0529556
            ],
            [
              116.369422,
              23.0531141
            ],
            [
              116.368045,
              23.0529182
            ],
            [
              116.3669241,
              23.0529022
            ],
            [
              116.3666953,
              23.0534331
            ],
            [
              116.3670263,
              23.0541962
            ],
            [
              116.368304,
              23.055558
            ],
            [
              116.3682797,
              23.0560154
            ],
            [
              116.3670589,
              23.0570108
            ],
            [
              116.3661737,
              23.05816
            ],
            [
              116.3637473,
              23.0599893
            ],
            [
              116.3621789,
              23.0603016
            ],
            [
              116.3612331,
              23.0601789
            ],
            [
              116.360348,
              23.0596099
            ],
            [
              116.3590506,
              23.0596229
            ],
            [
              116.3582117,
              23.0600366
            ],
            [
              116.3563929,
              23.0605944
            ],
            [
              116.3553173,
              23.0607608
            ],
            [
              116.3545736,
              23.0611236
            ],
            [
              116.3545372,
              23.0614917
            ],
            [
              116.3557013,
              23.0620496
            ],
            [
              116.3558225,
              23.0626409
            ],
            [
              116.3524682,
              23.0631838
            ],
            [
              116.3514943,
              23.0626371
            ],
            [
              116.3511906,
              23.0610974
            ],
            [
              116.3500221,
              23.0605548
            ],
            [
              116.3479068,
              23.0606639
            ],
            [
              116.3460637,
              23.0604742
            ],
            [
              116.3454253,
              23.0608009
            ],
            [
              116.345304,
              23.0619389
            ],
            [
              116.3448554,
              23.0620839
            ],
            [
              116.3435047,
              23.0611471
            ],
            [
              116.3425074,
              23.0609351
            ],
            [
              116.3420379,
              23.0611195
            ],
            [
              116.3403967,
              23.0637186
            ],
            [
              116.3409923,
              23.0648462
            ],
            [
              116.3430993,
              23.0662722
            ],
            [
              116.3438349,
              23.0672005
            ],
            [
              116.3437501,
              23.0674794
            ],
            [
              116.3422664,
              23.068307
            ],
            [
              116.3395701,
              23.0727518
            ],
            [
              116.3391173,
              23.0769271
            ],
            [
              116.3383525,
              23.0786971
            ],
            [
              116.3382752,
              23.0814594
            ],
            [
              116.3364504,
              23.0852693
            ],
            [
              116.335205,
              23.0863869
            ],
            [
              116.3351983,
              23.0871142
            ],
            [
              116.3360105,
              23.0890773
            ],
            [
              116.3356225,
              23.0898915
            ],
            [
              116.3326593,
              23.0913763
            ],
            [
              116.3287836,
              23.0950678
            ],
            [
              116.3285661,
              23.0971533
            ],
            [
              116.324434,
              23.0977934
            ],
            [
              116.3236759,
              23.0981624
            ],
            [
              116.3229351,
              23.0990169
            ],
            [
              116.3231534,
              23.0994184
            ],
            [
              116.3237839,
              23.0995857
            ],
            [
              116.3243431,
              23.1000794
            ],
            [
              116.3251533,
              23.1027599
            ],
            [
              116.3223769,
              23.1033348
            ],
            [
              116.3209458,
              23.1040711
            ],
            [
              116.3161093,
              23.1018785
            ],
            [
              116.3148482,
              23.1016442
            ],
            [
              116.3142423,
              23.1021627
            ],
            [
              116.3136482,
              23.1033895
            ],
            [
              116.3126903,
              23.1042595
            ],
            [
              116.3082815,
              23.1053078
            ],
            [
              116.3053749,
              23.1042595
            ],
            [
              116.3025835,
              23.1049167
            ],
            [
              116.3009873,
              23.1043761
            ],
            [
              116.3002694,
              23.1038494
            ],
            [
              116.2988703,
              23.1015752
            ],
            [
              116.2984585,
              23.1004932
            ],
            [
              116.2983099,
              23.0986525
            ],
            [
              116.2950217,
              23.0989023
            ],
            [
              116.2943122,
              23.0998747
            ],
            [
              116.2923007,
              23.1005843
            ],
            [
              116.2914295,
              23.101163
            ],
            [
              116.2906958,
              23.1008069
            ],
            [
              116.2883356,
              23.1008771
            ],
            [
              116.2868555,
              23.1018106
            ],
            [
              116.286436,
              23.1024339
            ],
            [
              116.28622,
              23.1034485
            ],
            [
              116.2865244,
              23.1047006
            ],
            [
              116.2850393,
              23.1062706
            ],
            [
              116.2849748,
              23.1073167
            ],
            [
              116.2844424,
              23.1076208
            ],
            [
              116.2846326,
              23.1092991
            ],
            [
              116.2851846,
              23.1103069
            ],
            [
              116.2859509,
              23.1102773
            ],
            [
              116.2863025,
              23.1099298
            ],
            [
              116.2868301,
              23.1096244
            ],
            [
              116.2873511,
              23.1099891
            ],
            [
              116.2883083,
              23.1112862
            ],
            [
              116.2873232,
              23.1131445
            ],
            [
              116.2869118,
              23.1132038
            ],
            [
              116.2864843,
              23.1130109
            ],
            [
              116.2860246,
              23.1122987
            ],
            [
              116.2853073,
              23.1120436
            ],
            [
              116.2835938,
              23.1121812
            ],
            [
              116.2825772,
              23.1125108
            ],
            [
              116.2821578,
              23.1130523
            ],
            [
              116.282215,
              23.1134472
            ],
            [
              116.2826022,
              23.1140282
            ],
            [
              116.2832344,
              23.1153955
            ],
            [
              116.2828392,
              23.1158406
            ],
            [
              116.2799087,
              23.1172608
            ],
            [
              116.277263,
              23.1155842
            ],
            [
              116.2727869,
              23.1180715
            ],
            [
              116.2679443,
              23.1198105
            ],
            [
              116.264686,
              23.1211956
            ],
            [
              116.2615361,
              23.1224405
            ],
            [
              116.2602456,
              23.1237782
            ],
            [
              116.2593906,
              23.1235409
            ],
            [
              116.2586683,
              23.1221542
            ],
            [
              116.2579433,
              23.1217677
            ],
            [
              116.257177,
              23.1220867
            ],
            [
              116.256733,
              23.1240957
            ],
            [
              116.2570072,
              23.1249116
            ],
            [
              116.2570371,
              23.1256347
            ],
            [
              116.256424,
              23.1258424
            ],
            [
              116.2543988,
              23.1254705
            ],
            [
              116.2520423,
              23.1247552
            ],
            [
              116.2511273,
              23.1250582
            ],
            [
              116.2495043,
              23.1270182
            ],
            [
              116.2504493,
              23.1307322
            ],
            [
              116.2482613,
              23.1320332
            ],
            [
              116.2469873,
              23.1333241
            ],
            [
              116.2461553,
              23.1354802
            ],
            [
              116.2458983,
              23.1374932
            ],
            [
              116.2410283,
              23.1416882
            ],
            [
              116.2400338,
              23.1430115
            ],
            [
              116.2336228,
              23.1440175
            ],
            [
              116.2297808,
              23.1441245
            ],
            [
              116.2272938,
              23.1459685
            ],
            [
              116.2189618,
              23.1471085
            ],
            [
              116.2170918,
              23.1485155
            ],
            [
              116.2162698,
              23.1528885
            ],
            [
              116.2163828,
              23.1561035
            ],
            [
              116.2159518,
              23.1567355
            ],
            [
              116.2131678,
              23.1577775
            ],
            [
              116.2034588,
              23.1608675
            ],
            [
              116.2016098,
              23.1629695
            ],
            [
              116.2007978,
              23.1658275
            ],
            [
              116.1991538,
              23.1696655
            ],
            [
              116.1979318,
              23.1736735
            ],
            [
              116.1969148,
              23.1784545
            ],
            [
              116.1948488,
              23.1813125
            ],
            [
              116.1921678,
              23.1838145
            ],
            [
              116.1890648,
              23.1838325
            ],
            [
              116.1872058,
              23.1821145
            ],
            [
              116.1865788,
              23.1796395
            ],
            [
              116.1865578,
              23.1746705
            ],
            [
              116.1867638,
              23.1725685
            ],
            [
              116.1859218,
              23.1706545
            ],
            [
              116.1824178,
              23.1714385
            ],
            [
              116.1770448,
              23.1708775
            ],
            [
              116.1720828,
              23.1701375
            ],
            [
              116.1700068,
              23.1693815
            ],
            [
              116.1646438,
              23.1703605
            ],
            [
              116.1621578,
              23.1694075
            ],
            [
              116.1600928,
              23.1690335
            ],
            [
              116.1561788,
              23.1701915
            ],
            [
              116.1526548,
              23.1723015
            ],
            [
              116.1491618,
              23.1751775
            ],
            [
              116.1477128,
              23.1746165
            ],
            [
              116.1466748,
              23.1732815
            ],
            [
              116.1464698,
              23.1717585
            ],
            [
              116.1481038,
              23.1662105
            ],
            [
              116.1476818,
              23.1631565
            ],
            [
              116.1462228,
              23.1601105
            ],
            [
              116.1468298,
              23.1566645
            ],
            [
              116.1466238,
              23.1545715
            ],
            [
              116.1430998,
              23.1530485
            ],
            [
              116.1412298,
              23.1515345
            ],
            [
              116.1386371,
              23.1512318
            ],
            [
              116.1363399,
              23.1518151
            ],
            [
              116.1313919,
              23.1539101
            ],
            [
              116.127033,
              23.1568516
            ],
            [
              116.1240589,
              23.159389
            ],
            [
              116.1210647,
              23.1623872
            ],
            [
              116.1128518,
              23.1675303
            ],
            [
              116.1073228,
              23.1698297
            ],
            [
              116.1050546,
              23.1701755
            ],
            [
              116.1003443,
              23.1724831
            ],
            [
              116.0984382,
              23.1738629
            ],
            [
              116.0882443,
              23.1795259
            ],
            [
              116.0837871,
              23.1804242
            ],
            [
              116.079185,
              23.1816633
            ],
            [
              116.0744055,
              23.1838989
            ],
            [
              116.0719795,
              23.1857177
            ],
            [
              116.0698709,
              23.1853553
            ],
            [
              116.0667348,
              23.1821415
            ],
            [
              116.0635698,
              23.1810365
            ],
            [
              116.0588224,
              23.1797939
            ],
            [
              116.0569317,
              23.1770555
            ],
            [
              116.0553545,
              23.1738516
            ],
            [
              116.0537653,
              23.1650648
            ],
            [
              116.053236,
              23.1613162
            ],
            [
              116.0542587,
              23.1595542
            ],
            [
              116.0578465,
              23.1588053
            ],
            [
              116.0616659,
              23.1587803
            ],
            [
              116.0637649,
              23.1565348
            ],
            [
              116.0591528,
              23.1536275
            ],
            [
              116.0509377,
              23.1514817
            ],
            [
              116.0496095,
              23.1451466
            ],
            [
              116.0478167,
              23.1424588
            ],
            [
              116.0462342,
              23.1393441
            ],
            [
              116.0452434,
              23.1359741
            ],
            [
              116.0452677,
              23.1310388
            ],
            [
              116.0461461,
              23.1280657
            ],
            [
              116.0491125,
              23.1249615
            ],
            [
              116.0506022,
              23.1200311
            ],
            [
              116.0465358,
              23.1164045
            ],
            [
              116.0434538,
              23.1120395
            ],
            [
              116.0414708,
              23.1077185
            ],
            [
              116.0380598,
              23.1051795
            ],
            [
              116.0339608,
              23.1041285
            ],
            [
              116.0284028,
              23.1036475
            ],
            [
              116.0220438,
              23.1051615
            ],
            [
              116.0211698,
              23.1060795
            ],
            [
              116.0215608,
              23.1085295
            ],
            [
              116.0206568,
              23.1102485
            ],
            [
              116.0203788,
              23.1126365
            ],
            [
              116.0210778,
              23.1149435
            ],
            [
              116.0193518,
              23.1186225
            ],
            [
              116.0168348,
              23.1213215
            ],
            [
              116.0150468,
              23.1219635
            ],
            [
              116.0096218,
              23.1203505
            ],
            [
              116.0050918,
              23.1178385
            ],
            [
              116.0020098,
              23.1177765
            ],
            [
              116.0007968,
              23.1199145
            ],
            [
              115.9943758,
              23.1226315
            ],
            [
              115.9901538,
              23.1206005
            ],
            [
              115.9863565,
              23.1197382
            ],
            [
              115.9841228,
              23.1175265
            ],
            [
              115.9844308,
              23.1157455
            ],
            [
              115.9865678,
              23.1116825
            ],
            [
              115.9869161,
              23.1075694
            ],
            [
              115.9841222,
              23.1043655
            ],
            [
              115.9792476,
              23.1008906
            ],
            [
              115.975205,
              23.0987003
            ],
            [
              115.9714494,
              23.0989218
            ],
            [
              115.9587194,
              23.1026645
            ],
            [
              115.951967,
              23.1040684
            ],
            [
              115.9488466,
              23.1069818
            ],
            [
              115.9440152,
              23.108244
            ],
            [
              115.9401766,
              23.1084041
            ],
            [
              115.937022,
              23.1096147
            ],
            [
              115.9333145,
              23.110668
            ],
            [
              115.9281335,
              23.1108218
            ],
            [
              115.9213481,
              23.1137009
            ],
            [
              115.9187158,
              23.1138738
            ],
            [
              115.9173413,
              23.1095582
            ],
            [
              115.9165083,
              23.1055492
            ],
            [
              115.9163033,
              23.1028672
            ],
            [
              115.9171253,
              23.1007732
            ],
            [
              115.9200123,
              23.0977172
            ],
            [
              115.9237413,
              23.0948482
            ],
            [
              115.9268443,
              23.0914182
            ],
            [
              115.9291143,
              23.0879882
            ],
            [
              115.9333573,
              23.0883352
            ],
            [
              115.9353713,
              23.0867492
            ],
            [
              115.9353203,
              23.0849491
            ],
            [
              115.9338613,
              23.0832742
            ],
            [
              115.9318273,
              23.0795582
            ],
            [
              115.9305843,
              23.0762792
            ],
            [
              115.9318883,
              23.0710392
            ],
            [
              115.9331733,
              23.0698992
            ],
            [
              115.9384123,
              23.0675552
            ],
            [
              115.9403643,
              23.0675282
            ],
            [
              115.9443093,
              23.0689012
            ],
            [
              115.9458203,
              23.0687042
            ],
            [
              115.9458813,
              23.0667712
            ],
            [
              115.9466113,
              23.0640262
            ],
            [
              115.9500633,
              23.0612102
            ],
            [
              115.9526113,
              23.0602742
            ],
            [
              115.9540183,
              23.0604172
            ],
            [
              115.9566793,
              23.0587502
            ],
            [
              115.9602853,
              23.0557112
            ],
            [
              115.9604603,
              23.0548462
            ],
            [
              115.9593193,
              23.0533402
            ],
            [
              115.9596073,
              23.0523242
            ],
            [
              115.9624943,
              23.0500342
            ],
            [
              115.9604803,
              23.0480912
            ],
            [
              115.9597613,
              23.0463442
            ],
            [
              115.9573573,
              23.0442582
            ],
            [
              115.9557853,
              23.0445702
            ],
            [
              115.9535043,
              23.0420302
            ],
            [
              115.9517893,
              23.0420212
            ],
            [
              115.9508443,
              23.0410492
            ],
            [
              115.9504433,
              23.0375642
            ],
            [
              115.9509363,
              23.0343282
            ],
            [
              115.9488813,
              23.0303081
            ],
            [
              115.9473923,
              23.0289442
            ],
            [
              115.9462613,
              23.0270372
            ],
            [
              115.9446283,
              23.0275982
            ],
            [
              115.9422963,
              23.0294612
            ],
            [
              115.9380423,
              23.0304422
            ],
            [
              115.9375493,
              23.0315832
            ],
            [
              115.9363883,
              23.0324832
            ],
            [
              115.9332143,
              23.0331522
            ],
            [
              115.9323513,
              23.0327682
            ],
            [
              115.9303883,
              23.0307002
            ],
            [
              115.9270183,
              23.0301212
            ],
            [
              115.9256013,
              23.0282672
            ],
            [
              115.9247383,
              23.0241302
            ],
            [
              115.9230943,
              23.0230792
            ],
            [
              115.9221283,
              23.0261182
            ],
            [
              115.9206183,
              23.0281602
            ],
            [
              115.9185633,
              23.0274822
            ],
            [
              115.9179263,
              23.0267162
            ],
            [
              115.9176383,
              23.0248352
            ],
            [
              115.9185323,
              23.0214742
            ],
            [
              115.9191383,
              23.0203332
            ],
            [
              115.9232893,
              23.0169992
            ],
            [
              115.9268443,
              23.0155541
            ],
            [
              115.9296183,
              23.0131032
            ],
            [
              115.9321863,
              23.0089482
            ],
            [
              115.9345903,
              23.0080572
            ],
            [
              115.9377033,
              23.0089042
            ],
            [
              115.9404163,
              23.0147702
            ],
            [
              115.9414533,
              23.0175782
            ],
            [
              115.9441353,
              23.0137712
            ],
            [
              115.9463953,
              23.0177832
            ],
            [
              115.9466003,
              23.0194152
            ],
            [
              115.9490563,
              23.0206632
            ],
            [
              115.9499913,
              23.0205652
            ],
            [
              115.9505153,
              23.0220982
            ],
            [
              115.9499503,
              23.0243272
            ],
            [
              115.9512753,
              23.0249862
            ],
            [
              115.9542243,
              23.0241932
            ],
            [
              115.9554873,
              23.0223122
            ],
            [
              115.9554983,
              23.0201722
            ],
            [
              115.9529703,
              23.0135662
            ],
            [
              115.9520043,
              23.0121582
            ],
            [
              115.9485423,
              23.0103122
            ],
            [
              115.9466113,
              23.0074242
            ],
            [
              115.9443303,
              23.0030372
            ],
            [
              115.9414223,
              22.9997202
            ],
            [
              115.9410223,
              22.9987752
            ],
            [
              115.9426453,
              22.9974742
            ],
            [
              115.9436423,
              22.9957172
            ],
            [
              115.9449263,
              22.9950041
            ],
            [
              115.9452753,
              22.9935502
            ],
            [
              115.9442483,
              22.9920972
            ],
            [
              115.9413203,
              22.9924092
            ],
            [
              115.9402003,
              22.9909732
            ],
            [
              115.9377443,
              22.9905812
            ],
            [
              115.9367273,
              22.9897702
            ],
            [
              115.9371283,
              22.9883162
            ],
            [
              115.9366253,
              22.9838762
            ],
            [
              115.9388643,
              22.9830552
            ],
            [
              115.9393273,
              22.9818962
            ],
            [
              115.9413613,
              22.9807632
            ],
            [
              115.9421313,
              22.9775441
            ],
            [
              115.9442993,
              22.9754221
            ],
            [
              115.9441963,
              22.9717302
            ],
            [
              115.9421423,
              22.9687241
            ],
            [
              115.9415873,
              22.9660222
            ],
            [
              115.9421213,
              22.9651932
            ],
            [
              115.9439193,
              22.9641142
            ],
            [
              115.9434053,
              22.9637392
            ],
            [
              115.9375183,
              22.9636952
            ],
            [
              115.9368713,
              22.9622681
            ],
            [
              115.9382583,
              22.9609832
            ],
            [
              115.9392963,
              22.9590032
            ],
            [
              115.9407653,
              22.9584592
            ],
            [
              115.9450803,
              22.9580132
            ],
            [
              115.9478133,
              22.9588252
            ],
            [
              115.9523853,
              22.9592892
            ],
            [
              115.9545423,
              22.9597882
            ],
            [
              115.9554983,
              22.9591732
            ],
            [
              115.9562783,
              22.9559982
            ],
            [
              115.9590523,
              22.9523682
            ],
            [
              115.9622655,
              22.9510643
            ],
            [
              115.9615598,
              22.9485314
            ],
            [
              115.9626483,
              22.9465252
            ],
            [
              115.9640558,
              22.9455977
            ],
            [
              115.9656482,
              22.9435647
            ],
            [
              115.9686959,
              22.9428287
            ],
            [
              115.9693112,
              22.9424954
            ],
            [
              115.9680263,
              22.9418788
            ],
            [
              115.9682859,
              22.9415235
            ],
            [
              115.9709951,
              22.9423615
            ],
            [
              115.9715148,
              22.9448229
            ],
            [
              115.972287,
              22.9450144
            ],
            [
              115.9751084,
              22.9420196
            ],
            [
              115.9757686,
              22.9411494
            ],
            [
              115.975828,
              22.9401784
            ],
            [
              115.9741921,
              22.9389441
            ],
            [
              115.9732778,
              22.9379901
            ],
            [
              115.9731342,
              22.9371308
            ],
            [
              115.9734529,
              22.9350866
            ],
            [
              115.9758581,
              22.9322084
            ],
            [
              115.9765743,
              22.9299102
            ],
            [
              115.9776894,
              22.9283358
            ],
            [
              115.9793859,
              22.9276573
            ],
            [
              115.9855592,
              22.9335951
            ],
            [
              115.9885329,
              22.9353949
            ],
            [
              115.9935626,
              22.9365058
            ],
            [
              115.9957507,
              22.9385814
            ],
            [
              115.9981742,
              22.9423951
            ],
            [
              116.0006297,
              22.9450263
            ],
            [
              116.0022593,
              22.9477191
            ],
            [
              116.0042065,
              22.9488585
            ],
            [
              116.0064834,
              22.9487146
            ],
            [
              116.0086315,
              22.9471217
            ],
            [
              116.0095244,
              22.9454772
            ],
            [
              116.0091572,
              22.9428716
            ],
            [
              116.0096765,
              22.9406121
            ],
            [
              116.0126008,
              22.9365006
            ],
            [
              116.0149251,
              22.9359574
            ],
            [
              116.016309,
              22.9372731
            ],
            [
              116.0173136,
              22.9400483
            ],
            [
              116.0190547,
              22.9409323
            ],
            [
              116.0223417,
              22.9413413
            ],
            [
              116.0259257,
              22.9408511
            ],
            [
              116.0289538,
              22.938228
            ],
            [
              116.0325922,
              22.9375254
            ],
            [
              116.0349254,
              22.9320136
            ],
            [
              116.0409825,
              22.9304736
            ],
            [
              116.0432917,
              22.9256057
            ],
            [
              116.0476364,
              22.9241235
            ],
            [
              116.0553909,
              22.9226155
            ],
            [
              116.059969,
              22.920096
            ],
            [
              116.0663967,
              22.918926
            ],
            [
              116.0771163,
              22.9179376
            ],
            [
              116.0791059,
              22.9153113
            ],
            [
              116.0845698,
              22.9037786
            ],
            [
              116.0920393,
              22.9009388
            ],
            [
              116.0968458,
              22.8984172
            ],
            [
              116.09841,
              22.8936237
            ],
            [
              116.1140791,
              22.8956946
            ],
            [
              116.122153,
              22.8957481
            ],
            [
              116.1259846,
              22.897028
            ],
            [
              116.1278821,
              22.9011173
            ],
            [
              116.12932,
              22.9020806
            ],
            [
              116.131301,
              22.9019767
            ],
            [
              116.1383848,
              22.8983284
            ],
            [
              116.1399342,
              22.8952414
            ],
            [
              116.1404147,
              22.8935988
            ],
            [
              116.1411939,
              22.8926466
            ],
            [
              116.1432881,
              22.8918415
            ],
            [
              116.1448464,
              22.8915779
            ],
            [
              116.1464048,
              22.8914753
            ],
            [
              116.1512744,
              22.888973
            ],
            [
              116.1521967,
              22.8895883
            ],
            [
              116.1578416,
              22.8907602
            ],
            [
              116.1582546,
              22.8920259
            ],
            [
              116.1577457,
              22.8923628
            ],
            [
              116.1580002,
              22.8935786
            ],
            [
              116.1601945,
              22.893271
            ],
            [
              116.1621504,
              22.8940181
            ],
            [
              116.1641222,
              22.8937105
            ],
            [
              116.1680123,
              22.8961652
            ],
            [
              116.1682988,
              22.8989717
            ],
            [
              116.1666733,
              22.899324
            ],
            [
              116.1660594,
              22.9026117
            ],
            [
              116.1654857,
              22.9082926
            ],
            [
              116.1657332,
              22.9093087
            ],
            [
              116.1666176,
              22.9093747
            ],
            [
              116.1666123,
              22.9103224
            ],
            [
              116.1668677,
              22.9106047
            ],
            [
              116.1671401,
              22.9106517
            ],
            [
              116.1677282,
              22.9102632
            ],
            [
              116.1678474,
              22.911518
            ],
            [
              116.1682561,
              22.9121454
            ],
            [
              116.1719511,
              22.9144039
            ],
            [
              116.170822,
              22.9178327
            ],
            [
              116.1706347,
              22.9207969
            ],
            [
              116.1708357,
              22.9225581
            ],
            [
              116.1723214,
              22.922971
            ],
            [
              116.1752092,
              22.9264142
            ],
            [
              116.1804297,
              22.9270294
            ],
            [
              116.1862361,
              22.9303697
            ],
            [
              116.203317,
              22.932258
            ],
            [
              116.2038595,
              22.9314454
            ],
            [
              116.2053689,
              22.930957
            ],
            [
              116.2054197,
              22.9304962
            ],
            [
              116.2060995,
              22.9303226
            ],
            [
              116.2071548,
              22.9302641
            ],
            [
              116.2083657,
              22.9304438
            ],
            [
              116.2089421,
              22.9288485
            ],
            [
              116.21034,
              22.9290169
            ],
            [
              116.2115522,
              22.9270815
            ],
            [
              116.2144658,
              22.9278181
            ],
            [
              116.2159203,
              22.9248832
            ],
            [
              116.2164856,
              22.9250669
            ],
            [
              116.2168992,
              22.9246637
            ],
            [
              116.2193287,
              22.9236174
            ],
            [
              116.2183805,
              22.9209492
            ],
            [
              116.219591,
              22.9199088
            ],
            [
              116.2355303,
              22.9285643
            ],
            [
              116.2381261,
              22.9252651
            ],
            [
              116.2423565,
              22.9282424
            ],
            [
              116.2407481,
              22.9304989
            ],
            [
              116.2426736,
              22.9322298
            ],
            [
              116.2535612,
              22.9427593
            ],
            [
              116.2721931,
              22.9527934
            ],
            [
              116.2930299,
              22.9600793
            ],
            [
              116.3143468,
              22.9622769
            ],
            [
              116.3265942,
              22.9509651
            ],
            [
              116.3291401,
              22.9506089
            ],
            [
              116.3292822,
              22.9480293
            ],
            [
              116.3357076,
              22.9444644
            ],
            [
              116.3404968,
              22.94542
            ],
            [
              116.3432905,
              22.9411199
            ],
            [
              116.3685683,
              22.9319222
            ],
            [
              116.3815179,
              22.9287315
            ],
            [
              116.3925713,
              22.9336572
            ],
            [
              116.3977589,
              22.9326632
            ],
            [
              116.4110732,
              22.939733
            ],
            [
              116.4219508,
              22.9364563
            ],
            [
              116.4427014,
              22.941961
            ],
            [
              116.457129,
              22.9500688
            ],
            [
              116.4650699,
              22.9466845
            ],
            [
              116.4747857,
              22.9470159
            ],
            [
              116.4766402,
              22.9448968
            ],
            [
              116.4835972,
              22.9418591
            ],
            [
              116.4843749,
              22.9372668
            ],
            [
              116.49595,
              22.938979
            ],
            [
              116.5036468,
              22.9418608
            ],
            [
              116.502967,
              22.9457723
            ],
            [
              116.5037067,
              22.9517467
            ],
            [
              116.5062856,
              22.9587771
            ],
            [
              116.5111888,
              22.9601713
            ],
            [
              116.5085639,
              22.9624193
            ],
            [
              116.510483,
              22.9688249
            ],
            [
              116.5146812,
              22.9656773
            ],
            [
              116.5158807,
              22.9736841
            ],
            [
              116.5131387,
              22.9743512
            ],
            [
              116.5126923,
              22.9804533
            ],
            [
              116.5181038,
              22.9958425
            ],
            [
              116.5314705,
              23.0043825
            ],
            [
              116.5388254,
              23.0055187
            ],
            [
              116.5426214,
              23.006661
            ],
            [
              116.5454502,
              22.9994175
            ],
            [
              116.5582057,
              23.0047673
            ],
            [
              116.5545025,
              23.012342
            ],
            [
              116.5668183,
              23.018408
            ],
            [
              116.5608521,
              23.0223151
            ],
            [
              116.5570002,
              23.0305727
            ],
            [
              116.5538628,
              23.0337914
            ],
            [
              116.5549326,
              23.0448615
            ],
            [
              116.5504473,
              23.0482492
            ],
            [
              116.5475533,
              23.0536817
            ],
            [
              116.5467751,
              23.0660902
            ],
            [
              116.550295,
              23.081152
            ],
            [
              116.5528285,
              23.0866104
            ],
            [
              116.5573364,
              23.0873758
            ],
            [
              116.5570278,
              23.0894576
            ],
            [
              116.553016,
              23.0887479
            ],
            [
              116.5442375,
              23.0978477
            ],
            [
              116.547175,
              23.1007034
            ],
            [
              116.5405393,
              23.1011702
            ],
            [
              116.5366241,
              23.1038462
            ],
            [
              116.5352947,
              23.1036952
            ],
            [
              116.5344577,
              23.1032423
            ],
            [
              116.5336864,
              23.1023668
            ],
            [
              116.5325173,
              23.1021012
            ]
          ]
        ]
      }
    },
    {
      "type": "Feature",
      "properties": {
        "name": "揭东",
        "adcode": 445203,
        "parent": "揭阳",
        "outer": false
      },
      "geometry": {
        "type": "Polygon",
        "coordinates": [
          [
            [
              116.5273676,
              23.5823129
            ],
            [
              116.5282508,
              23.5842993
            ],
            [
              116.5288159,
              23.5853688
            ],
            [
              116.5280989,
              23.5879573
            ],
            [
              116.5281149,
              23.5889995
            ],
            [
              116.528321,
              23.589783
            ],
            [
              116.529106,
              23.5915236
            ],
            [
              116.529206,
              23.5930643
            ],
            [
              116.5278401,
              23.5932781
            ],
            [
              116.5266507,
              23.5929516
            ],
            [
              116.5248067,
              23.5925424
            ],
            [
              116.5240271,
              23.5920864
            ],
            [
              116.5225211,
              23.5921032
            ],
            [
              116.5216395,
              23.5926028
            ],
            [
              116.5210674,
              23.5941204
            ],
            [
              116.5220007,
              23.5968641
            ],
            [
              116.5222835,
              23.59975
            ],
            [
              116.5229598,
              23.6004215
            ],
            [
              116.5234499,
              23.6025193
            ],
            [
              116.5220011,
              23.603783
            ],
            [
              116.5224645,
              23.6058924
            ],
            [
              116.5248287,
              23.6071037
            ],
            [
              116.526298,
              23.6074958
            ],
            [
              116.5291994,
              23.6090626
            ],
            [
              116.5294598,
              23.6095275
            ],
            [
              116.5294923,
              23.6102402
            ],
            [
              116.5292918,
              23.6117085
            ],
            [
              116.5283863,
              23.6145492
            ],
            [
              116.5279531,
              23.6158141
            ],
            [
              116.5277757,
              23.6170941
            ],
            [
              116.5280661,
              23.6179484
            ],
            [
              116.5283322,
              23.6184462
            ],
            [
              116.5287236,
              23.6191412
            ],
            [
              116.5284319,
              23.6204707
            ],
            [
              116.5265621,
              23.6221876
            ],
            [
              116.5243082,
              23.6249323
            ],
            [
              116.522752,
              23.6264599
            ],
            [
              116.5215192,
              23.6281316
            ],
            [
              116.5210274,
              23.6302633
            ],
            [
              116.5210136,
              23.6320752
            ],
            [
              116.5220265,
              23.6337099
            ],
            [
              116.5227159,
              23.6366006
            ],
            [
              116.5223765,
              23.6377858
            ],
            [
              116.5214453,
              23.6401359
            ],
            [
              116.5192232,
              23.6429613
            ],
            [
              116.517648,
              23.6454323
            ],
            [
              116.5172383,
              23.6474693
            ],
            [
              116.5142677,
              23.6479991
            ],
            [
              116.5122698,
              23.6488172
            ],
            [
              116.5110208,
              23.6502197
            ],
            [
              116.5101613,
              23.6534232
            ],
            [
              116.5102349,
              23.6555774
            ],
            [
              116.5096716,
              23.6585324
            ],
            [
              116.50862,
              23.6591024
            ],
            [
              116.5069701,
              23.6592772
            ],
            [
              116.5039228,
              23.6585145
            ],
            [
              116.4994446,
              23.6592341
            ],
            [
              116.4941286,
              23.6588443
            ],
            [
              116.4901105,
              23.6598547
            ],
            [
              116.4887905,
              23.6598705
            ],
            [
              116.4843057,
              23.6591345
            ],
            [
              116.4824693,
              23.6596751
            ],
            [
              116.4802745,
              23.6613836
            ],
            [
              116.4793376,
              23.661397
            ],
            [
              116.4785125,
              23.6610733
            ],
            [
              116.4762056,
              23.6594732
            ],
            [
              116.4725004,
              23.6595493
            ],
            [
              116.4698896,
              23.6584074
            ],
            [
              116.4688567,
              23.6617863
            ],
            [
              116.4674289,
              23.6660349
            ],
            [
              116.466685,
              23.6699985
            ],
            [
              116.4656194,
              23.6721045
            ],
            [
              116.4603773,
              23.6751904
            ],
            [
              116.4597391,
              23.6767134
            ],
            [
              116.4562205,
              23.677731
            ],
            [
              116.4539648,
              23.6776743
            ],
            [
              116.4520596,
              23.678083
            ],
            [
              116.4475046,
              23.6796119
            ],
            [
              116.4437808,
              23.6802596
            ],
            [
              116.4418856,
              23.6783935
            ],
            [
              116.4400304,
              23.6721879
            ],
            [
              116.4392065,
              23.671622
            ],
            [
              116.4382697,
              23.6718263
            ],
            [
              116.4352016,
              23.6739017
            ],
            [
              116.4295475,
              23.6822298
            ],
            [
              116.4272922,
              23.6877766
            ],
            [
              116.4267743,
              23.6930737
            ],
            [
              116.4246059,
              23.694417
            ],
            [
              116.4222862,
              23.6952136
            ],
            [
              116.4090447,
              23.6950365
            ],
            [
              116.4026195,
              23.6957272
            ],
            [
              116.3992712,
              23.6967606
            ],
            [
              116.3964863,
              23.699407
            ],
            [
              116.3937232,
              23.700778
            ],
            [
              116.3915932,
              23.7027003
            ],
            [
              116.391046,
              23.7060248
            ],
            [
              116.3893391,
              23.7071346
            ],
            [
              116.3859256,
              23.7106366
            ],
            [
              116.3832381,
              23.7148462
            ],
            [
              116.3807622,
              23.7171126
            ],
            [
              116.3782332,
              23.7171399
            ],
            [
              116.3757576,
              23.7165079
            ],
            [
              116.3730056,
              23.7145712
            ],
            [
              116.3719106,
              23.7147019
            ],
            [
              116.3705357,
              23.7164402
            ],
            [
              116.3667901,
              23.7197855
            ],
            [
              116.3668481,
              23.722803
            ],
            [
              116.367881,
              23.7259854
            ],
            [
              116.3660596,
              23.7295448
            ],
            [
              116.3645729,
              23.7328666
            ],
            [
              116.363716,
              23.7354814
            ],
            [
              116.3620192,
              23.736378
            ],
            [
              116.3600198,
              23.7370569
            ],
            [
              116.3590656,
              23.7389211
            ],
            [
              116.3578244,
              23.739564
            ],
            [
              116.3557535,
              23.7416122
            ],
            [
              116.3560153,
              23.7442486
            ],
            [
              116.3548582,
              23.7460443
            ],
            [
              116.3539959,
              23.7460143
            ],
            [
              116.352926,
              23.745517
            ],
            [
              116.3519529,
              23.7451503
            ],
            [
              116.3502628,
              23.7454117
            ],
            [
              116.3491203,
              23.7463922
            ],
            [
              116.3479006,
              23.7485207
            ],
            [
              116.3461629,
              23.7496319
            ],
            [
              116.3454744,
              23.7544254
            ],
            [
              116.3442128,
              23.7550137
            ],
            [
              116.3413696,
              23.7564947
            ],
            [
              116.3390597,
              23.7572439
            ],
            [
              116.3386643,
              23.7580908
            ],
            [
              116.3392885,
              23.7590512
            ],
            [
              116.3365322,
              23.759545
            ],
            [
              116.3338398,
              23.7615328
            ],
            [
              116.3334985,
              23.7627427
            ],
            [
              116.3334948,
              23.7651797
            ],
            [
              116.3319939,
              23.7662656
            ],
            [
              116.3314397,
              23.7677583
            ],
            [
              116.3321503,
              23.7703072
            ],
            [
              116.3331776,
              23.7717103
            ],
            [
              116.3349124,
              23.772289
            ],
            [
              116.3348807,
              23.7729846
            ],
            [
              116.3326268,
              23.7748088
            ],
            [
              116.3307221,
              23.7765356
            ],
            [
              116.3264942,
              23.7758401
            ],
            [
              116.3226964,
              23.775336
            ],
            [
              116.3202262,
              23.7761909
            ],
            [
              116.3164575,
              23.7775241
            ],
            [
              116.315345,
              23.7781041
            ],
            [
              116.3144424,
              23.7779592
            ],
            [
              116.3141134,
              23.7774165
            ],
            [
              116.3140054,
              23.774173
            ],
            [
              116.313054,
              23.7737081
            ],
            [
              116.3092695,
              23.7734183
            ],
            [
              116.3021492,
              23.7725643
            ],
            [
              116.3014723,
              23.7715195
            ],
            [
              116.301979,
              23.7711427
            ],
            [
              116.3019054,
              23.7698728
            ],
            [
              116.2998895,
              23.7663373
            ],
            [
              116.2987469,
              23.7655531
            ],
            [
              116.2976381,
              23.7642175
            ],
            [
              116.2968764,
              23.7638563
            ],
            [
              116.295948,
              23.7623313
            ],
            [
              116.2950856,
              23.7616894
            ],
            [
              116.2939645,
              23.7614778
            ],
            [
              116.2930515,
              23.7613932
            ],
            [
              116.2913063,
              23.7616894
            ],
            [
              116.2892968,
              23.7628002
            ],
            [
              116.2875862,
              23.763026
            ],
            [
              116.2858756,
              23.7653425
            ],
            [
              116.2838738,
              23.7657886
            ],
            [
              116.2802525,
              23.7649928
            ],
            [
              116.278459,
              23.7649526
            ],
            [
              116.2770258,
              23.7637266
            ],
            [
              116.2746648,
              23.7627394
            ],
            [
              116.2728209,
              23.7617839
            ],
            [
              116.2704863,
              23.7616887
            ],
            [
              116.2666872,
              23.7599247
            ],
            [
              116.265989,
              23.7593305
            ],
            [
              116.2659774,
              23.7582833
            ],
            [
              116.2674458,
              23.7563829
            ],
            [
              116.2677057,
              23.7550832
            ],
            [
              116.2674399,
              23.7534118
            ],
            [
              116.2669544,
              23.752428
            ],
            [
              116.2671065,
              23.7512595
            ],
            [
              116.2675501,
              23.7499771
            ],
            [
              116.2669568,
              23.7488554
            ],
            [
              116.2630717,
              23.7468102
            ],
            [
              116.2603049,
              23.7445603
            ],
            [
              116.2546856,
              23.7421299
            ],
            [
              116.2497379,
              23.73981
            ],
            [
              116.2491283,
              23.7391794
            ],
            [
              116.2473326,
              23.7376385
            ],
            [
              116.2490763,
              23.7365833
            ],
            [
              116.2472379,
              23.7343618
            ],
            [
              116.2451789,
              23.7332399
            ],
            [
              116.2439287,
              23.7331277
            ],
            [
              116.2389978,
              23.7286829
            ],
            [
              116.2346356,
              23.7262753
            ],
            [
              116.2318087,
              23.7240173
            ],
            [
              116.228664,
              23.720894
            ],
            [
              116.2278704,
              23.7206612
            ],
            [
              116.226456,
              23.7208428
            ],
            [
              116.2241031,
              23.7220288
            ],
            [
              116.2236272,
              23.7226339
            ],
            [
              116.2237193,
              23.7232149
            ],
            [
              116.2258872,
              23.7244977
            ],
            [
              116.2278171,
              23.7260709
            ],
            [
              116.2294307,
              23.726472
            ],
            [
              116.231786,
              23.7267203
            ],
            [
              116.2323913,
              23.7305884
            ],
            [
              116.2299906,
              23.7314288
            ],
            [
              116.2231213,
              23.7314255
            ],
            [
              116.2194133,
              23.7292451
            ],
            [
              116.2179133,
              23.7268726
            ],
            [
              116.2154002,
              23.7252861
            ],
            [
              116.2150912,
              23.7232251
            ],
            [
              116.2137692,
              23.7222469
            ],
            [
              116.211904,
              23.722686
            ],
            [
              116.2093123,
              23.7212987
            ],
            [
              116.2105059,
              23.7186692
            ],
            [
              116.2109919,
              23.7155279
            ],
            [
              116.212062,
              23.7125562
            ],
            [
              116.2121095,
              23.7092729
            ],
            [
              116.2098626,
              23.7052402
            ],
            [
              116.2062934,
              23.7031104
            ],
            [
              116.204637,
              23.7017863
            ],
            [
              116.2032316,
              23.6992785
            ],
            [
              116.2016881,
              23.6985337
            ],
            [
              116.2013799,
              23.6972875
            ],
            [
              116.1994174,
              23.6948874
            ],
            [
              116.1994174,
              23.692822
            ],
            [
              116.1967839,
              23.69419
            ],
            [
              116.193835,
              23.6927989
            ],
            [
              116.1913871,
              23.6884286
            ],
            [
              116.190255,
              23.6878928
            ],
            [
              116.18737,
              23.6877868
            ],
            [
              116.1818295,
              23.6887484
            ],
            [
              116.1805785,
              23.6885438
            ],
            [
              116.1786125,
              23.6886461
            ],
            [
              116.1764902,
              23.6881142
            ],
            [
              116.1751274,
              23.686948
            ],
            [
              116.1750604,
              23.6859251
            ],
            [
              116.1767136,
              23.6853932
            ],
            [
              116.1776155,
              23.6836444
            ],
            [
              116.1782981,
              23.6763621
            ],
            [
              116.1761694,
              23.6716082
            ],
            [
              116.1752371,
              23.6705581
            ],
            [
              116.1745513,
              23.6702538
            ],
            [
              116.1735332,
              23.6705679
            ],
            [
              116.1720116,
              23.6717162
            ],
            [
              116.1714959,
              23.6717186
            ],
            [
              116.1714562,
              23.6709074
            ],
            [
              116.1719192,
              23.6693947
            ],
            [
              116.1726859,
              23.6685957
            ],
            [
              116.174798,
              23.6677709
            ],
            [
              116.1760009,
              23.667105
            ],
            [
              116.1762823,
              23.6666208
            ],
            [
              116.1759782,
              23.6656643
            ],
            [
              116.1738554,
              23.6621547
            ],
            [
              116.1732138,
              23.6613189
            ],
            [
              116.1729658,
              23.6598049
            ],
            [
              116.1736607,
              23.6581641
            ],
            [
              116.1752177,
              23.6552864
            ],
            [
              116.1754173,
              23.6528443
            ],
            [
              116.1788162,
              23.6527334
            ],
            [
              116.1813323,
              23.653207
            ],
            [
              116.1828612,
              23.6548939
            ],
            [
              116.1842085,
              23.6528971
            ],
            [
              116.1854246,
              23.6516558
            ],
            [
              116.1855237,
              23.6494654
            ],
            [
              116.1855932,
              23.6463716
            ],
            [
              116.1859407,
              23.6458623
            ],
            [
              116.1868641,
              23.6451041
            ],
            [
              116.1867773,
              23.6439582
            ],
            [
              116.186004,
              23.6425266
            ],
            [
              116.1841269,
              23.6400697
            ],
            [
              116.1836578,
              23.6401334
            ],
            [
              116.1815478,
              23.6411169
            ],
            [
              116.1782886,
              23.6414825
            ],
            [
              116.1751904,
              23.6395626
            ],
            [
              116.1744954,
              23.638528
            ],
            [
              116.1738154,
              23.6366838
            ],
            [
              116.1732427,
              23.6307302
            ],
            [
              116.1714123,
              23.6291877
            ],
            [
              116.1690232,
              23.6278939
            ],
            [
              116.1668276,
              23.6260508
            ],
            [
              116.1620462,
              23.6212194
            ],
            [
              116.1615445,
              23.620047
            ],
            [
              116.1614055,
              23.6188531
            ],
            [
              116.1607049,
              23.618568
            ],
            [
              116.1584462,
              23.6192048
            ],
            [
              116.1578034,
              23.6200962
            ],
            [
              116.1567609,
              23.6203987
            ],
            [
              116.1543406,
              23.6196859
            ],
            [
              116.1516298,
              23.6197423
            ],
            [
              116.1461445,
              23.6187902
            ],
            [
              116.1451338,
              23.6171689
            ],
            [
              116.1443736,
              23.6170746
            ],
            [
              116.1421465,
              23.6184997
            ],
            [
              116.1407125,
              23.6211116
            ],
            [
              116.1347383,
              23.6215326
            ],
            [
              116.1302135,
              23.6226338
            ],
            [
              116.1284106,
              23.626909
            ],
            [
              116.124911,
              23.6259373
            ],
            [
              116.1215527,
              23.6262288
            ],
            [
              116.1169218,
              23.6226662
            ],
            [
              116.1151543,
              23.6241236
            ],
            [
              116.1124677,
              23.6233787
            ],
            [
              116.111584,
              23.6212411
            ],
            [
              116.1097631,
              23.619838
            ],
            [
              116.1114937,
              23.6185952
            ],
            [
              116.1177984,
              23.6111721
            ],
            [
              116.1188742,
              23.6070577
            ],
            [
              116.1173774,
              23.6048946
            ],
            [
              116.1118899,
              23.6032447
            ],
            [
              116.1121706,
              23.5963203
            ],
            [
              116.1093174,
              23.5937293
            ],
            [
              116.112769,
              23.589703
            ],
            [
              116.1124884,
              23.5872597
            ],
            [
              116.1096352,
              23.5840876
            ],
            [
              116.1084222,
              23.5755196
            ],
            [
              116.1034642,
              23.5713612
            ],
            [
              116.1020142,
              23.5690461
            ],
            [
              116.1016625,
              23.5655862
            ],
            [
              116.0993597,
              23.5641866
            ],
            [
              116.0982839,
              23.562343
            ],
            [
              116.0967857,
              23.5620065
            ],
            [
              116.0957567,
              23.559091
            ],
            [
              116.094447,
              23.5576333
            ],
            [
              116.0950352,
              23.5530462
            ],
            [
              116.0971785,
              23.5532455
            ],
            [
              116.0992365,
              23.5510588
            ],
            [
              116.0986752,
              23.549944
            ],
            [
              116.0982075,
              23.5470283
            ],
            [
              116.1017155,
              23.5463422
            ],
            [
              116.124177,
              23.5363385
            ],
            [
              116.130415,
              23.5313494
            ],
            [
              116.1317614,
              23.5310975
            ],
            [
              116.1348728,
              23.5317312
            ],
            [
              116.1373774,
              23.5309244
            ],
            [
              116.1400385,
              23.5297789
            ],
            [
              116.1415372,
              23.5280525
            ],
            [
              116.143216,
              23.5268663
            ],
            [
              116.1464007,
              23.5262708
            ],
            [
              116.1499423,
              23.5264996
            ],
            [
              116.1543911,
              23.5259809
            ],
            [
              116.1576424,
              23.5245655
            ],
            [
              116.1611817,
              23.5225356
            ],
            [
              116.164887,
              23.5185592
            ],
            [
              116.1674287,
              23.5148979
            ],
            [
              116.1736973,
              23.5176323
            ],
            [
              116.1795496,
              23.5208347
            ],
            [
              116.185402,
              23.5206616
            ],
            [
              116.1964461,
              23.5259411
            ],
            [
              116.2039031,
              23.5292298
            ],
            [
              116.2104163,
              23.5287971
            ],
            [
              116.2174958,
              23.5268065
            ],
            [
              116.2267463,
              23.5231715
            ],
            [
              116.2411604,
              23.5219153
            ],
            [
              116.2594728,
              23.5214825
            ],
            [
              116.2602279,
              23.5236463
            ],
            [
              116.2654195,
              23.5265889
            ],
            [
              116.2685345,
              23.5319547
            ],
            [
              116.2723913,
              23.5354328
            ],
            [
              116.2756007,
              23.539154
            ],
            [
              116.2821894,
              23.5411611
            ],
            [
              116.2878106,
              23.5410973
            ],
            [
              116.2920583,
              23.5380684
            ],
            [
              116.2952062,
              23.535443
            ],
            [
              116.2990755,
              23.5349442
            ],
            [
              116.3067941,
              23.536636
            ],
            [
              116.3125711,
              23.5391114
            ],
            [
              116.3149368,
              23.5399943
            ],
            [
              116.3218233,
              23.5386686
            ],
            [
              116.3220208,
              23.5421543
            ],
            [
              116.3240453,
              23.5422448
            ],
            [
              116.3248847,
              23.5467715
            ],
            [
              116.3260698,
              23.5463641
            ],
            [
              116.3258543,
              23.5452119
            ],
            [
              116.3279939,
              23.5450539
            ],
            [
              116.3288268,
              23.5459754
            ],
            [
              116.331153,
              23.5451592
            ],
            [
              116.3315695,
              23.5475287
            ],
            [
              116.330392,
              23.5477789
            ],
            [
              116.3322875,
              23.5500035
            ],
            [
              116.3331889,
              23.5499999
            ],
            [
              116.3330939,
              23.5522932
            ],
            [
              116.3340434,
              23.5541848
            ],
            [
              116.3341374,
              23.5552895
            ],
            [
              116.334801,
              23.5550224
            ],
            [
              116.3355855,
              23.5564989
            ],
            [
              116.3361964,
              23.5575776
            ],
            [
              116.3365463,
              23.5584972
            ],
            [
              116.3367681,
              23.5598717
            ],
            [
              116.3370907,
              23.5616656
            ],
            [
              116.3375703,
              23.5629868
            ],
            [
              116.3379757,
              23.566287
            ],
            [
              116.3375305,
              23.5677339
            ],
            [
              116.3367075,
              23.5683151
            ],
            [
              116.3341804,
              23.5689997
            ],
            [
              116.3309795,
              23.5708395
            ],
            [
              116.3294549,
              23.5712599
            ],
            [
              116.3292477,
              23.5718843
            ],
            [
              116.3273393,
              23.5727083
            ],
            [
              116.3270327,
              23.5730571
            ],
            [
              116.3262252,
              23.5735626
            ],
            [
              116.3260739,
              23.5739689
            ],
            [
              116.3249789,
              23.5749219
            ],
            [
              116.3246513,
              23.5757559
            ],
            [
              116.3243524,
              23.5760028
            ],
            [
              116.3237287,
              23.5790395
            ],
            [
              116.3234696,
              23.5811379
            ],
            [
              116.3237304,
              23.583496
            ],
            [
              116.3237876,
              23.583983
            ],
            [
              116.3232368,
              23.5845229
            ],
            [
              116.3229461,
              23.5851539
            ],
            [
              116.3247362,
              23.5849295
            ],
            [
              116.3278735,
              23.5836456
            ],
            [
              116.332985,
              23.5871056
            ],
            [
              116.3413026,
              23.5983129
            ],
            [
              116.3593931,
              23.5959348
            ],
            [
              116.3661958,
              23.589312
            ],
            [
              116.3687318,
              23.5876032
            ],
            [
              116.3713822,
              23.5870756
            ],
            [
              116.3751556,
              23.5882693
            ],
            [
              116.3796684,
              23.5892163
            ],
            [
              116.3813038,
              23.5938952
            ],
            [
              116.3834148,
              23.59419
            ],
            [
              116.3870658,
              23.5926711
            ],
            [
              116.3913178,
              23.5827572
            ],
            [
              116.3899751,
              23.5783423
            ],
            [
              116.3859436,
              23.5742902
            ],
            [
              116.3868719,
              23.5692627
            ],
            [
              116.3907026,
              23.5673556
            ],
            [
              116.3931184,
              23.5683935
            ],
            [
              116.3961978,
              23.5698771
            ],
            [
              116.4010901,
              23.5699252
            ],
            [
              116.4156223,
              23.5656956
            ],
            [
              116.427463,
              23.559049
            ],
            [
              116.433596,
              23.554184
            ],
            [
              116.4391566,
              23.5487864
            ],
            [
              116.4434284,
              23.547775
            ],
            [
              116.4470582,
              23.5427667
            ],
            [
              116.4475769,
              23.5407368
            ],
            [
              116.4490209,
              23.5397562
            ],
            [
              116.4506024,
              23.5405573
            ],
            [
              116.4518951,
              23.5448306
            ],
            [
              116.4518413,
              23.5542264
            ],
            [
              116.4536676,
              23.5558769
            ],
            [
              116.4564619,
              23.556028
            ],
            [
              116.460752,
              23.5556707
            ],
            [
              116.4631887,
              23.5624487
            ],
            [
              116.4672152,
              23.5675709
            ],
            [
              116.4700536,
              23.5678303
            ],
            [
              116.4732675,
              23.5638582
            ],
            [
              116.4755043,
              23.5630865
            ],
            [
              116.4800747,
              23.5629001
            ],
            [
              116.4836208,
              23.5620021
            ],
            [
              116.4861201,
              23.5592054
            ],
            [
              116.4881428,
              23.5549431
            ],
            [
              116.4887632,
              23.5540695
            ],
            [
              116.4901247,
              23.5544592
            ],
            [
              116.4914167,
              23.5557253
            ],
            [
              116.4886752,
              23.5640329
            ],
            [
              116.4899387,
              23.5683329
            ],
            [
              116.493358,
              23.5701347
            ],
            [
              116.4987175,
              23.5679618
            ],
            [
              116.5029682,
              23.5685241
            ],
            [
              116.5042267,
              23.5689212
            ],
            [
              116.5051426,
              23.5699396
            ],
            [
              116.5059467,
              23.5702074
            ],
            [
              116.5065481,
              23.5712847
            ],
            [
              116.5091521,
              23.5752882
            ],
            [
              116.5097778,
              23.5758124
            ],
            [
              116.5091803,
              23.5789673
            ],
            [
              116.5097251,
              23.5795233
            ],
            [
              116.5101658,
              23.5801446
            ],
            [
              116.5112259,
              23.5805866
            ],
            [
              116.5148503,
              23.580417
            ],
            [
              116.515513,
              23.5797415
            ],
            [
              116.5166728,
              23.579553
            ],
            [
              116.5219,
              23.5823164
            ],
            [
              116.5227746,
              23.5821192
            ],
            [
              116.5238226,
              23.5822791
            ],
            [
              116.5252558,
              23.5815746
            ],
            [
              116.5262804,
              23.581567
            ],
            [
              116.5273676,
              23.5823129
            ]
          ]
        ]
      }
    },
    {
      "type": "Feature",
      "properties": {
        "name": "揭西",
        "adcode": 445222,
        "parent": "揭阳",
        "outer": false
      },
      "geometry": {
        "type": "Polygon",
        "coordinates": [
          [
            [
              116.1097631,
              23.619838
            ],
            [
              116.1082061,
              23.6234058
            ],
            [
              116.1081125,
              23.6253771
            ],
            [
              116.1066625,
              23.625977
            ],
            [
              116.105456,
              23.6279743
            ],
            [
              116.1015642,
              23.6310336
            ],
            [
              116.0977013,
              23.6263617
            ],
            [
              116.0943098,
              23.6248508
            ],
            [
              116.0906071,
              23.6285567
            ],
            [
              116.0823596,
              23.6288938
            ],
            [
              116.0809704,
              23.6306934
            ],
            [
              116.0775603,
              23.6336496
            ],
            [
              116.0752672,
              23.636758
            ],
            [
              116.0692834,
              23.6388586
            ],
            [
              116.0691901,
              23.6412244
            ],
            [
              116.067498,
              23.645321
            ],
            [
              116.0625388,
              23.6478949
            ],
            [
              116.0561603,
              23.6476099
            ],
            [
              116.0518037,
              23.6489159
            ],
            [
              116.0512485,
              23.6479731
            ],
            [
              116.0522704,
              23.6460372
            ],
            [
              116.0523696,
              23.6436747
            ],
            [
              116.0511872,
              23.6419645
            ],
            [
              116.0493458,
              23.6424128
            ],
            [
              116.0463649,
              23.6442056
            ],
            [
              116.0440781,
              23.6444193
            ],
            [
              116.039389,
              23.648151
            ],
            [
              116.0349084,
              23.650657
            ],
            [
              116.0286071,
              23.6490429
            ],
            [
              116.0253401,
              23.6464492
            ],
            [
              116.0186585,
              23.6475179
            ],
            [
              116.0167143,
              23.6470827
            ],
            [
              116.0152461,
              23.6506946
            ],
            [
              116.0064955,
              23.6552442
            ],
            [
              116.0128315,
              23.664509
            ],
            [
              116.009104,
              23.6721026
            ],
            [
              116.0017535,
              23.6781639
            ],
            [
              115.9877709,
              23.6781802
            ],
            [
              115.9843177,
              23.6783153
            ],
            [
              115.9812685,
              23.6795691
            ],
            [
              115.9787793,
              23.6770045
            ],
            [
              115.9749319,
              23.67503
            ],
            [
              115.9676272,
              23.6666862
            ],
            [
              115.9630213,
              23.6635616
            ],
            [
              115.9598787,
              23.6627067
            ],
            [
              115.953998,
              23.6586883
            ],
            [
              115.9562669,
              23.6556049
            ],
            [
              115.9549564,
              23.6521368
            ],
            [
              115.9508712,
              23.6486411
            ],
            [
              115.9442749,
              23.6456768
            ],
            [
              115.9245229,
              23.6343473
            ],
            [
              115.9235055,
              23.632648
            ],
            [
              115.919586,
              23.630813
            ],
            [
              115.9166994,
              23.6319857
            ],
            [
              115.9151797,
              23.6335004
            ],
            [
              115.9102553,
              23.6335729
            ],
            [
              115.9084505,
              23.63253
            ],
            [
              115.905462,
              23.6318883
            ],
            [
              115.901186,
              23.6297932
            ],
            [
              115.9007998,
              23.6287801
            ],
            [
              115.9014643,
              23.6262972
            ],
            [
              115.901004,
              23.6243743
            ],
            [
              115.8996905,
              23.6225504
            ],
            [
              115.8981976,
              23.6217036
            ],
            [
              115.8954314,
              23.6217154
            ],
            [
              115.8932589,
              23.6228793
            ],
            [
              115.8917124,
              23.6285636
            ],
            [
              115.8907495,
              23.6294257
            ],
            [
              115.8894239,
              23.6295101
            ],
            [
              115.8861222,
              23.6301005
            ],
            [
              115.8830301,
              23.6337431
            ],
            [
              115.8715357,
              23.6367306
            ],
            [
              115.8697506,
              23.6387948
            ],
            [
              115.8672832,
              23.640857
            ],
            [
              115.8640087,
              23.6428067
            ],
            [
              115.8617565,
              23.6468167
            ],
            [
              115.8591633,
              23.648805
            ],
            [
              115.8586185,
              23.6510473
            ],
            [
              115.8588578,
              23.6531877
            ],
            [
              115.8574732,
              23.6565548
            ],
            [
              115.8553192,
              23.6608718
            ],
            [
              115.8537793,
              23.6612077
            ],
            [
              115.849011,
              23.6595682
            ],
            [
              115.8457523,
              23.6595851
            ],
            [
              115.8435352,
              23.6605045
            ],
            [
              115.8406061,
              23.6646104
            ],
            [
              115.8374804,
              23.6647249
            ],
            [
              115.8341046,
              23.6630644
            ],
            [
              115.8298574,
              23.6634819
            ],
            [
              115.8245933,
              23.658282
            ],
            [
              115.8209675,
              23.6537011
            ],
            [
              115.8220666,
              23.6486612
            ],
            [
              115.8148149,
              23.6483749
            ],
            [
              115.8091044,
              23.6370742
            ],
            [
              115.8071039,
              23.6356424
            ],
            [
              115.8075415,
              23.6343252
            ],
            [
              115.8047284,
              23.6312898
            ],
            [
              115.8012276,
              23.6306598
            ],
            [
              115.8005754,
              23.624762
            ],
            [
              115.7976586,
              23.6235014
            ],
            [
              115.7962208,
              23.621554
            ],
            [
              115.7955332,
              23.6181747
            ],
            [
              115.7963927,
              23.613924
            ],
            [
              115.7989558,
              23.6106017
            ],
            [
              115.8034568,
              23.6095134
            ],
            [
              115.80494,
              23.6041281
            ],
            [
              115.8003418,
              23.5996932
            ],
            [
              115.7930182,
              23.5996338
            ],
            [
              115.7923701,
              23.5979709
            ],
            [
              115.7971959,
              23.5915173
            ],
            [
              115.8060481,
              23.587825
            ],
            [
              115.8045931,
              23.5840085
            ],
            [
              115.8079632,
              23.5812762
            ],
            [
              115.8085056,
              23.5803414
            ],
            [
              115.805174,
              23.5769131
            ],
            [
              115.8051132,
              23.5719096
            ],
            [
              115.8027405,
              23.5660654
            ],
            [
              115.8002128,
              23.5670753
            ],
            [
              115.7969723,
              23.5599465
            ],
            [
              115.803259,
              23.5556899
            ],
            [
              115.7991658,
              23.5524597
            ],
            [
              115.7961368,
              23.545352
            ],
            [
              115.788152,
              23.5478869
            ],
            [
              115.7834208,
              23.5419454
            ],
            [
              115.7871462,
              23.5370672
            ],
            [
              115.7840365,
              23.5343089
            ],
            [
              115.7890556,
              23.5283863
            ],
            [
              115.78052,
              23.5190078
            ],
            [
              115.7718354,
              23.5269707
            ],
            [
              115.7668321,
              23.5277958
            ],
            [
              115.7612584,
              23.5272609
            ],
            [
              115.7584068,
              23.5250028
            ],
            [
              115.7468767,
              23.5300509
            ],
            [
              115.7420159,
              23.5277929
            ],
            [
              115.7368003,
              23.5274498
            ],
            [
              115.7312914,
              23.5285194
            ],
            [
              115.7292822,
              23.5262019
            ],
            [
              115.7289885,
              23.51867
            ],
            [
              115.7249703,
              23.5168872
            ],
            [
              115.7186837,
              23.5170655
            ],
            [
              115.7090745,
              23.5215129
            ],
            [
              115.7044994,
              23.5295283
            ],
            [
              115.6981553,
              23.5354551
            ],
            [
              115.6945908,
              23.5411592
            ],
            [
              115.6900001,
              23.5526791
            ],
            [
              115.684492,
              23.5573683
            ],
            [
              115.6830661,
              23.5600417
            ],
            [
              115.6781294,
              23.5568604
            ],
            [
              115.672426,
              23.5560287
            ],
            [
              115.6649452,
              23.5508174
            ],
            [
              115.6642971,
              23.5479061
            ],
            [
              115.6606029,
              23.5426776
            ],
            [
              115.6570383,
              23.5408357
            ],
            [
              115.6550298,
              23.53513
            ],
            [
              115.6477746,
              23.5361009
            ],
            [
              115.6460247,
              23.5333676
            ],
            [
              115.6433758,
              23.5339466
            ],
            [
              115.635048,
              23.5318203
            ],
            [
              115.637942,
              23.5259327
            ],
            [
              115.6371643,
              23.5236152
            ],
            [
              115.6375561,
              23.5158668
            ],
            [
              115.6323065,
              23.5177685
            ],
            [
              115.6294877,
              23.5167961
            ],
            [
              115.6281915,
              23.5140029
            ],
            [
              115.6209181,
              23.5106235
            ],
            [
              115.6172402,
              23.5099532
            ],
            [
              115.6146149,
              23.5059241
            ],
            [
              115.6155059,
              23.4999821
            ],
            [
              115.6185241,
              23.4951274
            ],
            [
              115.6176167,
              23.4880541
            ],
            [
              115.6145415,
              23.4808255
            ],
            [
              115.6118194,
              23.4777344
            ],
            [
              115.6017228,
              23.4746364
            ],
            [
              115.6047162,
              23.4716046
            ],
            [
              115.6070494,
              23.4734474
            ],
            [
              115.611874,
              23.470776
            ],
            [
              115.6186967,
              23.462716
            ],
            [
              115.620965,
              23.4542735
            ],
            [
              115.625271,
              23.451682
            ],
            [
              115.6302392,
              23.4490775
            ],
            [
              115.6380407,
              23.4456215
            ],
            [
              115.6418066,
              23.4423854
            ],
            [
              115.6438609,
              23.4328656
            ],
            [
              115.6480736,
              23.4275136
            ],
            [
              115.6531809,
              23.4231119
            ],
            [
              115.671822,
              23.413627
            ],
            [
              115.6793357,
              23.409555
            ],
            [
              115.6787524,
              23.4066407
            ],
            [
              115.6730491,
              23.4011686
            ],
            [
              115.6697494,
              23.3996716
            ],
            [
              115.6684532,
              23.3980061
            ],
            [
              115.6703327,
              23.3918794
            ],
            [
              115.6668902,
              23.3891762
            ],
            [
              115.6667606,
              23.3862614
            ],
            [
              115.6729962,
              23.3824539
            ],
            [
              115.6717156,
              23.3808588
            ],
            [
              115.6700126,
              23.3797732
            ],
            [
              115.6691611,
              23.377993
            ],
            [
              115.6710257,
              23.3720903
            ],
            [
              115.6719973,
              23.3647317
            ],
            [
              115.6715272,
              23.3606473
            ],
            [
              115.6721422,
              23.3576507
            ],
            [
              115.6743256,
              23.3564748
            ],
            [
              115.683692,
              23.3561273
            ],
            [
              115.6896133,
              23.3572528
            ],
            [
              115.6946749,
              23.3619864
            ],
            [
              115.6951953,
              23.3670238
            ],
            [
              115.6983638,
              23.3708264
            ],
            [
              115.7023398,
              23.3726439
            ],
            [
              115.712855,
              23.3730461
            ],
            [
              115.722932,
              23.3721412
            ],
            [
              115.729723,
              23.3753586
            ],
            [
              115.7347615,
              23.3818938
            ],
            [
              115.7416244,
              23.3797899
            ],
            [
              115.7529021,
              23.3844296
            ],
            [
              115.7611159,
              23.3848938
            ],
            [
              115.7662011,
              23.386604
            ],
            [
              115.7731511,
              23.3862017
            ],
            [
              115.7748591,
              23.3852753
            ],
            [
              115.7762847,
              23.3826552
            ],
            [
              115.780283,
              23.3783438
            ],
            [
              115.7813633,
              23.3758952
            ],
            [
              115.7813633,
              23.3737573
            ],
            [
              115.7828301,
              23.3715335
            ],
            [
              115.7852368,
              23.3704288
            ],
            [
              115.7888737,
              23.3671656
            ],
            [
              115.7902827,
              23.3642652
            ],
            [
              115.792097,
              23.3627927
            ],
            [
              115.7938322,
              23.3621075
            ],
            [
              115.7970424,
              23.3575066
            ],
            [
              115.8014809,
              23.3531355
            ],
            [
              115.8066281,
              23.3493785
            ],
            [
              115.8111472,
              23.3442755
            ],
            [
              115.815069,
              23.3383887
            ],
            [
              115.8176479,
              23.3365333
            ],
            [
              115.8199756,
              23.3316978
            ],
            [
              115.8219258,
              23.3296547
            ],
            [
              115.8246907,
              23.3287518
            ],
            [
              115.8272836,
              23.3291738
            ],
            [
              115.8304207,
              23.3303225
            ],
            [
              115.834762,
              23.3301458
            ],
            [
              115.8386453,
              23.3282123
            ],
            [
              115.8417323,
              23.3261965
            ],
            [
              115.847497,
              23.3198898
            ],
            [
              115.8502374,
              23.3161569
            ],
            [
              115.8527393,
              23.3144779
            ],
            [
              115.8602697,
              23.3117561
            ],
            [
              115.8651699,
              23.310985
            ],
            [
              115.8676141,
              23.3111971
            ],
            [
              115.8695386,
              23.3123989
            ],
            [
              115.8695353,
              23.3147381
            ],
            [
              115.8690963,
              23.3179159
            ],
            [
              115.8690878,
              23.3223712
            ],
            [
              115.870153,
              23.3269575
            ],
            [
              115.8715981,
              23.3294078
            ],
            [
              115.874734,
              23.3326425
            ],
            [
              115.8765851,
              23.3339464
            ],
            [
              115.8784369,
              23.3337162
            ],
            [
              115.8801826,
              23.3341575
            ],
            [
              115.8812049,
              23.33604
            ],
            [
              115.881802,
              23.33893
            ],
            [
              115.8812109,
              23.3417185
            ],
            [
              115.881571,
              23.3444493
            ],
            [
              115.8846001,
              23.3465794
            ],
            [
              115.8899504,
              23.3494242
            ],
            [
              115.890918,
              23.350813
            ],
            [
              115.8902873,
              23.3559331
            ],
            [
              115.8909309,
              23.3612718
            ],
            [
              115.8904772,
              23.3628973
            ],
            [
              115.8910161,
              23.364717
            ],
            [
              115.8929349,
              23.3660766
            ],
            [
              115.9012262,
              23.3686115
            ],
            [
              115.9063071,
              23.3664914
            ],
            [
              115.9118206,
              23.364851
            ],
            [
              115.9150912,
              23.3646856
            ],
            [
              115.9189745,
              23.3671492
            ],
            [
              115.9223708,
              23.3708579
            ],
            [
              115.9247936,
              23.3757292
            ],
            [
              115.9228305,
              23.3792271
            ],
            [
              115.920667,
              23.3816585
            ],
            [
              115.9264304,
              23.3894588
            ],
            [
              115.9283772,
              23.3908697
            ],
            [
              115.9320886,
              23.3902123
            ],
            [
              115.9382773,
              23.3866794
            ],
            [
              115.9420404,
              23.3871679
            ],
            [
              115.9450782,
              23.3902496
            ],
            [
              115.9478042,
              23.3915589
            ],
            [
              115.950628,
              23.3895221
            ],
            [
              115.9542681,
              23.3858522
            ],
            [
              115.9599461,
              23.3827816
            ],
            [
              115.9610826,
              23.3750929
            ],
            [
              115.9632649,
              23.37089
            ],
            [
              115.9685943,
              23.3679164
            ],
            [
              115.980338,
              23.3661194
            ],
            [
              115.9835374,
              23.3668655
            ],
            [
              115.9894054,
              23.3695441
            ],
            [
              115.9930178,
              23.3724481
            ],
            [
              115.9959205,
              23.3761013
            ],
            [
              115.9971658,
              23.3833194
            ],
            [
              115.9984336,
              23.3844438
            ],
            [
              116.0002591,
              23.3850928
            ],
            [
              116.0042021,
              23.3847376
            ],
            [
              116.0149764,
              23.3794063
            ],
            [
              116.0180788,
              23.3777822
            ],
            [
              116.0218468,
              23.3751439
            ],
            [
              116.0259253,
              23.374021
            ],
            [
              116.0287995,
              23.3747771
            ],
            [
              116.0314729,
              23.3755142
            ],
            [
              116.0336435,
              23.3753137
            ],
            [
              116.0361375,
              23.3733085
            ],
            [
              116.0372173,
              23.3728689
            ],
            [
              116.0378969,
              23.3721244
            ],
            [
              116.0416475,
              23.3700974
            ],
            [
              116.0442944,
              23.3694656
            ],
            [
              116.0490439,
              23.370817
            ],
            [
              116.0551848,
              23.373675
            ],
            [
              116.0580832,
              23.3754264
            ],
            [
              116.0569519,
              23.3759707
            ],
            [
              116.0574774,
              23.3774358
            ],
            [
              116.0616624,
              23.3798479
            ],
            [
              116.0634306,
              23.3812663
            ],
            [
              116.0684331,
              23.3821597
            ],
            [
              116.0723778,
              23.3820138
            ],
            [
              116.0750186,
              23.3809016
            ],
            [
              116.0787559,
              23.3826346
            ],
            [
              116.0808142,
              23.3844813
            ],
            [
              116.0810271,
              23.3854784
            ],
            [
              116.0807546,
              23.3870506
            ],
            [
              116.0802455,
              23.3895387
            ],
            [
              116.0813355,
              23.3911823
            ],
            [
              116.0815546,
              23.3923271
            ],
            [
              116.0826641,
              23.3942208
            ],
            [
              116.0846446,
              23.3974437
            ],
            [
              116.0852029,
              23.3977579
            ],
            [
              116.0855338,
              23.3998659
            ],
            [
              116.0851449,
              23.4007699
            ],
            [
              116.0862933,
              23.4024491
            ],
            [
              116.0877727,
              23.4033602
            ],
            [
              116.0899504,
              23.4035121
            ],
            [
              116.0929869,
              23.4019936
            ],
            [
              116.0939991,
              23.4008861
            ],
            [
              116.0944663,
              23.3992247
            ],
            [
              116.096419,
              23.398907
            ],
            [
              116.0979877,
              23.3982818
            ],
            [
              116.0994538,
              23.3979342
            ],
            [
              116.1033558,
              23.4025552
            ],
            [
              116.1096899,
              23.4069553
            ],
            [
              116.1112295,
              23.4088929
            ],
            [
              116.1126971,
              23.4147972
            ],
            [
              116.1142111,
              23.4183158
            ],
            [
              116.1146477,
              23.4185541
            ],
            [
              116.1180235,
              23.4209762
            ],
            [
              116.1186024,
              23.4238284
            ],
            [
              116.1199094,
              23.4258305
            ],
            [
              116.1238034,
              23.4278101
            ],
            [
              116.126812,
              23.4279101
            ],
            [
              116.1354333,
              23.4244857
            ],
            [
              116.1407083,
              23.4206755
            ],
            [
              116.141849,
              23.4206226
            ],
            [
              116.1430242,
              23.4219102
            ],
            [
              116.1442345,
              23.4251292
            ],
            [
              116.1492764,
              23.4279669
            ],
            [
              116.14976,
              23.4289785
            ],
            [
              116.149148,
              23.4306276
            ],
            [
              116.1462089,
              23.4329566
            ],
            [
              116.1452844,
              23.4435094
            ],
            [
              116.1461995,
              23.4465459
            ],
            [
              116.1484473,
              23.4478388
            ],
            [
              116.1516956,
              23.4486191
            ],
            [
              116.1554649,
              23.4490004
            ],
            [
              116.1590279,
              23.4497084
            ],
            [
              116.1608424,
              23.4507437
            ],
            [
              116.1620364,
              23.4521789
            ],
            [
              116.1619282,
              23.4533387
            ],
            [
              116.161106,
              23.4546487
            ],
            [
              116.1535613,
              23.4624415
            ],
            [
              116.1563691,
              23.4672289
            ],
            [
              116.1648658,
              23.4694341
            ],
            [
              116.1806099,
              23.4722529
            ],
            [
              116.1804381,
              23.474886
            ],
            [
              116.1839594,
              23.4885627
            ],
            [
              116.1755748,
              23.4945995
            ],
            [
              116.1712813,
              23.4973225
            ],
            [
              116.1663251,
              23.5030102
            ],
            [
              116.1648527,
              23.50659
            ],
            [
              116.1634504,
              23.5103231
            ],
            [
              116.1662698,
              23.5139352
            ],
            [
              116.1674287,
              23.5148979
            ],
            [
              116.164887,
              23.5185592
            ],
            [
              116.1611817,
              23.5225356
            ],
            [
              116.1576424,
              23.5245655
            ],
            [
              116.1543911,
              23.5259809
            ],
            [
              116.1499423,
              23.5264996
            ],
            [
              116.1464007,
              23.5262708
            ],
            [
              116.143216,
              23.5268663
            ],
            [
              116.1415372,
              23.5280525
            ],
            [
              116.1400385,
              23.5297789
            ],
            [
              116.1373774,
              23.5309244
            ],
            [
              116.1348728,
              23.5317312
            ],
            [
              116.1317614,
              23.5310975
            ],
            [
              116.130415,
              23.5313494
            ],
            [
              116.124177,
              23.5363385
            ],
            [
              116.1017155,
              23.5463422
            ],
            [
              116.0982075,
              23.5470283
            ],
            [
              116.0986752,
              23.549944
            ],
            [
              116.0992365,
              23.5510588
            ],
            [
              116.0971785,
              23.5532455
            ],
            [
              116.0950352,
              23.5530462
            ],
            [
              116.094447,
              23.5576333
            ],
            [
              116.0957567,
              23.559091
            ],
            [
              116.0967857,
              23.5620065
            ],
            [
              116.0982839,
              23.562343
            ],
            [
              116.0993597,
              23.5641866
            ],
            [
              116.1016625,
              23.5655862
            ],
            [
              116.1020142,
              23.5690461
            ],
            [
              116.1034642,
              23.5713612
            ],
            [
              116.1084222,
              23.5755196
            ],
            [
              116.1096352,
              23.5840876
            ],
            [
              116.1124884,
              23.5872597
            ],
            [
              116.112769,
              23.589703
            ],
            [
              116.1093174,
              23.5937293
            ],
            [
              116.1121706,
              23.5963203
            ],
            [
              116.1118899,
              23.6032447
            ],
            [
              116.1173774,
              23.6048946
            ],
            [
              116.1188742,
              23.6070577
            ],
            [
              116.1177984,
              23.6111721
            ],
            [
              116.1114937,
              23.6185952
            ],
            [
              116.1097631,
              23.619838
            ]
          ]
        ]
      }
    },
    {
      "type": "Feature",
      "properties": {
        "name": "普宁",
        "adcode": 445281,
        "parent": "揭阳",
        "outer": false
      },
      "geometry": {
        "type": "Polygon",
        "coordinates": [
          [
            [
              116.2400338,
              23.1430115
            ],
            [
              116.2411328,
              23.1457275
            ],
            [
              116.2438658,
              23.1508045
            ],
            [
              116.2464138,
              23.1532355
            ],
            [
              116.2503798,
              23.1550965
            ],
            [
              116.2506668,
              23.1566735
            ],
            [
              116.2498348,
              23.1578755
            ],
            [
              116.2478928,
              23.1596125
            ],
            [
              116.2493208,
              23.1624525
            ],
            [
              116.2503278,
              23.1652845
            ],
            [
              116.2500818,
              23.1673595
            ],
            [
              116.2492388,
              23.1690155
            ],
            [
              116.2479648,
              23.1704675
            ],
            [
              116.2476058,
              23.1715715
            ],
            [
              116.2482318,
              23.1764865
            ],
            [
              116.2474098,
              23.1785085
            ],
            [
              116.2478518,
              23.1788735
            ],
            [
              116.2502148,
              23.1783475
            ],
            [
              116.2535538,
              23.1788555
            ],
            [
              116.2554448,
              23.1787125
            ],
            [
              116.2577868,
              23.1777425
            ],
            [
              116.2588138,
              23.1842065
            ],
            [
              116.2597698,
              23.1856495
            ],
            [
              116.2587528,
              23.1862105
            ],
            [
              116.2569138,
              23.1849635
            ],
            [
              116.2546328,
              23.1842515
            ],
            [
              116.2528038,
              23.1832545
            ],
            [
              116.2495878,
              23.1829605
            ],
            [
              116.2473998,
              23.1836015
            ],
            [
              116.2484688,
              23.1870825
            ],
            [
              116.2509238,
              23.1876255
            ],
            [
              116.2512528,
              23.1883475
            ],
            [
              116.2501428,
              23.1900745
            ],
            [
              116.2485098,
              23.1907955
            ],
            [
              116.2479858,
              23.1923985
            ],
            [
              116.2482428,
              23.1941345
            ],
            [
              116.2543248,
              23.1985855
            ],
            [
              116.2578488,
              23.1999125
            ],
            [
              116.2599138,
              23.1993335
            ],
            [
              116.2629438,
              23.2024675
            ],
            [
              116.2644858,
              23.2052805
            ],
            [
              116.2646598,
              23.2075505
            ],
            [
              116.2630678,
              23.2090555
            ],
            [
              116.2612598,
              23.2088865
            ],
            [
              116.2604888,
              23.2081645
            ],
            [
              116.2604068,
              23.2064915
            ],
            [
              116.2592048,
              23.2060815
            ],
            [
              116.2580748,
              23.2064735
            ],
            [
              116.2567798,
              23.2078975
            ],
            [
              116.2557008,
              23.2141205
            ],
            [
              116.2556908,
              23.2159545
            ],
            [
              116.2551568,
              23.2194615
            ],
            [
              116.2572008,
              23.2259325
            ],
            [
              116.2622558,
              23.2304985
            ],
            [
              116.2639918,
              23.2303475
            ],
            [
              116.2676188,
              23.2292525
            ],
            [
              116.2713278,
              23.2294305
            ],
            [
              116.2748718,
              23.2285765
            ],
            [
              116.2759918,
              23.2292175
            ],
            [
              116.2786118,
              23.2321545
            ],
            [
              116.2801118,
              23.2331335
            ],
            [
              116.2863788,
              23.2388385
            ],
            [
              116.2886698,
              23.2398445
            ],
            [
              116.2895848,
              23.2423985
            ],
            [
              116.2894198,
              23.2446685
            ],
            [
              116.2884438,
              23.2477655
            ],
            [
              116.2895428,
              23.2520455
            ],
            [
              116.2934988,
              23.2568785
            ],
            [
              116.2948038,
              23.2615235
            ],
            [
              116.2941868,
              23.2660975
            ],
            [
              116.2954508,
              23.2683935
            ],
            [
              116.2992008,
              23.2727795
            ],
            [
              116.3005158,
              23.2738835
            ],
            [
              116.3010188,
              23.2754405
            ],
            [
              116.2978958,
              23.2819265
            ],
            [
              116.2988098,
              23.2838485
            ],
            [
              116.3014408,
              23.2863035
            ],
            [
              116.3082208,
              23.2892135
            ],
            [
              116.3098338,
              23.2911435
            ],
            [
              116.3095768,
              23.2943285
            ],
            [
              116.3080768,
              23.2958055
            ],
            [
              116.3044818,
              23.2986615
            ],
            [
              116.3056008,
              23.3001645
            ],
            [
              116.3071218,
              23.3010455
            ],
            [
              116.3124948,
              23.3030915
            ],
            [
              116.3168649,
              23.3051079
            ],
            [
              116.3184791,
              23.3048869
            ],
            [
              116.3261061,
              23.3150414
            ],
            [
              116.3262088,
              23.318634
            ],
            [
              116.3203203,
              23.3248564
            ],
            [
              116.3147179,
              23.3290387
            ],
            [
              116.3142206,
              23.3332978
            ],
            [
              116.3167385,
              23.3368139
            ],
            [
              116.3190825,
              23.3361113
            ],
            [
              116.3248751,
              23.3388726
            ],
            [
              116.3444564,
              23.3384793
            ],
            [
              116.3455305,
              23.3444049
            ],
            [
              116.3485514,
              23.3470034
            ],
            [
              116.3497361,
              23.3499746
            ],
            [
              116.3505066,
              23.353907
            ],
            [
              116.3455616,
              23.3612473
            ],
            [
              116.3453156,
              23.3749041
            ],
            [
              116.3457498,
              23.3905269
            ],
            [
              116.3429682,
              23.3929015
            ],
            [
              116.3417197,
              23.3994103
            ],
            [
              116.3403365,
              23.4017373
            ],
            [
              116.3418326,
              23.4076382
            ],
            [
              116.3447756,
              23.4075542
            ],
            [
              116.3487623,
              23.4055664
            ],
            [
              116.3497318,
              23.4064239
            ],
            [
              116.3498842,
              23.4078227
            ],
            [
              116.3484441,
              23.4119545
            ],
            [
              116.3444187,
              23.412872
            ],
            [
              116.3419763,
              23.410834
            ],
            [
              116.3406214,
              23.4110982
            ],
            [
              116.3353203,
              23.4141163
            ],
            [
              116.334554,
              23.4180051
            ],
            [
              116.3312545,
              23.4211848
            ],
            [
              116.3267855,
              23.4208862
            ],
            [
              116.3255679,
              23.4268744
            ],
            [
              116.3197253,
              23.4237959
            ],
            [
              116.3185737,
              23.4240756
            ],
            [
              116.3170768,
              23.4271945
            ],
            [
              116.3143539,
              23.4326262
            ],
            [
              116.3124085,
              23.4433057
            ],
            [
              116.312678,
              23.4474404
            ],
            [
              116.3148951,
              23.4514181
            ],
            [
              116.3143819,
              23.4544368
            ],
            [
              116.3102838,
              23.4585272
            ],
            [
              116.3041222,
              23.4593347
            ],
            [
              116.2914137,
              23.4649284
            ],
            [
              116.2880451,
              23.4730877
            ],
            [
              116.2821145,
              23.4779532
            ],
            [
              116.2816276,
              23.4833665
            ],
            [
              116.2904471,
              23.4901469
            ],
            [
              116.2957373,
              23.4924635
            ],
            [
              116.2957998,
              23.4966065
            ],
            [
              116.2934981,
              23.4997993
            ],
            [
              116.2840339,
              23.50842
            ],
            [
              116.2859243,
              23.5117136
            ],
            [
              116.2799697,
              23.5227956
            ],
            [
              116.273202,
              23.5295496
            ],
            [
              116.2715971,
              23.5271825
            ],
            [
              116.2682533,
              23.5233387
            ],
            [
              116.2657081,
              23.5216913
            ],
            [
              116.2627136,
              23.5197236
            ],
            [
              116.2600685,
              23.5180305
            ],
            [
              116.255468,
              23.517216
            ],
            [
              116.2496166,
              23.5161085
            ],
            [
              116.245718,
              23.518184
            ],
            [
              116.2431995,
              23.5189524
            ],
            [
              116.239157,
              23.5187236
            ],
            [
              116.2361625,
              23.5166185
            ],
            [
              116.2321207,
              23.5165214
            ],
            [
              116.2284276,
              23.5183519
            ],
            [
              116.222289,
              23.5194959
            ],
            [
              116.2201451,
              23.5211783
            ],
            [
              116.216951,
              23.5220935
            ],
            [
              116.2117067,
              23.5258008
            ],
            [
              116.208313,
              23.5265787
            ],
            [
              116.2049284,
              23.5254706
            ],
            [
              116.1944978,
              23.5201624
            ],
            [
              116.1907726,
              23.519928
            ],
            [
              116.1867286,
              23.5170908
            ],
            [
              116.1863293,
              23.5148484
            ],
            [
              116.1818444,
              23.5138316
            ],
            [
              116.174508,
              23.5136943
            ],
            [
              116.1721863,
              23.5131254
            ],
            [
              116.1677012,
              23.5097679
            ],
            [
              116.1648527,
              23.50659
            ],
            [
              116.1663251,
              23.5030102
            ],
            [
              116.1712813,
              23.4973225
            ],
            [
              116.1755748,
              23.4945995
            ],
            [
              116.1839594,
              23.4885627
            ],
            [
              116.1804381,
              23.474886
            ],
            [
              116.1806099,
              23.4722529
            ],
            [
              116.1648658,
              23.4694341
            ],
            [
              116.1563691,
              23.4672289
            ],
            [
              116.1535613,
              23.4624415
            ],
            [
              116.161106,
              23.4546487
            ],
            [
              116.1619282,
              23.4533387
            ],
            [
              116.1620364,
              23.4521789
            ],
            [
              116.1608424,
              23.4507437
            ],
            [
              116.1590279,
              23.4497084
            ],
            [
              116.1554649,
              23.4490004
            ],
            [
              116.1516956,
              23.4486191
            ],
            [
              116.1484473,
              23.4478388
            ],
            [
              116.1461995,
              23.4465459
            ],
            [
              116.1452844,
              23.4435094
            ],
            [
              116.1462089,
              23.4329566
            ],
            [
              116.149148,
              23.4306276
            ],
            [
              116.14976,
              23.4289785
            ],
            [
              116.1492764,
              23.4279669
            ],
            [
              116.1442345,
              23.4251292
            ],
            [
              116.1430242,
              23.4219102
            ],
            [
              116.141849,
              23.4206226
            ],
            [
              116.1407083,
              23.4206755
            ],
            [
              116.1354333,
              23.4244857
            ],
            [
              116.126812,
              23.4279101
            ],
            [
              116.1238034,
              23.4278101
            ],
            [
              116.1199094,
              23.4258305
            ],
            [
              116.1186024,
              23.4238284
            ],
            [
              116.1180235,
              23.4209762
            ],
            [
              116.1142111,
              23.4183158
            ],
            [
              116.1156281,
              23.4169771
            ],
            [
              116.1149356,
              23.412304
            ],
            [
              116.112705,
              23.4084399
            ],
            [
              116.1115717,
              23.4065102
            ],
            [
              116.1087827,
              23.4036305
            ],
            [
              116.1069439,
              23.4024686
            ],
            [
              116.1040794,
              23.4009376
            ],
            [
              116.1018123,
              23.3983
            ],
            [
              116.0997995,
              23.3964555
            ],
            [
              116.0977919,
              23.3959916
            ],
            [
              116.0963362,
              23.3961484
            ],
            [
              116.0948625,
              23.3974813
            ],
            [
              116.0928319,
              23.3996199
            ],
            [
              116.0905894,
              23.4017564
            ],
            [
              116.088838,
              23.4025013
            ],
            [
              116.0868961,
              23.4017458
            ],
            [
              116.0863195,
              23.4010401
            ],
            [
              116.0864049,
              23.4000797
            ],
            [
              116.0868961,
              23.3988252
            ],
            [
              116.0866972,
              23.3971627
            ],
            [
              116.0862273,
              23.3964962
            ],
            [
              116.0859883,
              23.3950374
            ],
            [
              116.0850486,
              23.3941161
            ],
            [
              116.0835556,
              23.3937928
            ],
            [
              116.0817615,
              23.3907937
            ],
            [
              116.0813344,
              23.3893823
            ],
            [
              116.0814676,
              23.3882321
            ],
            [
              116.0822425,
              23.3873918
            ],
            [
              116.0834408,
              23.3842145
            ],
            [
              116.0828812,
              23.3827352
            ],
            [
              116.0810923,
              23.3811366
            ],
            [
              116.0789727,
              23.3799123
            ],
            [
              116.078033,
              23.3801279
            ],
            [
              116.0740866,
              23.3799725
            ],
            [
              116.072976,
              23.3803058
            ],
            [
              116.069369,
              23.3806254
            ],
            [
              116.0660158,
              23.3804097
            ],
            [
              116.063919,
              23.3792632
            ],
            [
              116.059898,
              23.3756756
            ],
            [
              116.057271,
              23.37248
            ],
            [
              116.0555095,
              23.3719666
            ],
            [
              116.0494433,
              23.3693262
            ],
            [
              116.0443643,
              23.368403
            ],
            [
              116.0411607,
              23.3690107
            ],
            [
              116.0395692,
              23.3702098
            ],
            [
              116.034478,
              23.373206
            ],
            [
              116.0334879,
              23.3741523
            ],
            [
              116.0320291,
              23.3746033
            ],
            [
              116.0263694,
              23.3730153
            ],
            [
              116.0222687,
              23.3739171
            ],
            [
              116.0200483,
              23.3750896
            ],
            [
              116.0164164,
              23.3781381
            ],
            [
              116.0115371,
              23.3796172
            ],
            [
              116.0092732,
              23.3797936
            ],
            [
              116.0075859,
              23.3810679
            ],
            [
              115.9984336,
              23.3844438
            ],
            [
              115.9971658,
              23.3833194
            ],
            [
              115.9959205,
              23.3761013
            ],
            [
              115.9930178,
              23.3724481
            ],
            [
              115.9894054,
              23.3695441
            ],
            [
              115.9835374,
              23.3668655
            ],
            [
              115.980338,
              23.3661194
            ],
            [
              115.9685943,
              23.3679164
            ],
            [
              115.9632649,
              23.37089
            ],
            [
              115.9610826,
              23.3750929
            ],
            [
              115.9599461,
              23.3827816
            ],
            [
              115.9542681,
              23.3858522
            ],
            [
              115.950628,
              23.3895221
            ],
            [
              115.9478042,
              23.3915589
            ],
            [
              115.9450782,
              23.3902496
            ],
            [
              115.9420404,
              23.3871679
            ],
            [
              115.9382773,
              23.3866794
            ],
            [
              115.9320886,
              23.3902123
            ],
            [
              115.9283772,
              23.3908697
            ],
            [
              115.9264304,
              23.3894588
            ],
            [
              115.920667,
              23.3816585
            ],
            [
              115.9228305,
              23.3792271
            ],
            [
              115.9247936,
              23.3757292
            ],
            [
              115.9223708,
              23.3708579
            ],
            [
              115.9189745,
              23.3671492
            ],
            [
              115.9150912,
              23.3646856
            ],
            [
              115.9118206,
              23.364851
            ],
            [
              115.9063071,
              23.3664914
            ],
            [
              115.9012262,
              23.3686115
            ],
            [
              115.8929349,
              23.3660766
            ],
            [
              115.8910161,
              23.364717
            ],
            [
              115.8904772,
              23.3628973
            ],
            [
              115.8909309,
              23.3612718
            ],
            [
              115.8902873,
              23.3559331
            ],
            [
              115.890918,
              23.350813
            ],
            [
              115.8899504,
              23.3494242
            ],
            [
              115.8846001,
              23.3465794
            ],
            [
              115.881571,
              23.3444493
            ],
            [
              115.8812109,
              23.3417185
            ],
            [
              115.881802,
              23.33893
            ],
            [
              115.8812049,
              23.33604
            ],
            [
              115.8801826,
              23.3341575
            ],
            [
              115.8784369,
              23.3337162
            ],
            [
              115.8765851,
              23.3339464
            ],
            [
              115.874734,
              23.3326425
            ],
            [
              115.8715981,
              23.3294078
            ],
            [
              115.870153,
              23.3269575
            ],
            [
              115.8690878,
              23.3223712
            ],
            [
              115.8690963,
              23.3179159
            ],
            [
              115.8695353,
              23.3147381
            ],
            [
              115.8695386,
              23.3123989
            ],
            [
              115.8676141,
              23.3111971
            ],
            [
              115.8651699,
              23.310985
            ],
            [
              115.8602697,
              23.3117561
            ],
            [
              115.8527393,
              23.3144779
            ],
            [
              115.8502374,
              23.3161569
            ],
            [
              115.847497,
              23.3198898
            ],
            [
              115.8417323,
              23.3261965
            ],
            [
              115.8386453,
              23.3282123
            ],
            [
              115.834762,
              23.3301458
            ],
            [
              115.8304207,
              23.3303225
            ],
            [
              115.8272836,
              23.3291738
            ],
            [
              115.8246907,
              23.3287518
            ],
            [
              115.8219258,
              23.3296547
            ],
            [
              115.8199756,
              23.3316978
            ],
            [
              115.8176479,
              23.3365333
            ],
            [
              115.815069,
              23.3383887
            ],
            [
              115.8121517,
              23.3370457
            ],
            [
              115.8109137,
              23.3353955
            ],
            [
              115.8082131,
              23.3293513
            ],
            [
              115.8053271,
              23.3279641
            ],
            [
              115.8021708,
              23.3273986
            ],
            [
              115.7994988,
              23.3274824
            ],
            [
              115.797401,
              23.3270583
            ],
            [
              115.7961621,
              23.3255396
            ],
            [
              115.7961668,
              23.3236364
            ],
            [
              115.796818,
              23.3214619
            ],
            [
              115.7978431,
              23.3194629
            ],
            [
              115.797464,
              23.3175885
            ],
            [
              115.7966172,
              23.3158564
            ],
            [
              115.7924768,
              23.3115483
            ],
            [
              115.7922692,
              23.3079404
            ],
            [
              115.7933707,
              23.3048312
            ],
            [
              115.7921066,
              23.300626
            ],
            [
              115.7949207,
              23.2944242
            ],
            [
              115.7932141,
              23.2894977
            ],
            [
              115.7956462,
              23.2853111
            ],
            [
              115.8031228,
              23.2861322
            ],
            [
              115.8086489,
              23.2836688
            ],
            [
              115.8197825,
              23.2753826
            ],
            [
              115.8203792,
              23.2725134
            ],
            [
              115.8192415,
              23.2701991
            ],
            [
              115.8265555,
              23.2634799
            ],
            [
              115.8270431,
              23.2609414
            ],
            [
              115.8210835,
              23.2591568
            ],
            [
              115.8194582,
              23.255797
            ],
            [
              115.8165041,
              23.2539227
            ],
            [
              115.8127858,
              23.2525085
            ],
            [
              115.8094778,
              23.2517525
            ],
            [
              115.8063748,
              23.2513695
            ],
            [
              115.7956288,
              23.2519565
            ],
            [
              115.7927318,
              23.2517705
            ],
            [
              115.7894228,
              23.2502395
            ],
            [
              115.7863208,
              23.2492875
            ],
            [
              115.7805258,
              23.2494735
            ],
            [
              115.7747418,
              23.2498565
            ],
            [
              115.7716288,
              23.2491005
            ],
            [
              115.7660398,
              23.2473825
            ],
            [
              115.7635638,
              23.2469995
            ],
            [
              115.7608618,
              23.2477565
            ],
            [
              115.7585918,
              23.2489045
            ],
            [
              115.7558898,
              23.2485215
            ],
            [
              115.7536088,
              23.2475605
            ],
            [
              115.7467868,
              23.2414465
            ],
            [
              115.7447118,
              23.2389545
            ],
            [
              115.7436738,
              23.2359105
            ],
            [
              115.7438788,
              23.2328485
            ],
            [
              115.7455438,
              23.2282645
            ],
            [
              115.7484408,
              23.2242595
            ],
            [
              115.7531878,
              23.2185265
            ],
            [
              115.7531878,
              23.2154735
            ],
            [
              115.7502898,
              23.2110845
            ],
            [
              115.7496738,
              23.2082095
            ],
            [
              115.7500848,
              23.2000015
            ],
            [
              115.7496638,
              23.1980875
            ],
            [
              115.7488418,
              23.1967515
            ],
            [
              115.7475988,
              23.1961735
            ],
            [
              115.7455338,
              23.1982745
            ],
            [
              115.7389068,
              23.2104885
            ],
            [
              115.7366258,
              23.2125895
            ],
            [
              115.7341398,
              23.2137285
            ],
            [
              115.7324758,
              23.2131505
            ],
            [
              115.7293728,
              23.2097135
            ],
            [
              115.7264758,
              23.2045415
            ],
            [
              115.7260538,
              23.2016755
            ],
            [
              115.7272978,
              23.1997785
            ],
            [
              115.7291668,
              23.1980605
            ],
            [
              115.7293728,
              23.1965295
            ],
            [
              115.7289518,
              23.1953805
            ],
            [
              115.7266808,
              23.1932795
            ],
            [
              115.7241848,
              23.1915615
            ],
            [
              115.7221088,
              23.1894515
            ],
            [
              115.7208658,
              23.1873495
            ],
            [
              115.7210818,
              23.1863885
            ],
            [
              115.7233628,
              23.1844825
            ],
            [
              115.7250058,
              23.1837255
            ],
            [
              115.7285408,
              23.1804755
            ],
            [
              115.7318588,
              23.1785795
            ],
            [
              115.7355878,
              23.1770565
            ],
            [
              115.7407668,
              23.1740115
            ],
            [
              115.7484308,
              23.1703875
            ],
            [
              115.7502798,
              23.1675195
            ],
            [
              115.7523448,
              23.1650445
            ],
            [
              115.7552528,
              23.1629425
            ],
            [
              115.7589718,
              23.1618025
            ],
            [
              115.7631118,
              23.1619895
            ],
            [
              115.7699338,
              23.1633345
            ],
            [
              115.7722148,
              23.1633345
            ],
            [
              115.7742798,
              23.1623815
            ],
            [
              115.7761498,
              23.1608495
            ],
            [
              115.7786258,
              23.1553105
            ],
            [
              115.7839988,
              23.1490055
            ],
            [
              115.7848208,
              23.1467075
            ],
            [
              115.7868858,
              23.1421295
            ],
            [
              115.7885398,
              23.1402145
            ],
            [
              115.7908098,
              23.1394485
            ],
            [
              115.7926698,
              23.1373465
            ],
            [
              115.7949398,
              23.1356275
            ],
            [
              115.7990708,
              23.1344785
            ],
            [
              115.8036218,
              23.1337125
            ],
            [
              115.8079568,
              23.1317975
            ],
            [
              115.8122928,
              23.1302565
            ],
            [
              115.8164228,
              23.1310225
            ],
            [
              115.8224128,
              23.1289025
            ],
            [
              115.8259158,
              23.1273795
            ],
            [
              115.8285978,
              23.1254635
            ],
            [
              115.8290188,
              23.1222125
            ],
            [
              115.8288028,
              23.1187825
            ],
            [
              115.8281868,
              23.1166715
            ],
            [
              115.8283818,
              23.1147745
            ],
            [
              115.8314738,
              23.1099905
            ],
            [
              115.8362308,
              23.1059725
            ],
            [
              115.8415938,
              23.1025245
            ],
            [
              115.8469568,
              23.1013665
            ],
            [
              115.8484048,
              23.1028985
            ],
            [
              115.8496378,
              23.1059545
            ],
            [
              115.8527508,
              23.1103465
            ],
            [
              115.8562648,
              23.1149255
            ],
            [
              115.8577138,
              23.1179815
            ],
            [
              115.8597888,
              23.1204485
            ],
            [
              115.8643398,
              23.1219805
            ],
            [
              115.8694978,
              23.1227385
            ],
            [
              115.8742538,
              23.1221595
            ],
            [
              115.8790108,
              23.1221595
            ],
            [
              115.8837678,
              23.1236735
            ],
            [
              115.8883088,
              23.1261675
            ],
            [
              115.8944486,
              23.1324014
            ],
            [
              115.8952732,
              23.1322829
            ],
            [
              115.8978809,
              23.1301647
            ],
            [
              115.9046071,
              23.1284347
            ],
            [
              115.9071408,
              23.1248225
            ],
            [
              115.909698,
              23.1213573
            ],
            [
              115.9101876,
              23.118134
            ],
            [
              115.9109607,
              23.1159772
            ],
            [
              115.912255,
              23.115095
            ],
            [
              115.9168937,
              23.1140521
            ],
            [
              115.9187158,
              23.1138738
            ],
            [
              115.9213481,
              23.1137009
            ],
            [
              115.9281335,
              23.1108218
            ],
            [
              115.9333145,
              23.110668
            ],
            [
              115.937022,
              23.1096147
            ],
            [
              115.9401766,
              23.1084041
            ],
            [
              115.9440152,
              23.108244
            ],
            [
              115.9488466,
              23.1069818
            ],
            [
              115.951967,
              23.1040684
            ],
            [
              115.9587194,
              23.1026645
            ],
            [
              115.9714494,
              23.0989218
            ],
            [
              115.975205,
              23.0987003
            ],
            [
              115.9792476,
              23.1008906
            ],
            [
              115.9841222,
              23.1043655
            ],
            [
              115.9869161,
              23.1075694
            ],
            [
              115.9865678,
              23.1116825
            ],
            [
              115.9844308,
              23.1157455
            ],
            [
              115.9841228,
              23.1175265
            ],
            [
              115.9863565,
              23.1197382
            ],
            [
              115.9901538,
              23.1206005
            ],
            [
              115.9943758,
              23.1226315
            ],
            [
              116.0007968,
              23.1199145
            ],
            [
              116.0020098,
              23.1177765
            ],
            [
              116.0050918,
              23.1178385
            ],
            [
              116.0096218,
              23.1203505
            ],
            [
              116.0150468,
              23.1219635
            ],
            [
              116.0168348,
              23.1213215
            ],
            [
              116.0193518,
              23.1186225
            ],
            [
              116.0210778,
              23.1149435
            ],
            [
              116.0203788,
              23.1126365
            ],
            [
              116.0206568,
              23.1102485
            ],
            [
              116.0215608,
              23.1085295
            ],
            [
              116.0211698,
              23.1060795
            ],
            [
              116.0220438,
              23.1051615
            ],
            [
              116.0284028,
              23.1036475
            ],
            [
              116.0339608,
              23.1041285
            ],
            [
              116.0380598,
              23.1051795
            ],
            [
              116.0414708,
              23.1077185
            ],
            [
              116.0434538,
              23.1120395
            ],
            [
              116.0465358,
              23.1164045
            ],
            [
              116.0506022,
              23.1200311
            ],
            [
              116.0491125,
              23.1249615
            ],
            [
              116.0461461,
              23.1280657
            ],
            [
              116.0452677,
              23.1310388
            ],
            [
              116.0452434,
              23.1359741
            ],
            [
              116.0462342,
              23.1393441
            ],
            [
              116.0478167,
              23.1424588
            ],
            [
              116.0496095,
              23.1451466
            ],
            [
              116.0509377,
              23.1514817
            ],
            [
              116.0591528,
              23.1536275
            ],
            [
              116.0637649,
              23.1565348
            ],
            [
              116.0616659,
              23.1587803
            ],
            [
              116.0578465,
              23.1588053
            ],
            [
              116.0542587,
              23.1595542
            ],
            [
              116.053236,
              23.1613162
            ],
            [
              116.0537653,
              23.1650648
            ],
            [
              116.0553545,
              23.1738516
            ],
            [
              116.0569317,
              23.1770555
            ],
            [
              116.0588224,
              23.1797939
            ],
            [
              116.0635698,
              23.1810365
            ],
            [
              116.0667348,
              23.1821415
            ],
            [
              116.0698709,
              23.1853553
            ],
            [
              116.0719795,
              23.1857177
            ],
            [
              116.0744055,
              23.1838989
            ],
            [
              116.079185,
              23.1816633
            ],
            [
              116.0837871,
              23.1804242
            ],
            [
              116.0882443,
              23.1795259
            ],
            [
              116.0984382,
              23.1738629
            ],
            [
              116.1003443,
              23.1724831
            ],
            [
              116.1050546,
              23.1701755
            ],
            [
              116.1073228,
              23.1698297
            ],
            [
              116.1128518,
              23.1675303
            ],
            [
              116.1210647,
              23.1623872
            ],
            [
              116.1240589,
              23.159389
            ],
            [
              116.127033,
              23.1568516
            ],
            [
              116.1313919,
              23.1539101
            ],
            [
              116.1363399,
              23.1518151
            ],
            [
              116.1386371,
              23.1512318
            ],
            [
              116.1412298,
              23.1515345
            ],
            [
              116.1430998,
              23.1530485
            ],
            [
              116.1466238,
              23.1545715
            ],
            [
              116.1468298,
              23.1566645
            ],
            [
              116.1462228,
              23.1601105
            ],
            [
              116.1476818,
              23.1631565
            ],
            [
              116.1481038,
              23.1662105
            ],
            [
              116.1464698,
              23.1717585
            ],
            [
              116.1466748,
              23.1732815
            ],
            [
              116.1477128,
              23.1746165
            ],
            [
              116.1491618,
              23.1751775
            ],
            [
              116.1526548,
              23.1723015
            ],
            [
              116.1561788,
              23.1701915
            ],
            [
              116.1600928,
              23.1690335
            ],
            [
              116.1621578,
              23.1694075
            ],
            [
              116.1646438,
              23.1703605
            ],
            [
              116.1700068,
              23.1693815
            ],
            [
              116.1720828,
              23.1701375
            ],
            [
              116.1770448,
              23.1708775
            ],
            [
              116.1824178,
              23.1714385
            ],
            [
              116.1859218,
              23.1706545
            ],
            [
              116.1867638,
              23.1725685
            ],
            [
              116.1865578,
              23.1746705
            ],
            [
              116.1865788,
              23.1796395
            ],
            [
              116.1872058,
              23.1821145
            ],
            [
              116.1890648,
              23.1838325
            ],
            [
              116.1921678,
              23.1838145
            ],
            [
              116.1948488,
              23.1813125
            ],
            [
              116.1969148,
              23.1784545
            ],
            [
              116.1979318,
              23.1736735
            ],
            [
              116.1991538,
              23.1696655
            ],
            [
              116.2007978,
              23.1658275
            ],
            [
              116.2016098,
              23.1629695
            ],
            [
              116.2034588,
              23.1608675
            ],
            [
              116.2131678,
              23.1577775
            ],
            [
              116.2159518,
              23.1567355
            ],
            [
              116.2163828,
              23.1561035
            ],
            [
              116.2162698,
              23.1528885
            ],
            [
              116.2170918,
              23.1485155
            ],
            [
              116.2189618,
              23.1471085
            ],
            [
              116.2272938,
              23.1459685
            ],
            [
              116.2297808,
              23.1441245
            ],
            [
              116.2336228,
              23.1440175
            ],
            [
              116.2400338,
              23.1430115
            ]
          ]
        ]
      }
    },
    {
      "type": "Feature",
      "properties": {
        "name": "榕城",
        "adcode": 445202,
        "parent": "揭阳",
        "outer": false
      },
      "geometry": {
        "type": "Polygon",
        "coordinates": [
          [
            [
              116.273202,
              23.5295496
            ],
            [
              116.2799697,
              23.5227956
            ],
            [
              116.2859243,
              23.5117136
            ],
            [
              116.2840339,
              23.50842
            ],
            [
              116.2934981,
              23.4997993
            ],
            [
              116.2957998,
              23.4966065
            ],
            [
              116.2957373,
              23.4924635
            ],
            [
              116.2904471,
              23.4901469
            ],
            [
              116.2816276,
              23.4833665
            ],
            [
              116.2821145,
              23.4779532
            ],
            [
              116.2880451,
              23.4730877
            ],
            [
              116.2914137,
              23.4649284
            ],
            [
              116.3041222,
              23.4593347
            ],
            [
              116.3102838,
              23.4585272
            ],
            [
              116.3143819,
              23.4544368
            ],
            [
              116.3148951,
              23.4514181
            ],
            [
              116.3279055,
              23.4462144
            ],
            [
              116.3310598,
              23.4461358
            ],
            [
              116.3330209,
              23.4476846
            ],
            [
              116.333638,
              23.4494775
            ],
            [
              116.3399671,
              23.4488642
            ],
            [
              116.3448381,
              23.4556019
            ],
            [
              116.3459349,
              23.4587004
            ],
            [
              116.3465332,
              23.4643743
            ],
            [
              116.349341,
              23.4676023
            ],
            [
              116.3493903,
              23.4712426
            ],
            [
              116.3509749,
              23.4729505
            ],
            [
              116.3501232,
              23.4745447
            ],
            [
              116.3507205,
              23.4769987
            ],
            [
              116.3514107,
              23.4775678
            ],
            [
              116.3527114,
              23.4775302
            ],
            [
              116.3548146,
              23.4758837
            ],
            [
              116.355739,
              23.4756778
            ],
            [
              116.3588799,
              23.4778348
            ],
            [
              116.3591514,
              23.4786119
            ],
            [
              116.3586041,
              23.4799657
            ],
            [
              116.3585868,
              23.4816409
            ],
            [
              116.3581991,
              23.4819974
            ],
            [
              116.3594604,
              23.4831005
            ],
            [
              116.3602171,
              23.4845142
            ],
            [
              116.3604563,
              23.4872379
            ],
            [
              116.3608529,
              23.4895113
            ],
            [
              116.3617745,
              23.490889
            ],
            [
              116.3668853,
              23.4949998
            ],
            [
              116.3654191,
              23.4979965
            ],
            [
              116.3661313,
              23.49961
            ],
            [
              116.3672515,
              23.4999566
            ],
            [
              116.3722785,
              23.498151
            ],
            [
              116.3729069,
              23.4986888
            ],
            [
              116.3707285,
              23.5017622
            ],
            [
              116.3713988,
              23.5034909
            ],
            [
              116.3729003,
              23.5041036
            ],
            [
              116.3762517,
              23.5036426
            ],
            [
              116.3825773,
              23.5044493
            ],
            [
              116.3874969,
              23.5032782
            ],
            [
              116.3918309,
              23.5035843
            ],
            [
              116.3944546,
              23.5040128
            ],
            [
              116.3977253,
              23.5056937
            ],
            [
              116.3994213,
              23.5081914
            ],
            [
              116.4007291,
              23.5136843
            ],
            [
              116.400154,
              23.514673
            ],
            [
              116.4036404,
              23.516914
            ],
            [
              116.4078814,
              23.517672
            ],
            [
              116.4106489,
              23.5151673
            ],
            [
              116.4126838,
              23.5105845
            ],
            [
              116.4125861,
              23.5050063
            ],
            [
              116.4105374,
              23.4951417
            ],
            [
              116.4106027,
              23.4891241
            ],
            [
              116.4119027,
              23.4830804
            ],
            [
              116.4143773,
              23.4777734
            ],
            [
              116.4151615,
              23.4774012
            ],
            [
              116.4147158,
              23.4752348
            ],
            [
              116.4169908,
              23.4728649
            ],
            [
              116.4212273,
              23.4711324
            ],
            [
              116.426295,
              23.4727478
            ],
            [
              116.4299148,
              23.4760504
            ],
            [
              116.4324627,
              23.4807807
            ],
            [
              116.4372062,
              23.4889141
            ],
            [
              116.4434007,
              23.4927716
            ],
            [
              116.455124,
              23.5003071
            ],
            [
              116.4609071,
              23.5008468
            ],
            [
              116.4698073,
              23.50533
            ],
            [
              116.4765621,
              23.505882
            ],
            [
              116.4814376,
              23.5039505
            ],
            [
              116.485499,
              23.5017422
            ],
            [
              116.487975,
              23.49843
            ],
            [
              116.4892024,
              23.4922826
            ],
            [
              116.4894607,
              23.4868945
            ],
            [
              116.4889216,
              23.4820459
            ],
            [
              116.484968,
              23.474647
            ],
            [
              116.4833208,
              23.4728668
            ],
            [
              116.480307,
              23.4661017
            ],
            [
              116.4737029,
              23.4597434
            ],
            [
              116.4688197,
              23.4561714
            ],
            [
              116.4639072,
              23.4512835
            ],
            [
              116.4621148,
              23.4460632
            ],
            [
              116.4633368,
              23.4434582
            ],
            [
              116.4654355,
              23.4418183
            ],
            [
              116.4740615,
              23.4414226
            ],
            [
              116.4800219,
              23.4424849
            ],
            [
              116.4874942,
              23.4437071
            ],
            [
              116.4962293,
              23.4446718
            ],
            [
              116.5051437,
              23.4451571
            ],
            [
              116.5097149,
              23.4455734
            ],
            [
              116.5176968,
              23.4439398
            ],
            [
              116.5234834,
              23.4420602
            ],
            [
              116.5299143,
              23.4381114
            ],
            [
              116.5356753,
              23.4353207
            ],
            [
              116.5418306,
              23.4302956
            ],
            [
              116.5462938,
              23.425452
            ],
            [
              116.5504865,
              23.4195649
            ],
            [
              116.5544952,
              23.4128521
            ],
            [
              116.5588481,
              23.4008524
            ],
            [
              116.5661677,
              23.3939898
            ],
            [
              116.5737749,
              23.4062659
            ],
            [
              116.5710307,
              23.4073958
            ],
            [
              116.5707312,
              23.4106692
            ],
            [
              116.5798294,
              23.4083289
            ],
            [
              116.5820481,
              23.4123527
            ],
            [
              116.5724675,
              23.4146092
            ],
            [
              116.5736729,
              23.4175763
            ],
            [
              116.5738555,
              23.4190826
            ],
            [
              116.575139,
              23.422024
            ],
            [
              116.5776328,
              23.4259665
            ],
            [
              116.5794764,
              23.4257134
            ],
            [
              116.5811241,
              23.4250627
            ],
            [
              116.5829868,
              23.4258867
            ],
            [
              116.5841538,
              23.4275819
            ],
            [
              116.5856995,
              23.4282095
            ],
            [
              116.5868127,
              23.4290604
            ],
            [
              116.5870708,
              23.4309569
            ],
            [
              116.5868513,
              23.431784
            ],
            [
              116.5868339,
              23.4338861
            ],
            [
              116.585951,
              23.4360373
            ],
            [
              116.5857343,
              23.4371683
            ],
            [
              116.5861189,
              23.4384906
            ],
            [
              116.5859021,
              23.4402804
            ],
            [
              116.5849478,
              23.4408159
            ],
            [
              116.5849817,
              23.4445076
            ],
            [
              116.5851748,
              23.4461829
            ],
            [
              116.5841849,
              23.4473814
            ],
            [
              116.5814095,
              23.4490946
            ],
            [
              116.5799572,
              23.44838
            ],
            [
              116.5785733,
              23.4479368
            ],
            [
              116.5755227,
              23.4507387
            ],
            [
              116.5746978,
              23.4582184
            ],
            [
              116.5751969,
              23.4599891
            ],
            [
              116.57554,
              23.4604854
            ],
            [
              116.5759045,
              23.4638842
            ],
            [
              116.5781214,
              23.4666465
            ],
            [
              116.5799662,
              23.4675117
            ],
            [
              116.5837283,
              23.4648154
            ],
            [
              116.5843329,
              23.4616056
            ],
            [
              116.5842836,
              23.4594959
            ],
            [
              116.5846203,
              23.4579534
            ],
            [
              116.5855752,
              23.4560184
            ],
            [
              116.5877558,
              23.4551468
            ],
            [
              116.5892661,
              23.4547159
            ],
            [
              116.59035,
              23.453971
            ],
            [
              116.591925,
              23.4514247
            ],
            [
              116.5933132,
              23.4498153
            ],
            [
              116.595986,
              23.4489287
            ],
            [
              116.5980199,
              23.4473561
            ],
            [
              116.5999147,
              23.4462904
            ],
            [
              116.6011055,
              23.445776
            ],
            [
              116.6020598,
              23.4448212
            ],
            [
              116.6027804,
              23.4422133
            ],
            [
              116.6048653,
              23.4401372
            ],
            [
              116.60754,
              23.4390317
            ],
            [
              116.6090966,
              23.4377507
            ],
            [
              116.6096624,
              23.4360354
            ],
            [
              116.6115204,
              23.4353133
            ],
            [
              116.6142623,
              23.4356538
            ],
            [
              116.6164583,
              23.4352252
            ],
            [
              116.6176227,
              23.434369
            ],
            [
              116.6199212,
              23.4315488
            ],
            [
              116.6223102,
              23.4313008
            ],
            [
              116.6235639,
              23.432019
            ],
            [
              116.624601,
              23.4323714
            ],
            [
              116.6257327,
              23.4321435
            ],
            [
              116.6270105,
              23.4351867
            ],
            [
              116.6253784,
              23.4375116
            ],
            [
              116.6255502,
              23.4391272
            ],
            [
              116.6296667,
              23.4452746
            ],
            [
              116.6272616,
              23.44953
            ],
            [
              116.6288584,
              23.4519544
            ],
            [
              116.629159,
              23.4531758
            ],
            [
              116.6276882,
              23.4559363
            ],
            [
              116.623317,
              23.4581641
            ],
            [
              116.6212739,
              23.4632503
            ],
            [
              116.6154888,
              23.4690478
            ],
            [
              116.6132032,
              23.4693622
            ],
            [
              116.6103748,
              23.4674754
            ],
            [
              116.608009,
              23.4668659
            ],
            [
              116.6040138,
              23.4675223
            ],
            [
              116.5982541,
              23.4713243
            ],
            [
              116.5893605,
              23.475992
            ],
            [
              116.5857293,
              23.4773471
            ],
            [
              116.5822499,
              23.4783202
            ],
            [
              116.579869,
              23.4771287
            ],
            [
              116.5765263,
              23.4766046
            ],
            [
              116.5743088,
              23.4774251
            ],
            [
              116.5725515,
              23.4786488
            ],
            [
              116.5707032,
              23.4789736
            ],
            [
              116.5670445,
              23.4808394
            ],
            [
              116.5634124,
              23.4839334
            ],
            [
              116.5604989,
              23.4823952
            ],
            [
              116.5575848,
              23.4832337
            ],
            [
              116.5555086,
              23.4851306
            ],
            [
              116.5534675,
              23.4890784
            ],
            [
              116.5503576,
              23.4982657
            ],
            [
              116.5459151,
              23.5002984
            ],
            [
              116.5421948,
              23.5030114
            ],
            [
              116.5396101,
              23.5064561
            ],
            [
              116.5392753,
              23.5082854
            ],
            [
              116.5397798,
              23.5128709
            ],
            [
              116.5403668,
              23.5217648
            ],
            [
              116.5396108,
              23.5271329
            ],
            [
              116.5400858,
              23.5305498
            ],
            [
              116.5417715,
              23.5333526
            ],
            [
              116.5453292,
              23.5342853
            ],
            [
              116.5477291,
              23.535464
            ],
            [
              116.5495576,
              23.536957
            ],
            [
              116.5504936,
              23.5386143
            ],
            [
              116.5506936,
              23.5403168
            ],
            [
              116.5497815,
              23.5415954
            ],
            [
              116.5490386,
              23.5435074
            ],
            [
              116.5492386,
              23.544398
            ],
            [
              116.5528384,
              23.5457599
            ],
            [
              116.5557077,
              23.5464163
            ],
            [
              116.5570519,
              23.5455369
            ],
            [
              116.5583605,
              23.545245
            ],
            [
              116.5595588,
              23.5462665
            ],
            [
              116.5602333,
              23.5476634
            ],
            [
              116.5610327,
              23.5487854
            ],
            [
              116.5631544,
              23.5496383
            ],
            [
              116.5648433,
              23.5495004
            ],
            [
              116.5664413,
              23.5510749
            ],
            [
              116.5642986,
              23.5528023
            ],
            [
              116.5633469,
              23.5543018
            ],
            [
              116.5606257,
              23.559718
            ],
            [
              116.5615968,
              23.5610814
            ],
            [
              116.5617687,
              23.5634077
            ],
            [
              116.5624719,
              23.5656368
            ],
            [
              116.5626051,
              23.5670304
            ],
            [
              116.5625349,
              23.5689228
            ],
            [
              116.5631094,
              23.570537
            ],
            [
              116.5627377,
              23.5718861
            ],
            [
              116.5620508,
              23.5720121
            ],
            [
              116.5611313,
              23.5714739
            ],
            [
              116.5605808,
              23.5715286
            ],
            [
              116.559836,
              23.5726369
            ],
            [
              116.558606,
              23.5728419
            ],
            [
              116.5572412,
              23.5742347
            ],
            [
              116.5558998,
              23.5741937
            ],
            [
              116.5553175,
              23.5744397
            ],
            [
              116.5548385,
              23.5756459
            ],
            [
              116.5543028,
              23.575901
            ],
            [
              116.5522615,
              23.5765943
            ],
            [
              116.5517564,
              23.577545
            ],
            [
              116.5512247,
              23.5783661
            ],
            [
              116.550794,
              23.5794423
            ],
            [
              116.5502077,
              23.5798751
            ],
            [
              116.5495344,
              23.5799215
            ],
            [
              116.5486775,
              23.5796518
            ],
            [
              116.5482047,
              23.579863
            ],
            [
              116.5481667,
              23.5816202
            ],
            [
              116.5478322,
              23.58208
            ],
            [
              116.5471951,
              23.5822069
            ],
            [
              116.5462736,
              23.5804893
            ],
            [
              116.5448693,
              23.5792669
            ],
            [
              116.5448472,
              23.577889
            ],
            [
              116.5459945,
              23.5769945
            ],
            [
              116.5454218,
              23.5753317
            ],
            [
              116.5433796,
              23.5754205
            ],
            [
              116.5412773,
              23.574758
            ],
            [
              116.5382093,
              23.5754871
            ],
            [
              116.5360953,
              23.5775622
            ],
            [
              116.5344191,
              23.5812632
            ],
            [
              116.5294814,
              23.5840428
            ],
            [
              116.5282304,
              23.5804031
            ],
            [
              116.5224369,
              23.5811891
            ],
            [
              116.5170427,
              23.5783778
            ],
            [
              116.5122511,
              23.5791673
            ],
            [
              116.5107964,
              23.578866
            ],
            [
              116.5105213,
              23.574227
            ],
            [
              116.5081679,
              23.5701174
            ],
            [
              116.5052376,
              23.5674293
            ],
            [
              116.4997837,
              23.5663739
            ],
            [
              116.4970141,
              23.5666577
            ],
            [
              116.4949715,
              23.5677749
            ],
            [
              116.4939093,
              23.568151
            ],
            [
              116.4924005,
              23.5682381
            ],
            [
              116.4911248,
              23.5669711
            ],
            [
              116.4911445,
              23.5660067
            ],
            [
              116.4905064,
              23.5647217
            ],
            [
              116.4911667,
              23.5621378
            ],
            [
              116.4930522,
              23.556937
            ],
            [
              116.4937562,
              23.5554197
            ],
            [
              116.4915722,
              23.5532579
            ],
            [
              116.4894249,
              23.5525482
            ],
            [
              116.4872037,
              23.5531236
            ],
            [
              116.4862144,
              23.5554474
            ],
            [
              116.4845651,
              23.5583219
            ],
            [
              116.4831993,
              23.560301
            ],
            [
              116.4815558,
              23.5611985
            ],
            [
              116.4795326,
              23.5611742
            ],
            [
              116.4741016,
              23.5615519
            ],
            [
              116.4711656,
              23.5631979
            ],
            [
              116.4702785,
              23.5643511
            ],
            [
              116.4696409,
              23.5654311
            ],
            [
              116.468691,
              23.566271
            ],
            [
              116.4678265,
              23.5660096
            ],
            [
              116.4662649,
              23.5633379
            ],
            [
              116.4641768,
              23.5599515
            ],
            [
              116.4640654,
              23.5579829
            ],
            [
              116.4629797,
              23.5551479
            ],
            [
              116.4619153,
              23.5541134
            ],
            [
              116.459805,
              23.5535557
            ],
            [
              116.4579764,
              23.5542749
            ],
            [
              116.4555449,
              23.5546636
            ],
            [
              116.4538326,
              23.5543048
            ],
            [
              116.4533545,
              23.5525255
            ],
            [
              116.4537336,
              23.5465334
            ],
            [
              116.4531714,
              23.5416334
            ],
            [
              116.4503646,
              23.5383833
            ],
            [
              116.4468734,
              23.5388107
            ],
            [
              116.4420779,
              23.5466291
            ],
            [
              116.4397683,
              23.5470596
            ],
            [
              116.4364021,
              23.5461182
            ],
            [
              116.4341868,
              23.5500645
            ],
            [
              116.4282483,
              23.5534652
            ],
            [
              116.4216174,
              23.5589539
            ],
            [
              116.414147,
              23.5628564
            ],
            [
              116.4007003,
              23.5676389
            ],
            [
              116.396637,
              23.5677811
            ],
            [
              116.3938508,
              23.5666734
            ],
            [
              116.3907026,
              23.5673556
            ],
            [
              116.3868719,
              23.5692627
            ],
            [
              116.3859436,
              23.5742902
            ],
            [
              116.3899751,
              23.5783423
            ],
            [
              116.3913178,
              23.5827572
            ],
            [
              116.3870658,
              23.5926711
            ],
            [
              116.3834148,
              23.59419
            ],
            [
              116.3813038,
              23.5938952
            ],
            [
              116.3796684,
              23.5892163
            ],
            [
              116.3751556,
              23.5882693
            ],
            [
              116.3713822,
              23.5870756
            ],
            [
              116.3687318,
              23.5876032
            ],
            [
              116.3661958,
              23.589312
            ],
            [
              116.3593931,
              23.5959348
            ],
            [
              116.3413026,
              23.5983129
            ],
            [
              116.332985,
              23.5871056
            ],
            [
              116.3278735,
              23.5836456
            ],
            [
              116.3247362,
              23.5849295
            ],
            [
              116.3254384,
              23.5797263
            ],
            [
              116.3269636,
              23.5761082
            ],
            [
              116.3278286,
              23.574604
            ],
            [
              116.3316467,
              23.5716517
            ],
            [
              116.3357283,
              23.5694947
            ],
            [
              116.3381892,
              23.5684512
            ],
            [
              116.3388516,
              23.5643241
            ],
            [
              116.3384318,
              23.560357
            ],
            [
              116.3374489,
              23.5566958
            ],
            [
              116.3353097,
              23.5530101
            ],
            [
              116.3331889,
              23.5499999
            ],
            [
              116.3322875,
              23.5500035
            ],
            [
              116.330392,
              23.5477789
            ],
            [
              116.3315695,
              23.5475287
            ],
            [
              116.331153,
              23.5451592
            ],
            [
              116.3288268,
              23.5459754
            ],
            [
              116.3279939,
              23.5450539
            ],
            [
              116.3258543,
              23.5452119
            ],
            [
              116.3260698,
              23.5463641
            ],
            [
              116.3248847,
              23.5467715
            ],
            [
              116.3240453,
              23.5422448
            ],
            [
              116.3220208,
              23.5421543
            ],
            [
              116.3218233,
              23.5386686
            ],
            [
              116.3227085,
              23.5341688
            ],
            [
              116.3160362,
              23.5330764
            ],
            [
              116.3077725,
              23.5333654
            ],
            [
              116.302307,
              23.530741
            ],
            [
              116.2958613,
              23.5318996
            ],
            [
              116.2855145,
              23.5353208
            ],
            [
              116.273202,
              23.5295496
            ]
          ]
        ]
      }
    },
    {
      "type": "Feature",
      "properties": {
        "name": "湘桥",
        "adcode": 445102,
        "parent": "潮州",
        "outer": false
      },
      "geometry": {
        "type": "Polygon",
        "coordinates": [
          [
            [
              116.6977523,
              23.5853547
            ],
            [
              116.6988262,
              23.5858224
            ],
            [
              116.7004445,
              23.5827685
            ],
            [
              116.7013684,
              23.5822436
            ],
            [
              116.7038419,
              23.5831504
            ],
            [
              116.704453,
              23.5844839
            ],
            [
              116.7068683,
              23.5851239
            ],
            [
              116.7100444,
              23.5873217
            ],
            [
              116.7101068,
              23.5888517
            ],
            [
              116.7090883,
              23.5941852
            ],
            [
              116.7066439,
              23.5960786
            ],
            [
              116.7079497,
              23.6000064
            ],
            [
              116.7141189,
              23.602993
            ],
            [
              116.7279935,
              23.6040774
            ],
            [
              116.729303,
              23.6062106
            ],
            [
              116.7326131,
              23.6054545
            ],
            [
              116.7342374,
              23.6042438
            ],
            [
              116.7351104,
              23.6022439
            ],
            [
              116.7362879,
              23.601158
            ],
            [
              116.7359121,
              23.5996723
            ],
            [
              116.736756,
              23.598659
            ],
            [
              116.7363606,
              23.5978975
            ],
            [
              116.7365349,
              23.5971788
            ],
            [
              116.737794,
              23.5967309
            ],
            [
              116.7399726,
              23.5952455
            ],
            [
              116.7426751,
              23.5948929
            ],
            [
              116.7450396,
              23.5920067
            ],
            [
              116.7457086,
              23.5904896
            ],
            [
              116.7465104,
              23.5906973
            ],
            [
              116.7471727,
              23.5890361
            ],
            [
              116.7465215,
              23.5886911
            ],
            [
              116.7469921,
              23.5867264
            ],
            [
              116.7477077,
              23.5846696
            ],
            [
              116.7490324,
              23.5848612
            ],
            [
              116.7501051,
              23.5837091
            ],
            [
              116.7501051,
              23.5816645
            ],
            [
              116.751084,
              23.5809251
            ],
            [
              116.7512606,
              23.578202
            ],
            [
              116.7567353,
              23.5765924
            ],
            [
              116.7587436,
              23.5786334
            ],
            [
              116.7578412,
              23.5799034
            ],
            [
              116.758643,
              23.5805105
            ],
            [
              116.7597789,
              23.5792369
            ],
            [
              116.7603064,
              23.5790859
            ],
            [
              116.7621713,
              23.580891
            ],
            [
              116.7631093,
              23.5830228
            ],
            [
              116.7640956,
              23.5834439
            ],
            [
              116.7665961,
              23.5854459
            ],
            [
              116.7677112,
              23.5868319
            ],
            [
              116.7695379,
              23.5861506
            ],
            [
              116.7715557,
              23.5851578
            ],
            [
              116.7723828,
              23.5866565
            ],
            [
              116.7733598,
              23.5867928
            ],
            [
              116.7735935,
              23.5857417
            ],
            [
              116.7749103,
              23.585294
            ],
            [
              116.776076,
              23.5832715
            ],
            [
              116.78054,
              23.5820769
            ],
            [
              116.781241,
              23.5833617
            ],
            [
              116.7821448,
              23.5841276
            ],
            [
              116.7821744,
              23.5845684
            ],
            [
              116.7808787,
              23.5854443
            ],
            [
              116.7820959,
              23.5886778
            ],
            [
              116.7833066,
              23.5890866
            ],
            [
              116.7844111,
              23.5902934
            ],
            [
              116.7876772,
              23.5917728
            ],
            [
              116.7899655,
              23.5920973
            ],
            [
              116.7900821,
              23.5958935
            ],
            [
              116.7871359,
              23.5963851
            ],
            [
              116.7870535,
              23.6018697
            ],
            [
              116.7896963,
              23.6055376
            ],
            [
              116.7903897,
              23.6084353
            ],
            [
              116.7895825,
              23.6106539
            ],
            [
              116.7912156,
              23.6130682
            ],
            [
              116.7960275,
              23.6128457
            ],
            [
              116.7973019,
              23.6105492
            ],
            [
              116.8008915,
              23.609401
            ],
            [
              116.8030288,
              23.6099894
            ],
            [
              116.8055589,
              23.61185
            ],
            [
              116.8072156,
              23.6124144
            ],
            [
              116.8083048,
              23.6140746
            ],
            [
              116.8104335,
              23.6150801
            ],
            [
              116.8118715,
              23.6147831
            ],
            [
              116.8127636,
              23.6134013
            ],
            [
              116.8154046,
              23.6128035
            ],
            [
              116.8170524,
              23.6133499
            ],
            [
              116.8173932,
              23.6148527
            ],
            [
              116.8191508,
              23.6165206
            ],
            [
              116.82201,
              23.6145254
            ],
            [
              116.823209,
              23.6145539
            ],
            [
              116.8239499,
              23.6172603
            ],
            [
              116.8250909,
              23.6177328
            ],
            [
              116.8258127,
              23.6195391
            ],
            [
              116.8261387,
              23.6230237
            ],
            [
              116.8273458,
              23.6247807
            ],
            [
              116.8270387,
              23.6250616
            ],
            [
              116.825206,
              23.6247048
            ],
            [
              116.8232762,
              23.6248913
            ],
            [
              116.8225872,
              23.6252716
            ],
            [
              116.8215012,
              23.6279227
            ],
            [
              116.8190457,
              23.6287663
            ],
            [
              116.8179726,
              23.6296107
            ],
            [
              116.8179972,
              23.6300445
            ],
            [
              116.8203916,
              23.6306548
            ],
            [
              116.8204647,
              23.6311187
            ],
            [
              116.8189298,
              23.6328501
            ],
            [
              116.8191131,
              23.6332909
            ],
            [
              116.8219217,
              23.6352769
            ],
            [
              116.8232969,
              23.6354123
            ],
            [
              116.822813,
              23.6363877
            ],
            [
              116.8206255,
              23.6380547
            ],
            [
              116.8208508,
              23.6367098
            ],
            [
              116.8207429,
              23.6355344
            ],
            [
              116.8190701,
              23.6362988
            ],
            [
              116.8168285,
              23.6382168
            ],
            [
              116.8153999,
              23.640694
            ],
            [
              116.8122352,
              23.641228
            ],
            [
              116.8050833,
              23.6456517
            ],
            [
              116.8065239,
              23.6483327
            ],
            [
              116.8046501,
              23.6507357
            ],
            [
              116.8043169,
              23.65455
            ],
            [
              116.8090474,
              23.6566862
            ],
            [
              116.8164836,
              23.6616236
            ],
            [
              116.8238276,
              23.6646495
            ],
            [
              116.8284633,
              23.6658593
            ],
            [
              116.8299426,
              23.667098
            ],
            [
              116.8285267,
              23.6675818
            ],
            [
              116.8283196,
              23.6685288
            ],
            [
              116.8300823,
              23.6690856
            ],
            [
              116.8335057,
              23.6711565
            ],
            [
              116.8333789,
              23.6719114
            ],
            [
              116.8323223,
              23.6713888
            ],
            [
              116.831477,
              23.6707307
            ],
            [
              116.8294272,
              23.6702082
            ],
            [
              116.8288989,
              23.669763
            ],
            [
              116.828286,
              23.6702275
            ],
            [
              116.8302533,
              23.6721642
            ],
            [
              116.8311991,
              23.6722268
            ],
            [
              116.8320109,
              23.6730701
            ],
            [
              116.8328236,
              23.6731232
            ],
            [
              116.8334959,
              23.6738642
            ],
            [
              116.8346318,
              23.6737806
            ],
            [
              116.8379828,
              23.6748666
            ],
            [
              116.8380722,
              23.677446
            ],
            [
              116.8370892,
              23.6776329
            ],
            [
              116.8364282,
              23.6782173
            ],
            [
              116.8346846,
              23.6781965
            ],
            [
              116.8340671,
              23.6789662
            ],
            [
              116.8307226,
              23.6784552
            ],
            [
              116.8305277,
              23.6791982
            ],
            [
              116.8277537,
              23.678967
            ],
            [
              116.827561,
              23.6794877
            ],
            [
              116.8259223,
              23.6794883
            ],
            [
              116.8254497,
              23.6805026
            ],
            [
              116.8249569,
              23.6807664
            ],
            [
              116.8238629,
              23.6795199
            ],
            [
              116.8208155,
              23.6796447
            ],
            [
              116.8193566,
              23.6787951
            ],
            [
              116.8183511,
              23.6788026
            ],
            [
              116.817944,
              23.6800114
            ],
            [
              116.8186954,
              23.6810747
            ],
            [
              116.8168107,
              23.6828917
            ],
            [
              116.8135495,
              23.6832171
            ],
            [
              116.8132791,
              23.6850168
            ],
            [
              116.8126144,
              23.6854741
            ],
            [
              116.8125752,
              23.6862691
            ],
            [
              116.8113511,
              23.6879374
            ],
            [
              116.8106262,
              23.6897111
            ],
            [
              116.809989,
              23.6899066
            ],
            [
              116.8104692,
              23.6915401
            ],
            [
              116.8091448,
              23.6912036
            ],
            [
              116.8081402,
              23.6929835
            ],
            [
              116.8081343,
              23.6941643
            ],
            [
              116.8070176,
              23.6962406
            ],
            [
              116.8077736,
              23.6971683
            ],
            [
              116.8069895,
              23.6982576
            ],
            [
              116.806709,
              23.6991567
            ],
            [
              116.8052368,
              23.6995688
            ],
            [
              116.8016369,
              23.7057624
            ],
            [
              116.799752,
              23.7049067
            ],
            [
              116.7970782,
              23.7074405
            ],
            [
              116.7932524,
              23.7087451
            ],
            [
              116.7909351,
              23.7078775
            ],
            [
              116.7840146,
              23.7082789
            ],
            [
              116.7795748,
              23.7095855
            ],
            [
              116.7763854,
              23.7144801
            ],
            [
              116.7732879,
              23.7162703
            ],
            [
              116.767942,
              23.7221475
            ],
            [
              116.7650378,
              23.7263688
            ],
            [
              116.7596898,
              23.7363048
            ],
            [
              116.7621234,
              23.7457168
            ],
            [
              116.7689845,
              23.7565635
            ],
            [
              116.764683,
              23.7618675
            ],
            [
              116.7657781,
              23.7656869
            ],
            [
              116.7670974,
              23.7670876
            ],
            [
              116.761783,
              23.7686888
            ],
            [
              116.7551556,
              23.769026
            ],
            [
              116.7457121,
              23.7676941
            ],
            [
              116.7355671,
              23.7588932
            ],
            [
              116.7305127,
              23.756771
            ],
            [
              116.7231693,
              23.7502291
            ],
            [
              116.7170999,
              23.7432996
            ],
            [
              116.7070816,
              23.7374735
            ],
            [
              116.7055436,
              23.7361849
            ],
            [
              116.6964731,
              23.7334845
            ],
            [
              116.6865865,
              23.7347281
            ],
            [
              116.6818133,
              23.7336087
            ],
            [
              116.6716379,
              23.7321789
            ],
            [
              116.6646921,
              23.7303394
            ],
            [
              116.6612251,
              23.7322962
            ],
            [
              116.6604467,
              23.7333103
            ],
            [
              116.6599253,
              23.7355534
            ],
            [
              116.6554417,
              23.7357682
            ],
            [
              116.6524934,
              23.7335695
            ],
            [
              116.6459151,
              23.7359527
            ],
            [
              116.6428553,
              23.733298
            ],
            [
              116.6449,
              23.7293406
            ],
            [
              116.6430916,
              23.7266128
            ],
            [
              116.638503,
              23.7270663
            ],
            [
              116.6345982,
              23.73075
            ],
            [
              116.6271626,
              23.7301031
            ],
            [
              116.6227178,
              23.7316559
            ],
            [
              116.6154699,
              23.7359346
            ],
            [
              116.6077644,
              23.7375194
            ],
            [
              116.5964674,
              23.7319017
            ],
            [
              116.5813726,
              23.7402015
            ],
            [
              116.5768226,
              23.7362265
            ],
            [
              116.5768226,
              23.7320535
            ],
            [
              116.5727333,
              23.7320535
            ],
            [
              116.5724025,
              23.7345711
            ],
            [
              116.5693188,
              23.7363507
            ],
            [
              116.5647659,
              23.7295655
            ],
            [
              116.5631771,
              23.7216356
            ],
            [
              116.567082,
              23.7160426
            ],
            [
              116.5702843,
              23.7162531
            ],
            [
              116.572416,
              23.7197436
            ],
            [
              116.575902,
              23.7210631
            ],
            [
              116.5775779,
              23.7164293
            ],
            [
              116.58034,
              23.7199799
            ],
            [
              116.5825798,
              23.7179403
            ],
            [
              116.5808723,
              23.7100589
            ],
            [
              116.5834115,
              23.7076483
            ],
            [
              116.5820023,
              23.7021776
            ],
            [
              116.580869,
              23.6919666
            ],
            [
              116.5831176,
              23.6860783
            ],
            [
              116.5826667,
              23.6825246
            ],
            [
              116.5777911,
              23.6828601
            ],
            [
              116.5775374,
              23.6834795
            ],
            [
              116.5764665,
              23.6838409
            ],
            [
              116.5764946,
              23.6852862
            ],
            [
              116.5777065,
              23.6854927
            ],
            [
              116.5772838,
              23.6867831
            ],
            [
              116.5743809,
              23.6866541
            ],
            [
              116.5743809,
              23.6802017
            ],
            [
              116.5777916,
              23.6801716
            ],
            [
              116.5776789,
              23.6772293
            ],
            [
              116.5824078,
              23.6770893
            ],
            [
              116.5926938,
              23.6748987
            ],
            [
              116.5937819,
              23.6736353
            ],
            [
              116.5940852,
              23.6696992
            ],
            [
              116.5929097,
              23.6625618
            ],
            [
              116.5916915,
              23.6619969
            ],
            [
              116.5909832,
              23.6612299
            ],
            [
              116.5918647,
              23.6606174
            ],
            [
              116.5951098,
              23.6602743
            ],
            [
              116.5965919,
              23.6611427
            ],
            [
              116.5980737,
              23.6609104
            ],
            [
              116.6013443,
              23.6617033
            ],
            [
              116.6043221,
              23.661493
            ],
            [
              116.605538,
              23.6617575
            ],
            [
              116.6064505,
              23.6612186
            ],
            [
              116.6076664,
              23.6590331
            ],
            [
              116.6120505,
              23.6583241
            ],
            [
              116.6117353,
              23.6575798
            ],
            [
              116.6133159,
              23.6562991
            ],
            [
              116.617175,
              23.6579689
            ],
            [
              116.6199446,
              23.6546523
            ],
            [
              116.6254929,
              23.6480955
            ],
            [
              116.6216446,
              23.6444104
            ],
            [
              116.6240041,
              23.6424044
            ],
            [
              116.6238254,
              23.6417132
            ],
            [
              116.6210019,
              23.6397251
            ],
            [
              116.6176648,
              23.6347269
            ],
            [
              116.6182634,
              23.6300097
            ],
            [
              116.6194011,
              23.6303752
            ],
            [
              116.6215603,
              23.6328324
            ],
            [
              116.6262266,
              23.636897
            ],
            [
              116.6259578,
              23.6373544
            ],
            [
              116.6279525,
              23.6389787
            ],
            [
              116.63285,
              23.6384149
            ],
            [
              116.6378282,
              23.6348409
            ],
            [
              116.6358798,
              23.6315119
            ],
            [
              116.6368936,
              23.6276525
            ],
            [
              116.6399807,
              23.6254198
            ],
            [
              116.644494,
              23.6243259
            ],
            [
              116.6478055,
              23.6246768
            ],
            [
              116.650689,
              23.6251102
            ],
            [
              116.6529653,
              23.6245092
            ],
            [
              116.6545935,
              23.6233883
            ],
            [
              116.6546426,
              23.6217391
            ],
            [
              116.6583506,
              23.6196916
            ],
            [
              116.661572,
              23.6196503
            ],
            [
              116.662428,
              23.6187009
            ],
            [
              116.6607836,
              23.6181066
            ],
            [
              116.66286,
              23.61364
            ],
            [
              116.6643232,
              23.6124103
            ],
            [
              116.6662877,
              23.6114687
            ],
            [
              116.6679516,
              23.6115186
            ],
            [
              116.6756884,
              23.6070074
            ],
            [
              116.6776482,
              23.604778
            ],
            [
              116.6785504,
              23.604815
            ],
            [
              116.6792712,
              23.6031842
            ],
            [
              116.6804577,
              23.6019667
            ],
            [
              116.6811786,
              23.5996753
            ],
            [
              116.6807425,
              23.598959
            ],
            [
              116.6819216,
              23.5972839
            ],
            [
              116.6831164,
              23.5958523
            ],
            [
              116.6847568,
              23.5953587
            ],
            [
              116.6883161,
              23.5935214
            ],
            [
              116.6888652,
              23.592044
            ],
            [
              116.6913055,
              23.5871958
            ],
            [
              116.6904005,
              23.582877
            ],
            [
              116.6958971,
              23.5790819
            ],
            [
              116.6977523,
              23.5853547
            ]
          ]
        ]
      }
    },
    {
      "type": "Feature",
      "properties": {
        "name": "潮南",
        "adcode": 440514,
        "parent": "汕头",
        "outer": false
      },
      "geometry": {
        "type": "Polygon",
        "coordinates": [
          [
            [
              116.6041275,
              23.1941244
            ],
            [
              116.6033732,
              23.1972291
            ],
            [
              116.6028464,
              23.1992564
            ],
            [
              116.6040598,
              23.2013965
            ],
            [
              116.6060805,
              23.2051483
            ],
            [
              116.6102308,
              23.2047219
            ],
            [
              116.6086854,
              23.2159165
            ],
            [
              116.5973561,
              23.224117
            ],
            [
              116.5850028,
              23.2301516
            ],
            [
              116.5455919,
              23.2253882
            ],
            [
              116.5477504,
              23.2147992
            ],
            [
              116.5399724,
              23.2129671
            ],
            [
              116.5378764,
              23.2199152
            ],
            [
              116.5324869,
              23.2187457
            ],
            [
              116.5303909,
              23.2243178
            ],
            [
              116.5180857,
              23.2212896
            ],
            [
              116.5186514,
              23.2182692
            ],
            [
              116.5213462,
              23.2195763
            ],
            [
              116.5256877,
              23.218682
            ],
            [
              116.5270496,
              23.2167794
            ],
            [
              116.5257771,
              23.2098999
            ],
            [
              116.5200777,
              23.2067065
            ],
            [
              116.5162742,
              23.2028986
            ],
            [
              116.504628,
              23.201676
            ],
            [
              116.4972613,
              23.2047755
            ],
            [
              116.4980018,
              23.2061465
            ],
            [
              116.4929506,
              23.2071904
            ],
            [
              116.4923229,
              23.2054185
            ],
            [
              116.4897225,
              23.2060366
            ],
            [
              116.4895432,
              23.2085914
            ],
            [
              116.4820162,
              23.2085255
            ],
            [
              116.4731551,
              23.2054763
            ],
            [
              116.4688062,
              23.2061768
            ],
            [
              116.4664856,
              23.2090205
            ],
            [
              116.4678755,
              23.2123993
            ],
            [
              116.4696603,
              23.2150574
            ],
            [
              116.4715922,
              23.2171958
            ],
            [
              116.4700462,
              23.2226808
            ],
            [
              116.4723151,
              23.230034
            ],
            [
              116.46808,
              23.2330487
            ],
            [
              116.4625888,
              23.2336884
            ],
            [
              116.4560176,
              23.2388161
            ],
            [
              116.4563175,
              23.2513666
            ],
            [
              116.4607613,
              23.2525175
            ],
            [
              116.459519,
              23.2559811
            ],
            [
              116.4614826,
              23.2564347
            ],
            [
              116.4597578,
              23.26149
            ],
            [
              116.4581428,
              23.2623296
            ],
            [
              116.4553472,
              23.2650955
            ],
            [
              116.454487,
              23.266676
            ],
            [
              116.4542289,
              23.2676902
            ],
            [
              116.4562794,
              23.2715372
            ],
            [
              116.4570392,
              23.2722089
            ],
            [
              116.4572686,
              23.2740033
            ],
            [
              116.4567095,
              23.2756363
            ],
            [
              116.4538693,
              23.2785514
            ],
            [
              116.4526363,
              23.2811484
            ],
            [
              116.4519482,
              23.2824258
            ],
            [
              116.4510591,
              23.2836826
            ],
            [
              116.4502993,
              23.2845122
            ],
            [
              116.4491667,
              23.285276
            ],
            [
              116.4475036,
              23.2857633
            ],
            [
              116.4438321,
              23.2865257
            ],
            [
              116.4419397,
              23.2870919
            ],
            [
              116.4405047,
              23.2878201
            ],
            [
              116.440218,
              23.2878728
            ],
            [
              116.4396445,
              23.2876621
            ],
            [
              116.4393304,
              23.2868347
            ],
            [
              116.4405634,
              23.2851227
            ],
            [
              116.4410852,
              23.2839366
            ],
            [
              116.4410135,
              23.2830147
            ],
            [
              116.4407607,
              23.2824508
            ],
            [
              116.4399148,
              23.2813578
            ],
            [
              116.4388587,
              23.2804886
            ],
            [
              116.4379842,
              23.2793297
            ],
            [
              116.4362619,
              23.2769164
            ],
            [
              116.435304,
              23.2765396
            ],
            [
              116.4342575,
              23.2766317
            ],
            [
              116.4338104,
              23.2778745
            ],
            [
              116.4330596,
              23.2787312
            ],
            [
              116.4332207,
              23.2792306
            ],
            [
              116.4324321,
              23.2796257
            ],
            [
              116.4305709,
              23.2780293
            ],
            [
              116.4287881,
              23.2766827
            ],
            [
              116.426614,
              23.2767387
            ],
            [
              116.4244741,
              23.277154
            ],
            [
              116.421627,
              23.2798589
            ],
            [
              116.4201068,
              23.2801769
            ],
            [
              116.417865,
              23.2809481
            ],
            [
              116.4162722,
              23.2811438
            ],
            [
              116.4122739,
              23.2756842
            ],
            [
              116.4123919,
              23.2748814
            ],
            [
              116.4094408,
              23.2729934
            ],
            [
              116.4072879,
              23.2732447
            ],
            [
              116.4054143,
              23.2750232
            ],
            [
              116.4043567,
              23.2771888
            ],
            [
              116.403595,
              23.2794335
            ],
            [
              116.4026794,
              23.2814835
            ],
            [
              116.3986172,
              23.2807916
            ],
            [
              116.3966704,
              23.2805112
            ],
            [
              116.3952264,
              23.2807269
            ],
            [
              116.3942168,
              23.2817944
            ],
            [
              116.3933808,
              23.2862687
            ],
            [
              116.3916214,
              23.2874582
            ],
            [
              116.3892593,
              23.2877729
            ],
            [
              116.3855081,
              23.2863555
            ],
            [
              116.3819314,
              23.286377
            ],
            [
              116.3814248,
              23.2846774
            ],
            [
              116.3814542,
              23.2835553
            ],
            [
              116.3826588,
              23.2829101
            ],
            [
              116.3832127,
              23.2809502
            ],
            [
              116.3825456,
              23.2783424
            ],
            [
              116.3794671,
              23.2778279
            ],
            [
              116.3774416,
              23.2786416
            ],
            [
              116.3768986,
              23.2799812
            ],
            [
              116.378982,
              23.2835087
            ],
            [
              116.3783925,
              23.2845347
            ],
            [
              116.3744154,
              23.2871118
            ],
            [
              116.3718711,
              23.2871403
            ],
            [
              116.3696924,
              23.2881423
            ],
            [
              116.3700434,
              23.2897686
            ],
            [
              116.3700818,
              23.2909912
            ],
            [
              116.3692703,
              23.2915421
            ],
            [
              116.3674619,
              23.2915503
            ],
            [
              116.3658643,
              23.2913831
            ],
            [
              116.3583004,
              23.2926822
            ],
            [
              116.3565345,
              23.2926149
            ],
            [
              116.3549793,
              23.2917428
            ],
            [
              116.3534609,
              23.2917088
            ],
            [
              116.3515904,
              23.2945099
            ],
            [
              116.3503293,
              23.294959
            ],
            [
              116.3455512,
              23.2953989
            ],
            [
              116.3436595,
              23.295686
            ],
            [
              116.3417655,
              23.29709
            ],
            [
              116.3344263,
              23.2997448
            ],
            [
              116.3303233,
              23.3013131
            ],
            [
              116.3239423,
              23.3016674
            ],
            [
              116.3213347,
              23.3038836
            ],
            [
              116.3196824,
              23.3049374
            ],
            [
              116.3184791,
              23.3048869
            ],
            [
              116.3168649,
              23.3051079
            ],
            [
              116.3124948,
              23.3030915
            ],
            [
              116.3071218,
              23.3010455
            ],
            [
              116.3056008,
              23.3001645
            ],
            [
              116.3044818,
              23.2986615
            ],
            [
              116.3080768,
              23.2958055
            ],
            [
              116.3095768,
              23.2943285
            ],
            [
              116.3098338,
              23.2911435
            ],
            [
              116.3082208,
              23.2892135
            ],
            [
              116.3014408,
              23.2863035
            ],
            [
              116.2988098,
              23.2838485
            ],
            [
              116.2978958,
              23.2819265
            ],
            [
              116.3010188,
              23.2754405
            ],
            [
              116.3005158,
              23.2738835
            ],
            [
              116.2992008,
              23.2727795
            ],
            [
              116.2954508,
              23.2683935
            ],
            [
              116.2941868,
              23.2660975
            ],
            [
              116.2948038,
              23.2615235
            ],
            [
              116.2934988,
              23.2568785
            ],
            [
              116.2895428,
              23.2520455
            ],
            [
              116.2884438,
              23.2477655
            ],
            [
              116.2894198,
              23.2446685
            ],
            [
              116.2895848,
              23.2423985
            ],
            [
              116.2886698,
              23.2398445
            ],
            [
              116.2863788,
              23.2388385
            ],
            [
              116.2801118,
              23.2331335
            ],
            [
              116.2786118,
              23.2321545
            ],
            [
              116.2759918,
              23.2292175
            ],
            [
              116.2748718,
              23.2285765
            ],
            [
              116.2713278,
              23.2294305
            ],
            [
              116.2676188,
              23.2292525
            ],
            [
              116.2639918,
              23.2303475
            ],
            [
              116.2622558,
              23.2304985
            ],
            [
              116.2572008,
              23.2259325
            ],
            [
              116.2551568,
              23.2194615
            ],
            [
              116.2556908,
              23.2159545
            ],
            [
              116.2557008,
              23.2141205
            ],
            [
              116.2567798,
              23.2078975
            ],
            [
              116.2580748,
              23.2064735
            ],
            [
              116.2592048,
              23.2060815
            ],
            [
              116.2604068,
              23.2064915
            ],
            [
              116.2604888,
              23.2081645
            ],
            [
              116.2612598,
              23.2088865
            ],
            [
              116.2630678,
              23.2090555
            ],
            [
              116.2646598,
              23.2075505
            ],
            [
              116.2644858,
              23.2052805
            ],
            [
              116.2629438,
              23.2024675
            ],
            [
              116.2599138,
              23.1993335
            ],
            [
              116.2578488,
              23.1999125
            ],
            [
              116.2543248,
              23.1985855
            ],
            [
              116.2482428,
              23.1941345
            ],
            [
              116.2479858,
              23.1923985
            ],
            [
              116.2485098,
              23.1907955
            ],
            [
              116.2501428,
              23.1900745
            ],
            [
              116.2512528,
              23.1883475
            ],
            [
              116.2509238,
              23.1876255
            ],
            [
              116.2484688,
              23.1870825
            ],
            [
              116.2473998,
              23.1836015
            ],
            [
              116.2495878,
              23.1829605
            ],
            [
              116.2528038,
              23.1832545
            ],
            [
              116.2546328,
              23.1842515
            ],
            [
              116.2569138,
              23.1849635
            ],
            [
              116.2587528,
              23.1862105
            ],
            [
              116.2597698,
              23.1856495
            ],
            [
              116.2588138,
              23.1842065
            ],
            [
              116.2577868,
              23.1777425
            ],
            [
              116.2554448,
              23.1787125
            ],
            [
              116.2535538,
              23.1788555
            ],
            [
              116.2502148,
              23.1783475
            ],
            [
              116.2478518,
              23.1788735
            ],
            [
              116.2474098,
              23.1785085
            ],
            [
              116.2482318,
              23.1764865
            ],
            [
              116.2476058,
              23.1715715
            ],
            [
              116.2479648,
              23.1704675
            ],
            [
              116.2492388,
              23.1690155
            ],
            [
              116.2500818,
              23.1673595
            ],
            [
              116.2503278,
              23.1652845
            ],
            [
              116.2493208,
              23.1624525
            ],
            [
              116.2478928,
              23.1596125
            ],
            [
              116.2498348,
              23.1578755
            ],
            [
              116.2506668,
              23.1566735
            ],
            [
              116.2503798,
              23.1550965
            ],
            [
              116.2464138,
              23.1532355
            ],
            [
              116.2438658,
              23.1508045
            ],
            [
              116.2411328,
              23.1457275
            ],
            [
              116.2400338,
              23.1430115
            ],
            [
              116.2410283,
              23.1416882
            ],
            [
              116.2458983,
              23.1374932
            ],
            [
              116.2461553,
              23.1354802
            ],
            [
              116.2469873,
              23.1333241
            ],
            [
              116.2482613,
              23.1320332
            ],
            [
              116.2504493,
              23.1307322
            ],
            [
              116.2495043,
              23.1270182
            ],
            [
              116.2511273,
              23.1250582
            ],
            [
              116.2520423,
              23.1247552
            ],
            [
              116.2543988,
              23.1254705
            ],
            [
              116.256424,
              23.1258424
            ],
            [
              116.2570371,
              23.1256347
            ],
            [
              116.2570072,
              23.1249116
            ],
            [
              116.256733,
              23.1240957
            ],
            [
              116.257177,
              23.1220867
            ],
            [
              116.2579433,
              23.1217677
            ],
            [
              116.2586683,
              23.1221542
            ],
            [
              116.2593906,
              23.1235409
            ],
            [
              116.2602456,
              23.1237782
            ],
            [
              116.2615361,
              23.1224405
            ],
            [
              116.264686,
              23.1211956
            ],
            [
              116.2679443,
              23.1198105
            ],
            [
              116.2727869,
              23.1180715
            ],
            [
              116.277263,
              23.1155842
            ],
            [
              116.2799087,
              23.1172608
            ],
            [
              116.2828392,
              23.1158406
            ],
            [
              116.2832344,
              23.1153955
            ],
            [
              116.2826022,
              23.1140282
            ],
            [
              116.282215,
              23.1134472
            ],
            [
              116.2821578,
              23.1130523
            ],
            [
              116.2825772,
              23.1125108
            ],
            [
              116.2835938,
              23.1121812
            ],
            [
              116.2853073,
              23.1120436
            ],
            [
              116.2860246,
              23.1122987
            ],
            [
              116.2864843,
              23.1130109
            ],
            [
              116.2869118,
              23.1132038
            ],
            [
              116.2873232,
              23.1131445
            ],
            [
              116.2883083,
              23.1112862
            ],
            [
              116.2873511,
              23.1099891
            ],
            [
              116.2868301,
              23.1096244
            ],
            [
              116.2863025,
              23.1099298
            ],
            [
              116.2859509,
              23.1102773
            ],
            [
              116.2851846,
              23.1103069
            ],
            [
              116.2846326,
              23.1092991
            ],
            [
              116.2844424,
              23.1076208
            ],
            [
              116.2849748,
              23.1073167
            ],
            [
              116.2850393,
              23.1062706
            ],
            [
              116.2865244,
              23.1047006
            ],
            [
              116.28622,
              23.1034485
            ],
            [
              116.286436,
              23.1024339
            ],
            [
              116.2868555,
              23.1018106
            ],
            [
              116.2883356,
              23.1008771
            ],
            [
              116.2906958,
              23.1008069
            ],
            [
              116.2914295,
              23.101163
            ],
            [
              116.2923007,
              23.1005843
            ],
            [
              116.2943122,
              23.0998747
            ],
            [
              116.2950217,
              23.0989023
            ],
            [
              116.2983099,
              23.0986525
            ],
            [
              116.2984585,
              23.1004932
            ],
            [
              116.2988703,
              23.1015752
            ],
            [
              116.3002694,
              23.1038494
            ],
            [
              116.3009873,
              23.1043761
            ],
            [
              116.3025835,
              23.1049167
            ],
            [
              116.3053749,
              23.1042595
            ],
            [
              116.3082815,
              23.1053078
            ],
            [
              116.3126903,
              23.1042595
            ],
            [
              116.3136482,
              23.1033895
            ],
            [
              116.3142423,
              23.1021627
            ],
            [
              116.3148482,
              23.1016442
            ],
            [
              116.3161093,
              23.1018785
            ],
            [
              116.3209458,
              23.1040711
            ],
            [
              116.3223769,
              23.1033348
            ],
            [
              116.3251533,
              23.1027599
            ],
            [
              116.3243431,
              23.1000794
            ],
            [
              116.3237839,
              23.0995857
            ],
            [
              116.3231534,
              23.0994184
            ],
            [
              116.3229351,
              23.0990169
            ],
            [
              116.3236759,
              23.0981624
            ],
            [
              116.324434,
              23.0977934
            ],
            [
              116.3285661,
              23.0971533
            ],
            [
              116.3287836,
              23.0950678
            ],
            [
              116.3326593,
              23.0913763
            ],
            [
              116.3356225,
              23.0898915
            ],
            [
              116.3360105,
              23.0890773
            ],
            [
              116.3351983,
              23.0871142
            ],
            [
              116.335205,
              23.0863869
            ],
            [
              116.3364504,
              23.0852693
            ],
            [
              116.3382752,
              23.0814594
            ],
            [
              116.3383525,
              23.0786971
            ],
            [
              116.3391173,
              23.0769271
            ],
            [
              116.3395701,
              23.0727518
            ],
            [
              116.3422664,
              23.068307
            ],
            [
              116.3437501,
              23.0674794
            ],
            [
              116.3438349,
              23.0672005
            ],
            [
              116.3430993,
              23.0662722
            ],
            [
              116.3409923,
              23.0648462
            ],
            [
              116.3403967,
              23.0637186
            ],
            [
              116.3420379,
              23.0611195
            ],
            [
              116.3425074,
              23.0609351
            ],
            [
              116.3435047,
              23.0611471
            ],
            [
              116.3448554,
              23.0620839
            ],
            [
              116.345304,
              23.0619389
            ],
            [
              116.3454253,
              23.0608009
            ],
            [
              116.3460637,
              23.0604742
            ],
            [
              116.3479068,
              23.0606639
            ],
            [
              116.3500221,
              23.0605548
            ],
            [
              116.3511906,
              23.0610974
            ],
            [
              116.3514943,
              23.0626371
            ],
            [
              116.3524682,
              23.0631838
            ],
            [
              116.3558225,
              23.0626409
            ],
            [
              116.3557013,
              23.0620496
            ],
            [
              116.3545372,
              23.0614917
            ],
            [
              116.3545736,
              23.0611236
            ],
            [
              116.3553173,
              23.0607608
            ],
            [
              116.3563929,
              23.0605944
            ],
            [
              116.3582117,
              23.0600366
            ],
            [
              116.3590506,
              23.0596229
            ],
            [
              116.360348,
              23.0596099
            ],
            [
              116.3612331,
              23.0601789
            ],
            [
              116.3621789,
              23.0603016
            ],
            [
              116.3637473,
              23.0599893
            ],
            [
              116.3661737,
              23.05816
            ],
            [
              116.3670589,
              23.0570108
            ],
            [
              116.3682797,
              23.0560154
            ],
            [
              116.368304,
              23.055558
            ],
            [
              116.3670263,
              23.0541962
            ],
            [
              116.3666953,
              23.0534331
            ],
            [
              116.3669241,
              23.0529022
            ],
            [
              116.368045,
              23.0529182
            ],
            [
              116.369422,
              23.0531141
            ],
            [
              116.3703539,
              23.0529556
            ],
            [
              116.3706419,
              23.0525539
            ],
            [
              116.3707496,
              23.0520012
            ],
            [
              116.3712104,
              23.0514991
            ],
            [
              116.3722233,
              23.051442
            ],
            [
              116.3728217,
              23.0517919
            ],
            [
              116.3748224,
              23.0519147
            ],
            [
              116.3750528,
              23.0515576
            ],
            [
              116.3744587,
              23.0508324
            ],
            [
              116.3726641,
              23.0506204
            ],
            [
              116.3719551,
              23.0502844
            ],
            [
              116.3713245,
              23.0502844
            ],
            [
              116.3695865,
              23.0509473
            ],
            [
              116.3691015,
              23.0513712
            ],
            [
              116.3685437,
              23.0516056
            ],
            [
              116.3680833,
              23.0512907
            ],
            [
              116.3680469,
              23.0504093
            ],
            [
              116.3675402,
              23.0499921
            ],
            [
              116.3654509,
              23.049343
            ],
            [
              116.3660863,
              23.0484184
            ],
            [
              116.3675569,
              23.04744
            ],
            [
              116.3691084,
              23.0468572
            ],
            [
              116.371769,
              23.0471662
            ],
            [
              116.3746102,
              23.0456693
            ],
            [
              116.3747431,
              23.0451118
            ],
            [
              116.3732714,
              23.0444383
            ],
            [
              116.3758451,
              23.0423679
            ],
            [
              116.3772631,
              23.0427745
            ],
            [
              116.3789757,
              23.0426103
            ],
            [
              116.3811631,
              23.0429293
            ],
            [
              116.3835319,
              23.0437324
            ],
            [
              116.3841673,
              23.0445347
            ],
            [
              116.38411,
              23.0454881
            ],
            [
              116.385499,
              23.0457057
            ],
            [
              116.3869126,
              23.0457486
            ],
            [
              116.3893501,
              23.0461369
            ],
            [
              116.3912415,
              23.0470071
            ],
            [
              116.393183,
              23.0511837
            ],
            [
              116.3990466,
              23.0538843
            ],
            [
              116.400081,
              23.0548769
            ],
            [
              116.4007911,
              23.056423
            ],
            [
              116.4071663,
              23.0594542
            ],
            [
              116.4102793,
              23.0604522
            ],
            [
              116.4139473,
              23.0621012
            ],
            [
              116.4161272,
              23.0633057
            ],
            [
              116.4181014,
              23.066289
            ],
            [
              116.4202884,
              23.0666153
            ],
            [
              116.4221491,
              23.0658661
            ],
            [
              116.4234647,
              23.0667435
            ],
            [
              116.4245083,
              23.0693912
            ],
            [
              116.4263398,
              23.0709515
            ],
            [
              116.4280939,
              23.0715007
            ],
            [
              116.4288032,
              23.0722892
            ],
            [
              116.4291135,
              23.0733631
            ],
            [
              116.4309497,
              23.0752196
            ],
            [
              116.4318438,
              23.0775967
            ],
            [
              116.4318742,
              23.079722
            ],
            [
              116.4325302,
              23.0827667
            ],
            [
              116.4351443,
              23.0848587
            ],
            [
              116.441977,
              23.0883455
            ],
            [
              116.4426135,
              23.0898681
            ],
            [
              116.4385983,
              23.0938163
            ],
            [
              116.4394034,
              23.0955285
            ],
            [
              116.4405559,
              23.0958467
            ],
            [
              116.4437354,
              23.0943498
            ],
            [
              116.4465217,
              23.0936566
            ],
            [
              116.4493191,
              23.0936859
            ],
            [
              116.4572608,
              23.0958032
            ],
            [
              116.458768,
              23.096877
            ],
            [
              116.4598251,
              23.10158
            ],
            [
              116.4657775,
              23.1016349
            ],
            [
              116.4698163,
              23.1059762
            ],
            [
              116.4708543,
              23.1065461
            ],
            [
              116.4743263,
              23.1069652
            ],
            [
              116.4772133,
              23.1060922
            ],
            [
              116.4805833,
              23.1057892
            ],
            [
              116.4832233,
              23.1063592
            ],
            [
              116.4850933,
              23.1051832
            ],
            [
              116.4880733,
              23.1057092
            ],
            [
              116.4904363,
              23.1052102
            ],
            [
              116.4917072,
              23.1043494
            ],
            [
              116.4934065,
              23.1019301
            ],
            [
              116.4950361,
              23.102274
            ],
            [
              116.4970195,
              23.1018692
            ],
            [
              116.4992093,
              23.1036512
            ],
            [
              116.5005963,
              23.1022082
            ],
            [
              116.5014127,
              23.1017038
            ],
            [
              116.5023731,
              23.1014727
            ],
            [
              116.5015523,
              23.1044802
            ],
            [
              116.5021109,
              23.1048419
            ],
            [
              116.5032373,
              23.1048722
            ],
            [
              116.5053223,
              23.1033842
            ],
            [
              116.5054206,
              23.1010091
            ],
            [
              116.5058935,
              23.0999082
            ],
            [
              116.5075398,
              23.0985415
            ],
            [
              116.5083135,
              23.0973925
            ],
            [
              116.5092592,
              23.0967944
            ],
            [
              116.5100283,
              23.0967022
            ],
            [
              116.5111061,
              23.0973245
            ],
            [
              116.5117743,
              23.0980922
            ],
            [
              116.5127613,
              23.0985944
            ],
            [
              116.5135297,
              23.0984857
            ],
            [
              116.5143867,
              23.0978061
            ],
            [
              116.5158333,
              23.0972902
            ],
            [
              116.5185863,
              23.0980922
            ],
            [
              116.5193326,
              23.0985994
            ],
            [
              116.5196577,
              23.0993333
            ],
            [
              116.5206513,
              23.1000692
            ],
            [
              116.5235483,
              23.1008362
            ],
            [
              116.5255313,
              23.1004262
            ],
            [
              116.5266989,
              23.1004635
            ],
            [
              116.5274213,
              23.1010142
            ],
            [
              116.5283563,
              23.1022342
            ],
            [
              116.5289449,
              23.1027275
            ],
            [
              116.5294563,
              23.1027162
            ],
            [
              116.5325173,
              23.1021012
            ],
            [
              116.5336864,
              23.1023668
            ],
            [
              116.5344577,
              23.1032423
            ],
            [
              116.5352947,
              23.1036952
            ],
            [
              116.5366241,
              23.1038462
            ],
            [
              116.534096,
              23.11202
            ],
            [
              116.54396,
              23.143893
            ],
            [
              116.564399,
              23.171241
            ],
            [
              116.584437,
              23.186548
            ],
            [
              116.5938959,
              23.1909595
            ],
            [
              116.5994054,
              23.1913513
            ],
            [
              116.5992948,
              23.1937836
            ],
            [
              116.6041275,
              23.1941244
            ]
          ]
        ]
      }
    },
    {
      "type": "Feature",
      "properties": {
        "name": "潮安",
        "adcode": 445103,
        "parent": "潮州",
        "outer": false
      },
      "geometry": {
        "type": "Polygon",
        "coordinates": [
          [
            [
              116.6262266,
              23.636897
            ],
            [
              116.6215603,
              23.6328324
            ],
            [
              116.6194011,
              23.6303752
            ],
            [
              116.6182634,
              23.6300097
            ],
            [
              116.6176648,
              23.6347269
            ],
            [
              116.6210019,
              23.6397251
            ],
            [
              116.6238254,
              23.6417132
            ],
            [
              116.6240041,
              23.6424044
            ],
            [
              116.6216446,
              23.6444104
            ],
            [
              116.6254929,
              23.6480955
            ],
            [
              116.6199446,
              23.6546523
            ],
            [
              116.617175,
              23.6579689
            ],
            [
              116.6133159,
              23.6562991
            ],
            [
              116.6117353,
              23.6575798
            ],
            [
              116.6120505,
              23.6583241
            ],
            [
              116.6076664,
              23.6590331
            ],
            [
              116.6064505,
              23.6612186
            ],
            [
              116.605538,
              23.6617575
            ],
            [
              116.6043221,
              23.661493
            ],
            [
              116.6013443,
              23.6617033
            ],
            [
              116.5980737,
              23.6609104
            ],
            [
              116.5965919,
              23.6611427
            ],
            [
              116.5951098,
              23.6602743
            ],
            [
              116.5918647,
              23.6606174
            ],
            [
              116.5909832,
              23.6612299
            ],
            [
              116.5916915,
              23.6619969
            ],
            [
              116.5929097,
              23.6625618
            ],
            [
              116.5940852,
              23.6696992
            ],
            [
              116.5937819,
              23.6736353
            ],
            [
              116.5926938,
              23.6748987
            ],
            [
              116.5824078,
              23.6770893
            ],
            [
              116.5776789,
              23.6772293
            ],
            [
              116.5777916,
              23.6801716
            ],
            [
              116.5743809,
              23.6802017
            ],
            [
              116.5743809,
              23.6866541
            ],
            [
              116.5772838,
              23.6867831
            ],
            [
              116.5777065,
              23.6854927
            ],
            [
              116.5764946,
              23.6852862
            ],
            [
              116.5764665,
              23.6838409
            ],
            [
              116.5775374,
              23.6834795
            ],
            [
              116.5777911,
              23.6828601
            ],
            [
              116.5826667,
              23.6825246
            ],
            [
              116.5831176,
              23.6860783
            ],
            [
              116.580869,
              23.6919666
            ],
            [
              116.5820023,
              23.7021776
            ],
            [
              116.5834115,
              23.7076483
            ],
            [
              116.5808723,
              23.7100589
            ],
            [
              116.5825798,
              23.7179403
            ],
            [
              116.58034,
              23.7199799
            ],
            [
              116.5775779,
              23.7164293
            ],
            [
              116.575902,
              23.7210631
            ],
            [
              116.572416,
              23.7197436
            ],
            [
              116.5702843,
              23.7162531
            ],
            [
              116.567082,
              23.7160426
            ],
            [
              116.5631771,
              23.7216356
            ],
            [
              116.5647659,
              23.7295655
            ],
            [
              116.5693188,
              23.7363507
            ],
            [
              116.5724025,
              23.7345711
            ],
            [
              116.5727333,
              23.7320535
            ],
            [
              116.5768226,
              23.7320535
            ],
            [
              116.5768226,
              23.7362265
            ],
            [
              116.5813726,
              23.7402015
            ],
            [
              116.5964674,
              23.7319017
            ],
            [
              116.6077644,
              23.7375194
            ],
            [
              116.6154699,
              23.7359346
            ],
            [
              116.6227178,
              23.7316559
            ],
            [
              116.6271626,
              23.7301031
            ],
            [
              116.6345982,
              23.73075
            ],
            [
              116.638503,
              23.7270663
            ],
            [
              116.6430916,
              23.7266128
            ],
            [
              116.6449,
              23.7293406
            ],
            [
              116.6428553,
              23.733298
            ],
            [
              116.6459151,
              23.7359527
            ],
            [
              116.6524934,
              23.7335695
            ],
            [
              116.6554417,
              23.7357682
            ],
            [
              116.6599253,
              23.7355534
            ],
            [
              116.6604467,
              23.7333103
            ],
            [
              116.6612251,
              23.7322962
            ],
            [
              116.6646921,
              23.7303394
            ],
            [
              116.6716379,
              23.7321789
            ],
            [
              116.6818133,
              23.7336087
            ],
            [
              116.6865865,
              23.7347281
            ],
            [
              116.6964731,
              23.7334845
            ],
            [
              116.7055436,
              23.7361849
            ],
            [
              116.7070816,
              23.7374735
            ],
            [
              116.7170999,
              23.7432996
            ],
            [
              116.7231693,
              23.7502291
            ],
            [
              116.7305127,
              23.756771
            ],
            [
              116.7274061,
              23.756818
            ],
            [
              116.7246248,
              23.7673774
            ],
            [
              116.7274457,
              23.7716264
            ],
            [
              116.7273906,
              23.7736694
            ],
            [
              116.7250942,
              23.777437
            ],
            [
              116.7211192,
              23.7818059
            ],
            [
              116.7185505,
              23.784967
            ],
            [
              116.7190804,
              23.7864742
            ],
            [
              116.7177612,
              23.7899537
            ],
            [
              116.7160139,
              23.7925347
            ],
            [
              116.7147521,
              23.793504
            ],
            [
              116.7115747,
              23.7970815
            ],
            [
              116.7110741,
              23.7995925
            ],
            [
              116.7113727,
              23.8011275
            ],
            [
              116.7129987,
              23.8032425
            ],
            [
              116.7148331,
              23.8047188
            ],
            [
              116.7163807,
              23.8047188
            ],
            [
              116.7336527,
              23.8195331
            ],
            [
              116.7384736,
              23.8213262
            ],
            [
              116.7381153,
              23.8243216
            ],
            [
              116.7361208,
              23.8265897
            ],
            [
              116.7355047,
              23.8280204
            ],
            [
              116.7342569,
              23.8283411
            ],
            [
              116.7337769,
              23.8294542
            ],
            [
              116.7345988,
              23.8301055
            ],
            [
              116.7339646,
              23.8317646
            ],
            [
              116.7338034,
              23.8334405
            ],
            [
              116.7346117,
              23.8353916
            ],
            [
              116.7357413,
              23.8365535
            ],
            [
              116.7367189,
              23.838011
            ],
            [
              116.7367249,
              23.8392754
            ],
            [
              116.7371971,
              23.8428483
            ],
            [
              116.7366312,
              23.8443274
            ],
            [
              116.7384693,
              23.8453106
            ],
            [
              116.7400995,
              23.8457077
            ],
            [
              116.740942,
              23.8447501
            ],
            [
              116.7415438,
              23.8434123
            ],
            [
              116.7431472,
              23.8425373
            ],
            [
              116.743332,
              23.8432462
            ],
            [
              116.7429808,
              23.8442241
            ],
            [
              116.7431163,
              23.8458695
            ],
            [
              116.743331,
              23.8467998
            ],
            [
              116.7424931,
              23.8475563
            ],
            [
              116.7427142,
              23.8484274
            ],
            [
              116.7439201,
              23.8489678
            ],
            [
              116.7447471,
              23.8513667
            ],
            [
              116.7464502,
              23.8530565
            ],
            [
              116.7512041,
              23.8562307
            ],
            [
              116.7520797,
              23.8577837
            ],
            [
              116.7520948,
              23.8594867
            ],
            [
              116.747341,
              23.8621857
            ],
            [
              116.7465012,
              23.863703
            ],
            [
              116.7460898,
              23.8656503
            ],
            [
              116.7448528,
              23.8675407
            ],
            [
              116.7440457,
              23.8698606
            ],
            [
              116.7436445,
              23.8725031
            ],
            [
              116.74427,
              23.8749884
            ],
            [
              116.7455321,
              23.8763026
            ],
            [
              116.747591,
              23.8772631
            ],
            [
              116.7502904,
              23.8776405
            ],
            [
              116.753094,
              23.8777959
            ],
            [
              116.7570782,
              23.8771303
            ],
            [
              116.7606501,
              23.8763936
            ],
            [
              116.7642242,
              23.8743213
            ],
            [
              116.7681596,
              23.8725604
            ],
            [
              116.7748809,
              23.8708065
            ],
            [
              116.7818662,
              23.8704116
            ],
            [
              116.7854737,
              23.871191
            ],
            [
              116.7857322,
              23.872682
            ],
            [
              116.7855048,
              23.8747848
            ],
            [
              116.7850639,
              23.8758595
            ],
            [
              116.7836765,
              23.8771464
            ],
            [
              116.7819129,
              23.8796921
            ],
            [
              116.7815005,
              23.8810188
            ],
            [
              116.7824612,
              23.8818664
            ],
            [
              116.784701,
              23.8829618
            ],
            [
              116.7872777,
              23.8835417
            ],
            [
              116.7870654,
              23.8844399
            ],
            [
              116.7877396,
              23.8852242
            ],
            [
              116.7855827,
              23.8873322
            ],
            [
              116.7794378,
              23.8896256
            ],
            [
              116.7768484,
              23.8912063
            ],
            [
              116.7745381,
              23.8929943
            ],
            [
              116.7740395,
              23.8930794
            ],
            [
              116.7733661,
              23.8935192
            ],
            [
              116.7717425,
              23.8936833
            ],
            [
              116.7706629,
              23.8944554
            ],
            [
              116.769448,
              23.8961706
            ],
            [
              116.7685996,
              23.8981334
            ],
            [
              116.7673513,
              23.8990598
            ],
            [
              116.7664242,
              23.8981649
            ],
            [
              116.7654051,
              23.897664
            ],
            [
              116.7643548,
              23.8977362
            ],
            [
              116.7617692,
              23.900503
            ],
            [
              116.758334,
              23.9028663
            ],
            [
              116.7579383,
              23.9020845
            ],
            [
              116.7576739,
              23.899936
            ],
            [
              116.7584221,
              23.8982476
            ],
            [
              116.7578304,
              23.8977424
            ],
            [
              116.7563233,
              23.8982408
            ],
            [
              116.7535946,
              23.8978119
            ],
            [
              116.7519985,
              23.8967182
            ],
            [
              116.7500985,
              23.8978295
            ],
            [
              116.7481016,
              23.8978604
            ],
            [
              116.7450011,
              23.9013516
            ],
            [
              116.7459394,
              23.9037166
            ],
            [
              116.747231,
              23.9039465
            ],
            [
              116.7478563,
              23.9045094
            ],
            [
              116.7479416,
              23.9054845
            ],
            [
              116.7471161,
              23.9060779
            ],
            [
              116.7479324,
              23.9074534
            ],
            [
              116.7483911,
              23.9071433
            ],
            [
              116.749706,
              23.9090625
            ],
            [
              116.7508489,
              23.9086254
            ],
            [
              116.7512912,
              23.9083006
            ],
            [
              116.7522744,
              23.9085077
            ],
            [
              116.7527461,
              23.9091025
            ],
            [
              116.7536569,
              23.9089092
            ],
            [
              116.7544911,
              23.9106659
            ],
            [
              116.7534339,
              23.9125245
            ],
            [
              116.7524155,
              23.9114088
            ],
            [
              116.7516264,
              23.9129138
            ],
            [
              116.7530587,
              23.9144989
            ],
            [
              116.7538845,
              23.9187085
            ],
            [
              116.7504669,
              23.9211836
            ],
            [
              116.7484606,
              23.9209561
            ],
            [
              116.7481793,
              23.9223926
            ],
            [
              116.7474025,
              23.9277752
            ],
            [
              116.7461704,
              23.930737
            ],
            [
              116.7450732,
              23.9339947
            ],
            [
              116.7443173,
              23.9357962
            ],
            [
              116.7438859,
              23.9379052
            ],
            [
              116.7441216,
              23.940317
            ],
            [
              116.7447771,
              23.9428508
            ],
            [
              116.744806,
              23.9451646
            ],
            [
              116.7439157,
              23.9461884
            ],
            [
              116.741115,
              23.9501274
            ],
            [
              116.7392448,
              23.9532173
            ],
            [
              116.7371673,
              23.9578228
            ],
            [
              116.7344732,
              23.9587918
            ],
            [
              116.7316059,
              23.9595561
            ],
            [
              116.7274463,
              23.9601422
            ],
            [
              116.7240891,
              23.9613094
            ],
            [
              116.7220131,
              23.9637721
            ],
            [
              116.7207837,
              23.967128
            ],
            [
              116.7183425,
              23.9715997
            ],
            [
              116.7164781,
              23.976424
            ],
            [
              116.7166898,
              23.9791014
            ],
            [
              116.7173354,
              23.9810288
            ],
            [
              116.7171473,
              23.9833317
            ],
            [
              116.7146434,
              23.9872045
            ],
            [
              116.7148141,
              23.9889838
            ],
            [
              116.7146176,
              23.9894729
            ],
            [
              116.7134524,
              23.9909672
            ],
            [
              116.712849,
              23.993639
            ],
            [
              116.7119753,
              23.9950531
            ],
            [
              116.7111847,
              23.9961238
            ],
            [
              116.71018,
              23.9967006
            ],
            [
              116.7091283,
              23.9970882
            ],
            [
              116.708704,
              23.9970811
            ],
            [
              116.7081929,
              23.9977807
            ],
            [
              116.7080652,
              23.9998709
            ],
            [
              116.7078195,
              24.000547
            ],
            [
              116.7071202,
              24.0016708
            ],
            [
              116.7055845,
              24.0023234
            ],
            [
              116.7013161,
              24.0031964
            ],
            [
              116.6994472,
              24.0042944
            ],
            [
              116.6980836,
              24.0053777
            ],
            [
              116.6977894,
              24.0045156
            ],
            [
              116.6968604,
              24.0033908
            ],
            [
              116.6966443,
              24.0020433
            ],
            [
              116.6967177,
              24.0011621
            ],
            [
              116.6935964,
              24.0047832
            ],
            [
              116.6931523,
              24.0057198
            ],
            [
              116.6869393,
              24.0088857
            ],
            [
              116.6859238,
              24.0081266
            ],
            [
              116.6883138,
              24.0027281
            ],
            [
              116.6898131,
              23.9998949
            ],
            [
              116.6903022,
              23.9979519
            ],
            [
              116.6903022,
              23.9968983
            ],
            [
              116.6906965,
              23.9951262
            ],
            [
              116.6909773,
              23.9946427
            ],
            [
              116.6901387,
              23.9937791
            ],
            [
              116.6888092,
              23.9931375
            ],
            [
              116.6862593,
              23.9924354
            ],
            [
              116.6853728,
              23.9918309
            ],
            [
              116.6853793,
              23.9913011
            ],
            [
              116.6864178,
              23.9902208
            ],
            [
              116.6883348,
              23.9890764
            ],
            [
              116.6892827,
              23.9881553
            ],
            [
              116.6897521,
              23.9866248
            ],
            [
              116.6900127,
              23.9832066
            ],
            [
              116.6891676,
              23.9822635
            ],
            [
              116.687997,
              23.9821397
            ],
            [
              116.6852166,
              23.983324
            ],
            [
              116.6834503,
              23.9837978
            ],
            [
              116.6829582,
              23.9845439
            ],
            [
              116.6823407,
              23.9858812
            ],
            [
              116.6826563,
              23.9889126
            ],
            [
              116.6826536,
              23.9906006
            ],
            [
              116.6821262,
              23.9916795
            ],
            [
              116.6810224,
              23.9924655
            ],
            [
              116.6801801,
              23.9923302
            ],
            [
              116.678378,
              23.9919799
            ],
            [
              116.6759103,
              23.9913874
            ],
            [
              116.6734873,
              23.9907191
            ],
            [
              116.6720035,
              23.9907228
            ],
            [
              116.6685349,
              23.990241
            ],
            [
              116.667622,
              23.9896995
            ],
            [
              116.6674916,
              23.9887479
            ],
            [
              116.6676235,
              23.9883163
            ],
            [
              116.667429,
              23.9878385
            ],
            [
              116.666661,
              23.9878329
            ],
            [
              116.6646385,
              23.9885373
            ],
            [
              116.6630664,
              23.9892635
            ],
            [
              116.6620902,
              23.9897857
            ],
            [
              116.6612262,
              23.9912413
            ],
            [
              116.6554486,
              23.9914673
            ],
            [
              116.6532897,
              23.9913904
            ],
            [
              116.6524671,
              23.9920357
            ],
            [
              116.6506919,
              23.9938702
            ],
            [
              116.64852,
              23.9968336
            ],
            [
              116.6468542,
              23.9978746
            ],
            [
              116.6455757,
              23.9979912
            ],
            [
              116.6445436,
              23.9975628
            ],
            [
              116.6436121,
              23.9974007
            ],
            [
              116.6425532,
              23.9972924
            ],
            [
              116.6413118,
              23.9966111
            ],
            [
              116.6406544,
              23.9955935
            ],
            [
              116.6391141,
              23.9947121
            ],
            [
              116.6374252,
              23.9932902
            ],
            [
              116.6367511,
              23.9924267
            ],
            [
              116.6366966,
              23.991368
            ],
            [
              116.6368996,
              23.990334
            ],
            [
              116.6372793,
              23.9893494
            ],
            [
              116.6377314,
              23.9887564
            ],
            [
              116.6380153,
              23.9880117
            ],
            [
              116.6378865,
              23.98681
            ],
            [
              116.6378878,
              23.986061
            ],
            [
              116.6374956,
              23.985133
            ],
            [
              116.6357181,
              23.9838091
            ],
            [
              116.6356755,
              23.9827194
            ],
            [
              116.6362758,
              23.9772011
            ],
            [
              116.6353991,
              23.9752926
            ],
            [
              116.6349727,
              23.9736181
            ],
            [
              116.6338791,
              23.9719047
            ],
            [
              116.6328457,
              23.9716701
            ],
            [
              116.6301241,
              23.9724254
            ],
            [
              116.6290705,
              23.9731501
            ],
            [
              116.6284117,
              23.9742454
            ],
            [
              116.6263888,
              23.97493
            ],
            [
              116.6243247,
              23.9764912
            ],
            [
              116.62324,
              23.9769246
            ],
            [
              116.6223211,
              23.9768566
            ],
            [
              116.6194865,
              23.9755837
            ],
            [
              116.6166503,
              23.9723803
            ],
            [
              116.61423,
              23.9713756
            ],
            [
              116.6114104,
              23.9706958
            ],
            [
              116.606429,
              23.9713354
            ],
            [
              116.6053402,
              23.9700601
            ],
            [
              116.6040812,
              23.9635238
            ],
            [
              116.6053012,
              23.9630369
            ],
            [
              116.6127445,
              23.9578743
            ],
            [
              116.6129641,
              23.9566633
            ],
            [
              116.6120593,
              23.9551056
            ],
            [
              116.6128861,
              23.954616
            ],
            [
              116.6151576,
              23.9546048
            ],
            [
              116.6171683,
              23.9549404
            ],
            [
              116.6214077,
              23.9529007
            ],
            [
              116.6191983,
              23.9501104
            ],
            [
              116.6160282,
              23.9500774
            ],
            [
              116.611362,
              23.9512405
            ],
            [
              116.6052279,
              23.9522187
            ],
            [
              116.6030229,
              23.9537704
            ],
            [
              116.6019218,
              23.9542627
            ],
            [
              116.6003531,
              23.9541132
            ],
            [
              116.5998378,
              23.9531438
            ],
            [
              116.6000191,
              23.9511336
            ],
            [
              116.6007399,
              23.9495549
            ],
            [
              116.6018161,
              23.9488464
            ],
            [
              116.6040076,
              23.9443768
            ],
            [
              116.6033275,
              23.9381601
            ],
            [
              116.6020495,
              23.9366328
            ],
            [
              116.6001192,
              23.9351304
            ],
            [
              116.5998581,
              23.9323043
            ],
            [
              116.6011069,
              23.9268431
            ],
            [
              116.6002223,
              23.9223199
            ],
            [
              116.6004282,
              23.9135629
            ],
            [
              116.5989352,
              23.9121979
            ],
            [
              116.5928502,
              23.9096539
            ],
            [
              116.5884892,
              23.9045499
            ],
            [
              116.5871531,
              23.9036049
            ],
            [
              116.5857841,
              23.9034759
            ],
            [
              116.5835012,
              23.9044289
            ],
            [
              116.5811841,
              23.9064969
            ],
            [
              116.5772671,
              23.9085239
            ],
            [
              116.5715781,
              23.9085319
            ],
            [
              116.5700612,
              23.9093879
            ],
            [
              116.5704241,
              23.9116969
            ],
            [
              116.5696492,
              23.9120609
            ],
            [
              116.5640591,
              23.9128849
            ],
            [
              116.5582221,
              23.9109539
            ],
            [
              116.5575041,
              23.9109619
            ],
            [
              116.5533492,
              23.9097669
            ],
            [
              116.5529042,
              23.9088709
            ],
            [
              116.5528461,
              23.9055519
            ],
            [
              116.5544132,
              23.9037259
            ],
            [
              116.5539921,
              23.9015779
            ],
            [
              116.5511391,
              23.8983639
            ],
            [
              116.5448401,
              23.8953509
            ],
            [
              116.5421772,
              23.8937999
            ],
            [
              116.5400171,
              23.8921689
            ],
            [
              116.5389211,
              23.8920069
            ],
            [
              116.5356142,
              23.8923709
            ],
            [
              116.5347651,
              23.8921849
            ],
            [
              116.5316071,
              23.8891399
            ],
            [
              116.5317391,
              23.8865709
            ],
            [
              116.5307172,
              23.8842369
            ],
            [
              116.5277981,
              23.8839379
            ],
            [
              116.5263061,
              23.8831629
            ],
            [
              116.5210292,
              23.8814099
            ],
            [
              116.5192071,
              23.8836389
            ],
            [
              116.5176412,
              23.8846809
            ],
            [
              116.5163541,
              23.8842859
            ],
            [
              116.5165191,
              23.8812239
            ],
            [
              116.5138151,
              23.8783399
            ],
            [
              116.5115972,
              23.8742129
            ],
            [
              116.5103362,
              23.8729609
            ],
            [
              116.5105251,
              23.8700039
            ],
            [
              116.5097172,
              23.8692369
            ],
            [
              116.5078211,
              23.8693249
            ],
            [
              116.5060151,
              23.8699229
            ],
            [
              116.5016622,
              23.8701489
            ],
            [
              116.4979111,
              23.8698019
            ],
            [
              116.4946131,
              23.8711589
            ],
            [
              116.4923211,
              23.8717489
            ],
            [
              116.4908691,
              23.8695349
            ],
            [
              116.4904571,
              23.8667809
            ],
            [
              116.4920322,
              23.8640259
            ],
            [
              116.4943162,
              23.8610039
            ],
            [
              116.5007552,
              23.8564239
            ],
            [
              116.5061221,
              23.8523839
            ],
            [
              116.5119101,
              23.8485219
            ],
            [
              116.5139722,
              23.8460249
            ],
            [
              116.5154471,
              23.8428979
            ],
            [
              116.5178712,
              23.8385679
            ],
            [
              116.5212021,
              23.8349309
            ],
            [
              116.5213342,
              23.8342279
            ],
            [
              116.5197022,
              23.8320059
            ],
            [
              116.5191251,
              23.8301959
            ],
            [
              116.5179871,
              23.8282889
            ],
            [
              116.5147712,
              23.8260589
            ],
            [
              116.5137412,
              23.8259459
            ],
            [
              116.5124541,
              23.8290319
            ],
            [
              116.5101461,
              23.8313679
            ],
            [
              116.5079531,
              23.8322159
            ],
            [
              116.5057681,
              23.8313679
            ],
            [
              116.5051991,
              23.8303009
            ],
            [
              116.5060232,
              23.8257349
            ],
            [
              116.5086951,
              23.8184059
            ],
            [
              116.5080021,
              23.8155609
            ],
            [
              116.5065352,
              23.8146069
            ],
            [
              116.5059162,
              23.8134759
            ],
            [
              116.5056692,
              23.8113419
            ],
            [
              116.5091812,
              23.8103239
            ],
            [
              116.5118531,
              23.8066059
            ],
            [
              116.5120831,
              23.8052239
            ],
            [
              116.5109372,
              23.8035269
            ],
            [
              116.5090991,
              23.8018299
            ],
            [
              116.5058421,
              23.8008839
            ],
            [
              116.5012581,
              23.7961469
            ],
            [
              116.4997661,
              23.7902469
            ],
            [
              116.4993291,
              23.7841439
            ],
            [
              116.4992961,
              23.7791879
            ],
            [
              116.4998981,
              23.7742249
            ],
            [
              116.5000711,
              23.7681209
            ],
            [
              116.4998322,
              23.7648709
            ],
            [
              116.4981741,
              23.7633669
            ],
            [
              116.4946372,
              23.7616769
            ],
            [
              116.4937961,
              23.7582489
            ],
            [
              116.4927412,
              23.7563489
            ],
            [
              116.4914962,
              23.7550229
            ],
            [
              116.4887011,
              23.7542309
            ],
            [
              116.4865901,
              23.7543119
            ],
            [
              116.4805061,
              23.7540769
            ],
            [
              116.4760371,
              23.7550639
            ],
            [
              116.4666622,
              23.7566969
            ],
            [
              116.4639832,
              23.7576909
            ],
            [
              116.4603221,
              23.7577559
            ],
            [
              116.4582772,
              23.7599309
            ],
            [
              116.4566861,
              23.7606259
            ],
            [
              116.4524321,
              23.7640379
            ],
            [
              116.4489942,
              23.7694949
            ],
            [
              116.4471471,
              23.7715649
            ],
            [
              116.4413672,
              23.7745479
            ],
            [
              116.4383581,
              23.7757119
            ],
            [
              116.4353732,
              23.7756149
            ],
            [
              116.4346812,
              23.7760999
            ],
            [
              116.4351181,
              23.7782749
            ],
            [
              116.4347882,
              23.7801419
            ],
            [
              116.4315151,
              23.7828749
            ],
            [
              116.4249851,
              23.7826479
            ],
            [
              116.4212251,
              23.7833429
            ],
            [
              116.4176882,
              23.7813549
            ],
            [
              116.4133511,
              23.7807649
            ],
            [
              116.4122131,
              23.7803609
            ],
            [
              116.4073492,
              23.7741279
            ],
            [
              116.4057821,
              23.7729389
            ],
            [
              116.4036962,
              23.7725999
            ],
            [
              116.4000851,
              23.7731579
            ],
            [
              116.3989141,
              23.7727449
            ],
            [
              116.3982551,
              23.7717669
            ],
            [
              116.3974631,
              23.7678139
            ],
            [
              116.3972821,
              23.7647659
            ],
            [
              116.3940331,
              23.7615719
            ],
            [
              116.3931181,
              23.7599069
            ],
            [
              116.3911311,
              23.7579739
            ],
            [
              116.3886081,
              23.7543279
            ],
            [
              116.3877842,
              23.7524519
            ],
            [
              116.3862752,
              23.7507539
            ],
            [
              116.3826311,
              23.7503169
            ],
            [
              116.3814522,
              23.7484819
            ],
            [
              116.3805941,
              23.7455709
            ],
            [
              116.3768455,
              23.7430302
            ],
            [
              116.376723,
              23.74016
            ],
            [
              116.3746737,
              23.7392953
            ],
            [
              116.3736585,
              23.7394184
            ],
            [
              116.3716063,
              23.7385566
            ],
            [
              116.3686739,
              23.7427554
            ],
            [
              116.367762,
              23.7426657
            ],
            [
              116.3653123,
              23.7400421
            ],
            [
              116.3640613,
              23.7376148
            ],
            [
              116.363716,
              23.7354814
            ],
            [
              116.3645729,
              23.7328666
            ],
            [
              116.3660596,
              23.7295448
            ],
            [
              116.367881,
              23.7259854
            ],
            [
              116.3668481,
              23.722803
            ],
            [
              116.3667901,
              23.7197855
            ],
            [
              116.3705357,
              23.7164402
            ],
            [
              116.3719106,
              23.7147019
            ],
            [
              116.3730056,
              23.7145712
            ],
            [
              116.3757576,
              23.7165079
            ],
            [
              116.3782332,
              23.7171399
            ],
            [
              116.3807622,
              23.7171126
            ],
            [
              116.3832381,
              23.7148462
            ],
            [
              116.3859256,
              23.7106366
            ],
            [
              116.3893391,
              23.7071346
            ],
            [
              116.391046,
              23.7060248
            ],
            [
              116.3915932,
              23.7027003
            ],
            [
              116.3937232,
              23.700778
            ],
            [
              116.3964863,
              23.699407
            ],
            [
              116.3992712,
              23.6967606
            ],
            [
              116.4026195,
              23.6957272
            ],
            [
              116.4090447,
              23.6950365
            ],
            [
              116.4222862,
              23.6952136
            ],
            [
              116.4246059,
              23.694417
            ],
            [
              116.4267743,
              23.6930737
            ],
            [
              116.4272922,
              23.6877766
            ],
            [
              116.4295475,
              23.6822298
            ],
            [
              116.4352016,
              23.6739017
            ],
            [
              116.4382697,
              23.6718263
            ],
            [
              116.4392065,
              23.671622
            ],
            [
              116.4400304,
              23.6721879
            ],
            [
              116.4418856,
              23.6783935
            ],
            [
              116.4437808,
              23.6802596
            ],
            [
              116.4475046,
              23.6796119
            ],
            [
              116.4520596,
              23.678083
            ],
            [
              116.4539648,
              23.6776743
            ],
            [
              116.4562205,
              23.677731
            ],
            [
              116.4597391,
              23.6767134
            ],
            [
              116.4603773,
              23.6751904
            ],
            [
              116.4656194,
              23.6721045
            ],
            [
              116.466685,
              23.6699985
            ],
            [
              116.4674289,
              23.6660349
            ],
            [
              116.4688567,
              23.6617863
            ],
            [
              116.4698896,
              23.6584074
            ],
            [
              116.4725004,
              23.6595493
            ],
            [
              116.4762056,
              23.6594732
            ],
            [
              116.4785125,
              23.6610733
            ],
            [
              116.4793376,
              23.661397
            ],
            [
              116.4802745,
              23.6613836
            ],
            [
              116.4824693,
              23.6596751
            ],
            [
              116.4843057,
              23.6591345
            ],
            [
              116.4887905,
              23.6598705
            ],
            [
              116.4901105,
              23.6598547
            ],
            [
              116.4941286,
              23.6588443
            ],
            [
              116.4994446,
              23.6592341
            ],
            [
              116.5039228,
              23.6585145
            ],
            [
              116.5069701,
              23.6592772
            ],
            [
              116.50862,
              23.6591024
            ],
            [
              116.5096716,
              23.6585324
            ],
            [
              116.5102349,
              23.6555774
            ],
            [
              116.5101613,
              23.6534232
            ],
            [
              116.5110208,
              23.6502197
            ],
            [
              116.5122698,
              23.6488172
            ],
            [
              116.5142677,
              23.6479991
            ],
            [
              116.5172383,
              23.6474693
            ],
            [
              116.517648,
              23.6454323
            ],
            [
              116.5192232,
              23.6429613
            ],
            [
              116.5214453,
              23.6401359
            ],
            [
              116.5223765,
              23.6377858
            ],
            [
              116.5227159,
              23.6366006
            ],
            [
              116.5220265,
              23.6337099
            ],
            [
              116.5210136,
              23.6320752
            ],
            [
              116.5210274,
              23.6302633
            ],
            [
              116.5215192,
              23.6281316
            ],
            [
              116.522752,
              23.6264599
            ],
            [
              116.5243082,
              23.6249323
            ],
            [
              116.5265621,
              23.6221876
            ],
            [
              116.5284319,
              23.6204707
            ],
            [
              116.5287236,
              23.6191412
            ],
            [
              116.5283322,
              23.6184462
            ],
            [
              116.5280661,
              23.6179484
            ],
            [
              116.5277757,
              23.6170941
            ],
            [
              116.5279531,
              23.6158141
            ],
            [
              116.5283863,
              23.6145492
            ],
            [
              116.5292918,
              23.6117085
            ],
            [
              116.5294923,
              23.6102402
            ],
            [
              116.5294598,
              23.6095275
            ],
            [
              116.5291994,
              23.6090626
            ],
            [
              116.5287598,
              23.6081497
            ],
            [
              116.526018,
              23.6066966
            ],
            [
              116.5244146,
              23.6064066
            ],
            [
              116.5239678,
              23.6059329
            ],
            [
              116.5229748,
              23.6056341
            ],
            [
              116.5226504,
              23.6040437
            ],
            [
              116.5241039,
              23.6027981
            ],
            [
              116.5238465,
              23.6006072
            ],
            [
              116.5228314,
              23.5990322
            ],
            [
              116.5230259,
              23.5978334
            ],
            [
              116.5219278,
              23.5944905
            ],
            [
              116.521913,
              23.5936077
            ],
            [
              116.5223724,
              23.5929694
            ],
            [
              116.5231431,
              23.5926977
            ],
            [
              116.5244896,
              23.5929565
            ],
            [
              116.5270833,
              23.5939344
            ],
            [
              116.5287284,
              23.5940159
            ],
            [
              116.5298844,
              23.5930244
            ],
            [
              116.5300622,
              23.5923046
            ],
            [
              116.5296028,
              23.5902945
            ],
            [
              116.529066,
              23.5887448
            ],
            [
              116.5295883,
              23.5847685
            ],
            [
              116.5309963,
              23.5844425
            ],
            [
              116.5320483,
              23.5834039
            ],
            [
              116.5335841,
              23.5828079
            ],
            [
              116.5347253,
              23.5818028
            ],
            [
              116.5353793,
              23.5799688
            ],
            [
              116.5359722,
              23.5794798
            ],
            [
              116.5366887,
              23.5784434
            ],
            [
              116.5375631,
              23.5778865
            ],
            [
              116.5377558,
              23.5772481
            ],
            [
              116.5387017,
              23.5764722
            ],
            [
              116.5406571,
              23.5756565
            ],
            [
              116.5421517,
              23.5757645
            ],
            [
              116.542785,
              23.5759561
            ],
            [
              116.5443264,
              23.5759832
            ],
            [
              116.5448288,
              23.5758176
            ],
            [
              116.5451457,
              23.5760946
            ],
            [
              116.5450123,
              23.5766787
            ],
            [
              116.5441082,
              23.5777111
            ],
            [
              116.5433079,
              23.5784038
            ],
            [
              116.5438815,
              23.5785531
            ],
            [
              116.5441483,
              23.5796126
            ],
            [
              116.5453488,
              23.5808487
            ],
            [
              116.5471951,
              23.5822069
            ],
            [
              116.5478322,
              23.58208
            ],
            [
              116.5481667,
              23.5816202
            ],
            [
              116.5482047,
              23.579863
            ],
            [
              116.5486775,
              23.5796518
            ],
            [
              116.5495344,
              23.5799215
            ],
            [
              116.5502077,
              23.5798751
            ],
            [
              116.550794,
              23.5794423
            ],
            [
              116.5512247,
              23.5783661
            ],
            [
              116.5517564,
              23.577545
            ],
            [
              116.5522615,
              23.5765943
            ],
            [
              116.5543028,
              23.575901
            ],
            [
              116.5548385,
              23.5756459
            ],
            [
              116.5553175,
              23.5744397
            ],
            [
              116.5558998,
              23.5741937
            ],
            [
              116.5572412,
              23.5742347
            ],
            [
              116.558606,
              23.5728419
            ],
            [
              116.559836,
              23.5726369
            ],
            [
              116.5605808,
              23.5715286
            ],
            [
              116.5611313,
              23.5714739
            ],
            [
              116.5620508,
              23.5720121
            ],
            [
              116.5627377,
              23.5718861
            ],
            [
              116.5631094,
              23.570537
            ],
            [
              116.5625349,
              23.5689228
            ],
            [
              116.5626051,
              23.5670304
            ],
            [
              116.5624719,
              23.5656368
            ],
            [
              116.5617687,
              23.5634077
            ],
            [
              116.5615968,
              23.5610814
            ],
            [
              116.5606257,
              23.559718
            ],
            [
              116.5633469,
              23.5543018
            ],
            [
              116.5642986,
              23.5528023
            ],
            [
              116.5664413,
              23.5510749
            ],
            [
              116.5648433,
              23.5495004
            ],
            [
              116.5631544,
              23.5496383
            ],
            [
              116.5610327,
              23.5487854
            ],
            [
              116.5602333,
              23.5476634
            ],
            [
              116.5595588,
              23.5462665
            ],
            [
              116.5583605,
              23.545245
            ],
            [
              116.5570519,
              23.5455369
            ],
            [
              116.5557077,
              23.5464163
            ],
            [
              116.5528384,
              23.5457599
            ],
            [
              116.5492386,
              23.544398
            ],
            [
              116.5490386,
              23.5435074
            ],
            [
              116.5497815,
              23.5415954
            ],
            [
              116.5506936,
              23.5403168
            ],
            [
              116.5504936,
              23.5386143
            ],
            [
              116.5495576,
              23.536957
            ],
            [
              116.5477291,
              23.535464
            ],
            [
              116.5453292,
              23.5342853
            ],
            [
              116.5417715,
              23.5333526
            ],
            [
              116.5400858,
              23.5305498
            ],
            [
              116.5396108,
              23.5271329
            ],
            [
              116.5403668,
              23.5217648
            ],
            [
              116.5397798,
              23.5128709
            ],
            [
              116.5392753,
              23.5082854
            ],
            [
              116.5396101,
              23.5064561
            ],
            [
              116.5421948,
              23.5030114
            ],
            [
              116.5459151,
              23.5002984
            ],
            [
              116.5503576,
              23.4982657
            ],
            [
              116.5534675,
              23.4890784
            ],
            [
              116.5555086,
              23.4851306
            ],
            [
              116.5575848,
              23.4832337
            ],
            [
              116.5604989,
              23.4823952
            ],
            [
              116.5634124,
              23.4839334
            ],
            [
              116.5670445,
              23.4808394
            ],
            [
              116.5707032,
              23.4789736
            ],
            [
              116.5725515,
              23.4786488
            ],
            [
              116.5743088,
              23.4774251
            ],
            [
              116.5765263,
              23.4766046
            ],
            [
              116.579869,
              23.4771287
            ],
            [
              116.5822499,
              23.4783202
            ],
            [
              116.5857293,
              23.4773471
            ],
            [
              116.5893605,
              23.475992
            ],
            [
              116.5982541,
              23.4713243
            ],
            [
              116.6040138,
              23.4675223
            ],
            [
              116.608009,
              23.4668659
            ],
            [
              116.6103748,
              23.4674754
            ],
            [
              116.6132032,
              23.4693622
            ],
            [
              116.6154888,
              23.4690478
            ],
            [
              116.6212739,
              23.4632503
            ],
            [
              116.623317,
              23.4581641
            ],
            [
              116.6276882,
              23.4559363
            ],
            [
              116.629159,
              23.4531758
            ],
            [
              116.6288584,
              23.4519544
            ],
            [
              116.6272616,
              23.44953
            ],
            [
              116.6296667,
              23.4452746
            ],
            [
              116.6255502,
              23.4391272
            ],
            [
              116.6253784,
              23.4375116
            ],
            [
              116.6270105,
              23.4351867
            ],
            [
              116.6257327,
              23.4321435
            ],
            [
              116.6272723,
              23.4302105
            ],
            [
              116.6287763,
              23.429339
            ],
            [
              116.6300141,
              23.429227
            ],
            [
              116.6312274,
              23.4293303
            ],
            [
              116.6337884,
              23.4275439
            ],
            [
              116.636208,
              23.4314388
            ],
            [
              116.6384587,
              23.4306306
            ],
            [
              116.6425222,
              23.4299143
            ],
            [
              116.644368,
              23.4289193
            ],
            [
              116.6458292,
              23.4288826
            ],
            [
              116.6471165,
              23.4309986
            ],
            [
              116.6489214,
              23.4328849
            ],
            [
              116.6501624,
              23.4338216
            ],
            [
              116.6581529,
              23.4306039
            ],
            [
              116.660418,
              23.4303183
            ],
            [
              116.6638409,
              23.4309795
            ],
            [
              116.6639405,
              23.4321332
            ],
            [
              116.6658958,
              23.4353566
            ],
            [
              116.6677074,
              23.4345704
            ],
            [
              116.6700318,
              23.4363521
            ],
            [
              116.6682703,
              23.4376377
            ],
            [
              116.6691067,
              23.4390659
            ],
            [
              116.6702711,
              23.4401983
            ],
            [
              116.6724406,
              23.4380428
            ],
            [
              116.6733025,
              23.4385741
            ],
            [
              116.6753243,
              23.4407779
            ],
            [
              116.6772497,
              23.4412738
            ],
            [
              116.6788838,
              23.4394929
            ],
            [
              116.6792729,
              23.4368705
            ],
            [
              116.6807212,
              23.4344585
            ],
            [
              116.6813904,
              23.4323509
            ],
            [
              116.6822043,
              23.4321518
            ],
            [
              116.6836288,
              23.4336128
            ],
            [
              116.6856726,
              23.4344093
            ],
            [
              116.6886941,
              23.4352008
            ],
            [
              116.691967,
              23.4364682
            ],
            [
              116.693374,
              23.4383843
            ],
            [
              116.6970862,
              23.4403398
            ],
            [
              116.6966297,
              23.4429742
            ],
            [
              116.6933182,
              23.4495461
            ],
            [
              116.6944152,
              23.4522815
            ],
            [
              116.696328,
              23.4547072
            ],
            [
              116.6973248,
              23.4600932
            ],
            [
              116.6998002,
              23.4608931
            ],
            [
              116.7034717,
              23.461037
            ],
            [
              116.7054168,
              23.4625556
            ],
            [
              116.7059382,
              23.4673916
            ],
            [
              116.7039106,
              23.4738746
            ],
            [
              116.7037368,
              23.4827485
            ],
            [
              116.7024514,
              23.4910544
            ],
            [
              116.7011376,
              23.4993848
            ],
            [
              116.698183,
              23.5041663
            ],
            [
              116.6952774,
              23.5123498
            ],
            [
              116.694921,
              23.520339
            ],
            [
              116.6962139,
              23.5287848
            ],
            [
              116.6962412,
              23.5323691
            ],
            [
              116.6979792,
              23.5353435
            ],
            [
              116.6982609,
              23.5414863
            ],
            [
              116.706236,
              23.542522
            ],
            [
              116.7093361,
              23.5447844
            ],
            [
              116.7104781,
              23.5457616
            ],
            [
              116.7131431,
              23.5464597
            ],
            [
              116.7147807,
              23.5489731
            ],
            [
              116.7124964,
              23.5550109
            ],
            [
              116.7115123,
              23.5588118
            ],
            [
              116.7103292,
              23.5632455
            ],
            [
              116.7097505,
              23.5650271
            ],
            [
              116.706129,
              23.5681818
            ],
            [
              116.702922,
              23.5704182
            ],
            [
              116.6982109,
              23.5727025
            ],
            [
              116.6955667,
              23.5753879
            ],
            [
              116.6925892,
              23.5775436
            ],
            [
              116.6891073,
              23.5806408
            ],
            [
              116.685246,
              23.5871296
            ],
            [
              116.6843961,
              23.5934315
            ],
            [
              116.6796454,
              23.5956077
            ],
            [
              116.6742942,
              23.5998429
            ],
            [
              116.6736213,
              23.5996303
            ],
            [
              116.6725644,
              23.6001413
            ],
            [
              116.6679906,
              23.604655
            ],
            [
              116.6671444,
              23.6053693
            ],
            [
              116.6662355,
              23.6065568
            ],
            [
              116.6629899,
              23.6083106
            ],
            [
              116.6623024,
              23.6091575
            ],
            [
              116.6608775,
              23.6098649
            ],
            [
              116.6586024,
              23.6117477
            ],
            [
              116.6578155,
              23.6124817
            ],
            [
              116.6571991,
              23.6143933
            ],
            [
              116.6563513,
              23.6152558
            ],
            [
              116.6559543,
              23.6160866
            ],
            [
              116.6556619,
              23.6162069
            ],
            [
              116.6550128,
              23.6171164
            ],
            [
              116.6528515,
              23.6185797
            ],
            [
              116.6501775,
              23.6206752
            ],
            [
              116.6457401,
              23.6222834
            ],
            [
              116.6436023,
              23.6221546
            ],
            [
              116.6421861,
              23.6215422
            ],
            [
              116.6404703,
              23.6211041
            ],
            [
              116.6381356,
              23.621568
            ],
            [
              116.635604,
              23.6225731
            ],
            [
              116.6335505,
              23.6255111
            ],
            [
              116.6327067,
              23.6296602
            ],
            [
              116.6323354,
              23.6345339
            ],
            [
              116.6311337,
              23.6356508
            ],
            [
              116.629568,
              23.6352889
            ],
            [
              116.6286787,
              23.6345368
            ],
            [
              116.6262266,
              23.636897
            ]
          ]
        ]
      }
    },
    {
      "type": "Feature",
      "properties": {
        "name": "潮阳",
        "adcode": 440513,
        "parent": "汕头",
        "outer": false
      },
      "geometry": {
        "type": "Polygon",
        "coordinates": [
          [
            [
              116.675623,
              23.221151
            ],
            [
              116.671746,
              23.223425
            ],
            [
              116.666021,
              23.225857
            ],
            [
              116.662949,
              23.228435
            ],
            [
              116.661768,
              23.231595
            ],
            [
              116.659835,
              23.232996
            ],
            [
              116.659426,
              23.234245
            ],
            [
              116.657708,
              23.235446
            ],
            [
              116.658148,
              23.236659
            ],
            [
              116.660511,
              23.236907
            ],
            [
              116.660844,
              23.237714
            ],
            [
              116.658718,
              23.239048
            ],
            [
              116.657364,
              23.241668
            ],
            [
              116.655495,
              23.242505
            ],
            [
              116.656419,
              23.24436
            ],
            [
              116.653669,
              23.246331
            ],
            [
              116.650383,
              23.247562
            ],
            [
              116.648954,
              23.247726
            ],
            [
              116.647644,
              23.247017
            ],
            [
              116.646516,
              23.248254
            ],
            [
              116.643745,
              23.249084
            ],
            [
              116.643015,
              23.248714
            ],
            [
              116.641296,
              23.249648
            ],
            [
              116.640383,
              23.251025
            ],
            [
              116.638407,
              23.251322
            ],
            [
              116.638042,
              23.252698
            ],
            [
              116.636989,
              23.253365
            ],
            [
              116.635303,
              23.257974
            ],
            [
              116.632919,
              23.262236
            ],
            [
              116.631673,
              23.261757
            ],
            [
              116.629116,
              23.265923
            ],
            [
              116.631479,
              23.266099
            ],
            [
              116.630674,
              23.266802
            ],
            [
              116.628816,
              23.266966
            ],
            [
              116.625712,
              23.270488
            ],
            [
              116.624176,
              23.271089
            ],
            [
              116.622049,
              23.273768
            ],
            [
              116.620374,
              23.274945
            ],
            [
              116.619901,
              23.276291
            ],
            [
              116.616496,
              23.278831
            ],
            [
              116.616851,
              23.280886
            ],
            [
              116.6196,
              23.28088
            ],
            [
              116.621233,
              23.283984
            ],
            [
              116.623531,
              23.284627
            ],
            [
              116.624144,
              23.285306
            ],
            [
              116.624724,
              23.287391
            ],
            [
              116.625486,
              23.2881
            ],
            [
              116.626915,
              23.287567
            ],
            [
              116.62757,
              23.286118
            ],
            [
              116.629202,
              23.287167
            ],
            [
              116.63106,
              23.29081
            ],
            [
              116.632177,
              23.292532
            ],
            [
              116.631662,
              23.29512
            ],
            [
              116.629911,
              23.29686
            ],
            [
              116.629363,
              23.297999
            ],
            [
              116.629245,
              23.300254
            ],
            [
              116.627828,
              23.301194
            ],
            [
              116.62946,
              23.302273
            ],
            [
              116.630523,
              23.305795
            ],
            [
              116.62888,
              23.307225
            ],
            [
              116.628236,
              23.309413
            ],
            [
              116.6288571,
              23.3177862
            ],
            [
              116.6275692,
              23.316305
            ],
            [
              116.626422,
              23.3148518
            ],
            [
              116.6175848,
              23.3173881
            ],
            [
              116.6097321,
              23.3105642
            ],
            [
              116.6036525,
              23.3090133
            ],
            [
              116.5991331,
              23.3037332
            ],
            [
              116.5949148,
              23.3213339
            ],
            [
              116.5942393,
              23.325172
            ],
            [
              116.5828634,
              23.3362952
            ],
            [
              116.5793125,
              23.337087
            ],
            [
              116.5769904,
              23.339723
            ],
            [
              116.572048,
              23.3481242
            ],
            [
              116.5630996,
              23.3631873
            ],
            [
              116.5580575,
              23.3715664
            ],
            [
              116.5533576,
              23.3807958
            ],
            [
              116.5470871,
              23.3934779
            ],
            [
              116.5441068,
              23.4080262
            ],
            [
              116.5442303,
              23.409433
            ],
            [
              116.5460735,
              23.4093744
            ],
            [
              116.544918,
              23.411958
            ],
            [
              116.5423726,
              23.4166802
            ],
            [
              116.5384264,
              23.4223241
            ],
            [
              116.5334123,
              23.4280074
            ],
            [
              116.5282827,
              23.4323813
            ],
            [
              116.522389,
              23.4351529
            ],
            [
              116.5159731,
              23.4373844
            ],
            [
              116.5126973,
              23.4376457
            ],
            [
              116.5062126,
              23.4379922
            ],
            [
              116.5012877,
              23.437526
            ],
            [
              116.4939256,
              23.4367395
            ],
            [
              116.4862876,
              23.4364203
            ],
            [
              116.4790375,
              23.4370318
            ],
            [
              116.4748305,
              23.4360777
            ],
            [
              116.4695738,
              23.436258
            ],
            [
              116.462303,
              23.438875
            ],
            [
              116.4587866,
              23.4431972
            ],
            [
              116.4577688,
              23.446343
            ],
            [
              116.457762,
              23.4488643
            ],
            [
              116.4598305,
              23.4538975
            ],
            [
              116.4621517,
              23.457966
            ],
            [
              116.4647265,
              23.4615968
            ],
            [
              116.4709132,
              23.4663408
            ],
            [
              116.4758685,
              23.4704324
            ],
            [
              116.4790852,
              23.4747494
            ],
            [
              116.4812418,
              23.4800578
            ],
            [
              116.4831601,
              23.4864976
            ],
            [
              116.4847232,
              23.4932306
            ],
            [
              116.4844247,
              23.496505
            ],
            [
              116.4832355,
              23.4989109
            ],
            [
              116.4820389,
              23.4998133
            ],
            [
              116.4795377,
              23.500735
            ],
            [
              116.4764631,
              23.5009096
            ],
            [
              116.4734492,
              23.5004804
            ],
            [
              116.4665322,
              23.4987985
            ],
            [
              116.4559473,
              23.4954213
            ],
            [
              116.4478317,
              23.491035
            ],
            [
              116.4422338,
              23.4877426
            ],
            [
              116.4398957,
              23.4849057
            ],
            [
              116.4370039,
              23.4806637
            ],
            [
              116.434404,
              23.4770486
            ],
            [
              116.4314852,
              23.4739177
            ],
            [
              116.4276593,
              23.4709777
            ],
            [
              116.4249342,
              23.4697922
            ],
            [
              116.4240819,
              23.4693058
            ],
            [
              116.4208153,
              23.4691567
            ],
            [
              116.41512,
              23.4709864
            ],
            [
              116.4127268,
              23.4733209
            ],
            [
              116.4108282,
              23.4771687
            ],
            [
              116.4089564,
              23.4828104
            ],
            [
              116.4070506,
              23.4878467
            ],
            [
              116.4066896,
              23.4934826
            ],
            [
              116.4070916,
              23.4964868
            ],
            [
              116.4067221,
              23.4969748
            ],
            [
              116.4070121,
              23.4995329
            ],
            [
              116.4069825,
              23.503851
            ],
            [
              116.4075442,
              23.5050981
            ],
            [
              116.4084788,
              23.5053706
            ],
            [
              116.4085675,
              23.5097661
            ],
            [
              116.4082867,
              23.5115553
            ],
            [
              116.407581,
              23.5138477
            ],
            [
              116.4068715,
              23.5146745
            ],
            [
              116.4058816,
              23.514863
            ],
            [
              116.4044035,
              23.5140904
            ],
            [
              116.4038193,
              23.5126355
            ],
            [
              116.4019433,
              23.5076395
            ],
            [
              116.4003807,
              23.5045818
            ],
            [
              116.3977681,
              23.5021941
            ],
            [
              116.3937984,
              23.5009414
            ],
            [
              116.388841,
              23.5010941
            ],
            [
              116.3849694,
              23.5019821
            ],
            [
              116.3827726,
              23.5030018
            ],
            [
              116.3800232,
              23.5025409
            ],
            [
              116.3778761,
              23.5027776
            ],
            [
              116.3765901,
              23.5024252
            ],
            [
              116.3752302,
              23.5022625
            ],
            [
              116.3729834,
              23.5027505
            ],
            [
              116.3727355,
              23.5020063
            ],
            [
              116.3740362,
              23.5001221
            ],
            [
              116.3743632,
              23.4986807
            ],
            [
              116.3739345,
              23.497542
            ],
            [
              116.3727046,
              23.4969576
            ],
            [
              116.3714482,
              23.4969681
            ],
            [
              116.368078,
              23.4985948
            ],
            [
              116.3675311,
              23.4985406
            ],
            [
              116.3673094,
              23.4979848
            ],
            [
              116.3681963,
              23.4960734
            ],
            [
              116.368243,
              23.4952852
            ],
            [
              116.3677949,
              23.4937848
            ],
            [
              116.3660328,
              23.4922501
            ],
            [
              116.3637133,
              23.4910771
            ],
            [
              116.3609349,
              23.4860879
            ],
            [
              116.3610144,
              23.4850455
            ],
            [
              116.3608222,
              23.4840694
            ],
            [
              116.3602404,
              23.4834685
            ],
            [
              116.3594423,
              23.4817332
            ],
            [
              116.3590833,
              23.4806128
            ],
            [
              116.3592576,
              23.4801583
            ],
            [
              116.3596567,
              23.4788432
            ],
            [
              116.3595694,
              23.4776633
            ],
            [
              116.3560399,
              23.475328
            ],
            [
              116.355245,
              23.4753527
            ],
            [
              116.3541605,
              23.475675
            ],
            [
              116.3525219,
              23.4771336
            ],
            [
              116.3519292,
              23.4772325
            ],
            [
              116.3512416,
              23.4769238
            ],
            [
              116.3505546,
              23.4746501
            ],
            [
              116.3511608,
              23.4739335
            ],
            [
              116.3514302,
              23.4732538
            ],
            [
              116.3512012,
              23.4724506
            ],
            [
              116.3502626,
              23.4716993
            ],
            [
              116.3493903,
              23.4712426
            ],
            [
              116.349341,
              23.4676023
            ],
            [
              116.3465332,
              23.4643743
            ],
            [
              116.3459349,
              23.4587004
            ],
            [
              116.3448381,
              23.4556019
            ],
            [
              116.3399671,
              23.4488642
            ],
            [
              116.333638,
              23.4494775
            ],
            [
              116.3330209,
              23.4476846
            ],
            [
              116.3310598,
              23.4461358
            ],
            [
              116.3279055,
              23.4462144
            ],
            [
              116.3148951,
              23.4514181
            ],
            [
              116.312678,
              23.4474404
            ],
            [
              116.3124085,
              23.4433057
            ],
            [
              116.3143539,
              23.4326262
            ],
            [
              116.3170768,
              23.4271945
            ],
            [
              116.3185737,
              23.4240756
            ],
            [
              116.3197253,
              23.4237959
            ],
            [
              116.3255679,
              23.4268744
            ],
            [
              116.3267855,
              23.4208862
            ],
            [
              116.3312545,
              23.4211848
            ],
            [
              116.334554,
              23.4180051
            ],
            [
              116.3353203,
              23.4141163
            ],
            [
              116.3406214,
              23.4110982
            ],
            [
              116.3419763,
              23.410834
            ],
            [
              116.3444187,
              23.412872
            ],
            [
              116.3484441,
              23.4119545
            ],
            [
              116.3498842,
              23.4078227
            ],
            [
              116.3497318,
              23.4064239
            ],
            [
              116.3487623,
              23.4055664
            ],
            [
              116.3447756,
              23.4075542
            ],
            [
              116.3418326,
              23.4076382
            ],
            [
              116.3403365,
              23.4017373
            ],
            [
              116.3417197,
              23.3994103
            ],
            [
              116.3429682,
              23.3929015
            ],
            [
              116.3457498,
              23.3905269
            ],
            [
              116.3453156,
              23.3749041
            ],
            [
              116.3455616,
              23.3612473
            ],
            [
              116.3505066,
              23.353907
            ],
            [
              116.3497361,
              23.3499746
            ],
            [
              116.3485514,
              23.3470034
            ],
            [
              116.3455305,
              23.3444049
            ],
            [
              116.3444564,
              23.3384793
            ],
            [
              116.3248751,
              23.3388726
            ],
            [
              116.3190825,
              23.3361113
            ],
            [
              116.3167385,
              23.3368139
            ],
            [
              116.3142206,
              23.3332978
            ],
            [
              116.3147179,
              23.3290387
            ],
            [
              116.3203203,
              23.3248564
            ],
            [
              116.3262088,
              23.318634
            ],
            [
              116.3261061,
              23.3150414
            ],
            [
              116.3184791,
              23.3048869
            ],
            [
              116.3196824,
              23.3049374
            ],
            [
              116.3213347,
              23.3038836
            ],
            [
              116.3239423,
              23.3016674
            ],
            [
              116.3303233,
              23.3013131
            ],
            [
              116.3344263,
              23.2997448
            ],
            [
              116.3417655,
              23.29709
            ],
            [
              116.3436595,
              23.295686
            ],
            [
              116.3455512,
              23.2953989
            ],
            [
              116.3503293,
              23.294959
            ],
            [
              116.3515904,
              23.2945099
            ],
            [
              116.3534609,
              23.2917088
            ],
            [
              116.3549793,
              23.2917428
            ],
            [
              116.3565345,
              23.2926149
            ],
            [
              116.3583004,
              23.2926822
            ],
            [
              116.3658643,
              23.2913831
            ],
            [
              116.3674619,
              23.2915503
            ],
            [
              116.3692703,
              23.2915421
            ],
            [
              116.3700818,
              23.2909912
            ],
            [
              116.3700434,
              23.2897686
            ],
            [
              116.3696924,
              23.2881423
            ],
            [
              116.3718711,
              23.2871403
            ],
            [
              116.3744154,
              23.2871118
            ],
            [
              116.3783925,
              23.2845347
            ],
            [
              116.378982,
              23.2835087
            ],
            [
              116.3768986,
              23.2799812
            ],
            [
              116.3774416,
              23.2786416
            ],
            [
              116.3794671,
              23.2778279
            ],
            [
              116.3825456,
              23.2783424
            ],
            [
              116.3832127,
              23.2809502
            ],
            [
              116.3826588,
              23.2829101
            ],
            [
              116.3814542,
              23.2835553
            ],
            [
              116.3814248,
              23.2846774
            ],
            [
              116.3819314,
              23.286377
            ],
            [
              116.3855081,
              23.2863555
            ],
            [
              116.3892593,
              23.2877729
            ],
            [
              116.3916214,
              23.2874582
            ],
            [
              116.3933808,
              23.2862687
            ],
            [
              116.3942168,
              23.2817944
            ],
            [
              116.3952264,
              23.2807269
            ],
            [
              116.3966704,
              23.2805112
            ],
            [
              116.3986172,
              23.2807916
            ],
            [
              116.4026794,
              23.2814835
            ],
            [
              116.403595,
              23.2794335
            ],
            [
              116.4043567,
              23.2771888
            ],
            [
              116.4054143,
              23.2750232
            ],
            [
              116.4072879,
              23.2732447
            ],
            [
              116.4094408,
              23.2729934
            ],
            [
              116.4123919,
              23.2748814
            ],
            [
              116.4122739,
              23.2756842
            ],
            [
              116.4162722,
              23.2811438
            ],
            [
              116.4206762,
              23.2814928
            ],
            [
              116.4227888,
              23.2812281
            ],
            [
              116.4257481,
              23.2780774
            ],
            [
              116.4288319,
              23.2778095
            ],
            [
              116.4302619,
              23.2785248
            ],
            [
              116.4311469,
              23.280431
            ],
            [
              116.4326033,
              23.2811164
            ],
            [
              116.4333206,
              23.2810473
            ],
            [
              116.4339125,
              23.2806123
            ],
            [
              116.4345862,
              23.2794941
            ],
            [
              116.4357316,
              23.2792811
            ],
            [
              116.4366413,
              23.2795065
            ],
            [
              116.4384743,
              23.2817685
            ],
            [
              116.4398019,
              23.2836742
            ],
            [
              116.4395591,
              23.2850586
            ],
            [
              116.4385625,
              23.2862728
            ],
            [
              116.4383613,
              23.2874971
            ],
            [
              116.4388414,
              23.2884836
            ],
            [
              116.439601,
              23.2892108
            ],
            [
              116.4422456,
              23.2882141
            ],
            [
              116.4442525,
              23.28739
            ],
            [
              116.4462127,
              23.2871012
            ],
            [
              116.4480778,
              23.2867491
            ],
            [
              116.4500123,
              23.2859885
            ],
            [
              116.4518703,
              23.2845489
            ],
            [
              116.4528896,
              23.2831955
            ],
            [
              116.4536546,
              23.2812842
            ],
            [
              116.4552321,
              23.2788478
            ],
            [
              116.4578056,
              23.2762846
            ],
            [
              116.4588092,
              23.2741671
            ],
            [
              116.4586426,
              23.2720837
            ],
            [
              116.4567241,
              23.2692722
            ],
            [
              116.4557982,
              23.267547
            ],
            [
              116.4560293,
              23.2662385
            ],
            [
              116.4597578,
              23.26149
            ],
            [
              116.4614826,
              23.2564347
            ],
            [
              116.459519,
              23.2559811
            ],
            [
              116.4607613,
              23.2525175
            ],
            [
              116.4563175,
              23.2513666
            ],
            [
              116.4560176,
              23.2388161
            ],
            [
              116.4625888,
              23.2336884
            ],
            [
              116.46808,
              23.2330487
            ],
            [
              116.4723151,
              23.230034
            ],
            [
              116.4700462,
              23.2226808
            ],
            [
              116.4715922,
              23.2171958
            ],
            [
              116.4696603,
              23.2150574
            ],
            [
              116.4678755,
              23.2123993
            ],
            [
              116.4664856,
              23.2090205
            ],
            [
              116.4688062,
              23.2061768
            ],
            [
              116.4731551,
              23.2054763
            ],
            [
              116.4820162,
              23.2085255
            ],
            [
              116.4895432,
              23.2085914
            ],
            [
              116.4897225,
              23.2060366
            ],
            [
              116.4923229,
              23.2054185
            ],
            [
              116.4929506,
              23.2071904
            ],
            [
              116.4980018,
              23.2061465
            ],
            [
              116.4972613,
              23.2047755
            ],
            [
              116.504628,
              23.201676
            ],
            [
              116.5162742,
              23.2028986
            ],
            [
              116.5200777,
              23.2067065
            ],
            [
              116.5257771,
              23.2098999
            ],
            [
              116.5270496,
              23.2167794
            ],
            [
              116.5256877,
              23.218682
            ],
            [
              116.5213462,
              23.2195763
            ],
            [
              116.5186514,
              23.2182692
            ],
            [
              116.5180857,
              23.2212896
            ],
            [
              116.5303909,
              23.2243178
            ],
            [
              116.5324869,
              23.2187457
            ],
            [
              116.5378764,
              23.2199152
            ],
            [
              116.5399724,
              23.2129671
            ],
            [
              116.5477504,
              23.2147992
            ],
            [
              116.5455919,
              23.2253882
            ],
            [
              116.5447062,
              23.23036
            ],
            [
              116.5686368,
              23.2326652
            ],
            [
              116.583401,
              23.2359679
            ],
            [
              116.5883388,
              23.2367878
            ],
            [
              116.6017149,
              23.2315277
            ],
            [
              116.6067279,
              23.23118
            ],
            [
              116.612433,
              23.2273164
            ],
            [
              116.6184497,
              23.2215219
            ],
            [
              116.6204504,
              23.2131025
            ],
            [
              116.6188537,
              23.2022254
            ],
            [
              116.6148532,
              23.2000764
            ],
            [
              116.6103643,
              23.1988488
            ],
            [
              116.607835,
              23.1971297
            ],
            [
              116.606979,
              23.19426
            ],
            [
              116.604861,
              23.188652
            ],
            [
              116.607505,
              23.183119
            ],
            [
              116.6211184,
              23.1830098
            ],
            [
              116.632267,
              23.179664
            ],
            [
              116.632322,
              23.175396
            ],
            [
              116.629282,
              23.177073
            ],
            [
              116.62873,
              23.174938
            ],
            [
              116.637343,
              23.16447
            ],
            [
              116.636468,
              23.161306
            ],
            [
              116.640085,
              23.160609
            ],
            [
              116.640335,
              23.163308
            ],
            [
              116.649241,
              23.166394
            ],
            [
              116.6490453,
              23.1744895
            ],
            [
              116.6546859,
              23.1766045
            ],
            [
              116.6575708,
              23.1796913
            ],
            [
              116.658734,
              23.181377
            ],
            [
              116.662458,
              23.188634
            ],
            [
              116.663186,
              23.19032
            ],
            [
              116.661854,
              23.195876
            ],
            [
              116.664925,
              23.202727
            ],
            [
              116.6785764,
              23.2190998
            ],
            [
              116.675623,
              23.221151
            ]
          ]
        ]
      }
    },
    {
      "type": "Feature",
      "properties": {
        "name": "澄海",
        "adcode": 440515,
        "parent": "汕头",
        "outer": false
      },
      "geometry": {
        "type": "Polygon",
        "coordinates": [
          [
            [
              116.9059872,
              23.5788626
            ],
            [
              116.9037684,
              23.5820093
            ],
            [
              116.9015877,
              23.5910392
            ],
            [
              116.9027933,
              23.5913471
            ],
            [
              116.9049261,
              23.600692
            ],
            [
              116.9058463,
              23.6055313
            ],
            [
              116.9048933,
              23.6063026
            ],
            [
              116.901325,
              23.6081586
            ],
            [
              116.898471,
              23.6109403
            ],
            [
              116.896531,
              23.6132234
            ],
            [
              116.8967725,
              23.6133963
            ],
            [
              116.8953387,
              23.6186921
            ],
            [
              116.8946824,
              23.6198775
            ],
            [
              116.8959924,
              23.6203829
            ],
            [
              116.896472,
              23.621107
            ],
            [
              116.8960586,
              23.6226242
            ],
            [
              116.8946373,
              23.6215442
            ],
            [
              116.8916166,
              23.6234922
            ],
            [
              116.8908409,
              23.6229531
            ],
            [
              116.8869617,
              23.6253239
            ],
            [
              116.8830544,
              23.6216621
            ],
            [
              116.8823851,
              23.6219467
            ],
            [
              116.8811528,
              23.6232906
            ],
            [
              116.8802695,
              23.6225796
            ],
            [
              116.8792388,
              23.6214566
            ],
            [
              116.8785331,
              23.6220096
            ],
            [
              116.8779029,
              23.6212802
            ],
            [
              116.8762999,
              23.6224574
            ],
            [
              116.8755236,
              23.6214041
            ],
            [
              116.8751292,
              23.620495
            ],
            [
              116.8743818,
              23.6193098
            ],
            [
              116.8724975,
              23.6203329
            ],
            [
              116.8717735,
              23.6197605
            ],
            [
              116.870976,
              23.6183378
            ],
            [
              116.8712151,
              23.6182193
            ],
            [
              116.8699728,
              23.6173241
            ],
            [
              116.867799,
              23.6187043
            ],
            [
              116.8681177,
              23.6201607
            ],
            [
              116.8672864,
              23.6205429
            ],
            [
              116.8668537,
              23.6210672
            ],
            [
              116.8656199,
              23.6212153
            ],
            [
              116.8631161,
              23.6209899
            ],
            [
              116.8587221,
              23.6251215
            ],
            [
              116.8582894,
              23.626188
            ],
            [
              116.8583064,
              23.6296272
            ],
            [
              116.8585338,
              23.630476
            ],
            [
              116.857805,
              23.633052
            ],
            [
              116.8585805,
              23.6353415
            ],
            [
              116.8578437,
              23.6367478
            ],
            [
              116.8555009,
              23.6375101
            ],
            [
              116.8542257,
              23.6388482
            ],
            [
              116.8517622,
              23.6407676
            ],
            [
              116.8497382,
              23.6410106
            ],
            [
              116.8477142,
              23.6402945
            ],
            [
              116.8460038,
              23.6402581
            ],
            [
              116.842561,
              23.6416674
            ],
            [
              116.8408221,
              23.6426626
            ],
            [
              116.8395167,
              23.6425892
            ],
            [
              116.8371581,
              23.6430751
            ],
            [
              116.8358438,
              23.6442065
            ],
            [
              116.8336421,
              23.647325
            ],
            [
              116.8308369,
              23.6483168
            ],
            [
              116.8264509,
              23.6484906
            ],
            [
              116.8235519,
              23.6461581
            ],
            [
              116.8200076,
              23.6446688
            ],
            [
              116.8183134,
              23.6421761
            ],
            [
              116.8186903,
              23.641281
            ],
            [
              116.8188718,
              23.6389794
            ],
            [
              116.8177671,
              23.6382507
            ],
            [
              116.8168285,
              23.6382168
            ],
            [
              116.8190701,
              23.6362988
            ],
            [
              116.8207429,
              23.6355344
            ],
            [
              116.8208508,
              23.6367098
            ],
            [
              116.8206255,
              23.6380547
            ],
            [
              116.822813,
              23.6363877
            ],
            [
              116.8232969,
              23.6354123
            ],
            [
              116.8219217,
              23.6352769
            ],
            [
              116.8191131,
              23.6332909
            ],
            [
              116.8189298,
              23.6328501
            ],
            [
              116.8204647,
              23.6311187
            ],
            [
              116.8203916,
              23.6306548
            ],
            [
              116.8179972,
              23.6300445
            ],
            [
              116.8179726,
              23.6296107
            ],
            [
              116.8190457,
              23.6287663
            ],
            [
              116.8215012,
              23.6279227
            ],
            [
              116.8225872,
              23.6252716
            ],
            [
              116.8232762,
              23.6248913
            ],
            [
              116.825206,
              23.6247048
            ],
            [
              116.8270387,
              23.6250616
            ],
            [
              116.8273458,
              23.6247807
            ],
            [
              116.8261387,
              23.6230237
            ],
            [
              116.8258127,
              23.6195391
            ],
            [
              116.8250909,
              23.6177328
            ],
            [
              116.8239499,
              23.6172603
            ],
            [
              116.823209,
              23.6145539
            ],
            [
              116.82201,
              23.6145254
            ],
            [
              116.8191508,
              23.6165206
            ],
            [
              116.8173932,
              23.6148527
            ],
            [
              116.8170524,
              23.6133499
            ],
            [
              116.8154046,
              23.6128035
            ],
            [
              116.8127636,
              23.6134013
            ],
            [
              116.8118715,
              23.6147831
            ],
            [
              116.8104335,
              23.6150801
            ],
            [
              116.8083048,
              23.6140746
            ],
            [
              116.8072156,
              23.6124144
            ],
            [
              116.8055589,
              23.61185
            ],
            [
              116.8030288,
              23.6099894
            ],
            [
              116.8008915,
              23.609401
            ],
            [
              116.7973019,
              23.6105492
            ],
            [
              116.7960275,
              23.6128457
            ],
            [
              116.7912156,
              23.6130682
            ],
            [
              116.7895825,
              23.6106539
            ],
            [
              116.7903897,
              23.6084353
            ],
            [
              116.7896963,
              23.6055376
            ],
            [
              116.7870535,
              23.6018697
            ],
            [
              116.7871359,
              23.5963851
            ],
            [
              116.7900821,
              23.5958935
            ],
            [
              116.7899655,
              23.5920973
            ],
            [
              116.7876772,
              23.5917728
            ],
            [
              116.7844111,
              23.5902934
            ],
            [
              116.7833066,
              23.5890866
            ],
            [
              116.7820959,
              23.5886778
            ],
            [
              116.7808787,
              23.5854443
            ],
            [
              116.7821744,
              23.5845684
            ],
            [
              116.7821448,
              23.5841276
            ],
            [
              116.781241,
              23.5833617
            ],
            [
              116.78054,
              23.5820769
            ],
            [
              116.776076,
              23.5832715
            ],
            [
              116.7749103,
              23.585294
            ],
            [
              116.7735935,
              23.5857417
            ],
            [
              116.7733598,
              23.5867928
            ],
            [
              116.7723828,
              23.5866565
            ],
            [
              116.7715557,
              23.5851578
            ],
            [
              116.7695379,
              23.5861506
            ],
            [
              116.7677112,
              23.5868319
            ],
            [
              116.7665961,
              23.5854459
            ],
            [
              116.7640956,
              23.5834439
            ],
            [
              116.7631093,
              23.5830228
            ],
            [
              116.7621713,
              23.580891
            ],
            [
              116.7603064,
              23.5790859
            ],
            [
              116.7597789,
              23.5792369
            ],
            [
              116.758643,
              23.5805105
            ],
            [
              116.7578412,
              23.5799034
            ],
            [
              116.7587436,
              23.5786334
            ],
            [
              116.7567353,
              23.5765924
            ],
            [
              116.7512606,
              23.578202
            ],
            [
              116.751084,
              23.5809251
            ],
            [
              116.7501051,
              23.5816645
            ],
            [
              116.7501051,
              23.5837091
            ],
            [
              116.7490324,
              23.5848612
            ],
            [
              116.7477077,
              23.5846696
            ],
            [
              116.7469921,
              23.5867264
            ],
            [
              116.7465215,
              23.5886911
            ],
            [
              116.7471727,
              23.5890361
            ],
            [
              116.7465104,
              23.5906973
            ],
            [
              116.7457086,
              23.5904896
            ],
            [
              116.7450396,
              23.5920067
            ],
            [
              116.7426751,
              23.5948929
            ],
            [
              116.7399726,
              23.5952455
            ],
            [
              116.737794,
              23.5967309
            ],
            [
              116.7365349,
              23.5971788
            ],
            [
              116.7363606,
              23.5978975
            ],
            [
              116.736756,
              23.598659
            ],
            [
              116.7359121,
              23.5996723
            ],
            [
              116.7362879,
              23.601158
            ],
            [
              116.7351104,
              23.6022439
            ],
            [
              116.7342374,
              23.6042438
            ],
            [
              116.7326131,
              23.6054545
            ],
            [
              116.729303,
              23.6062106
            ],
            [
              116.7279935,
              23.6040774
            ],
            [
              116.7141189,
              23.602993
            ],
            [
              116.7079497,
              23.6000064
            ],
            [
              116.7066439,
              23.5960786
            ],
            [
              116.7090883,
              23.5941852
            ],
            [
              116.7101068,
              23.5888517
            ],
            [
              116.7100444,
              23.5873217
            ],
            [
              116.7068683,
              23.5851239
            ],
            [
              116.704453,
              23.5844839
            ],
            [
              116.7038419,
              23.5831504
            ],
            [
              116.7013684,
              23.5822436
            ],
            [
              116.7004445,
              23.5827685
            ],
            [
              116.6988262,
              23.5858224
            ],
            [
              116.6977523,
              23.5853547
            ],
            [
              116.6991986,
              23.57769
            ],
            [
              116.7052997,
              23.575575
            ],
            [
              116.7118476,
              23.5735817
            ],
            [
              116.7141923,
              23.5703336
            ],
            [
              116.7146719,
              23.5688683
            ],
            [
              116.7159242,
              23.5673053
            ],
            [
              116.7167764,
              23.5651183
            ],
            [
              116.7166597,
              23.5633357
            ],
            [
              116.7159207,
              23.5612322
            ],
            [
              116.715937,
              23.5584985
            ],
            [
              116.7170286,
              23.5568201
            ],
            [
              116.7196961,
              23.5538287
            ],
            [
              116.7147267,
              23.5469815
            ],
            [
              116.713154,
              23.5456271
            ],
            [
              116.7108188,
              23.5451465
            ],
            [
              116.7093852,
              23.5437184
            ],
            [
              116.7065977,
              23.5410979
            ],
            [
              116.7056943,
              23.5392179
            ],
            [
              116.7051279,
              23.5379322
            ],
            [
              116.7031607,
              23.5342574
            ],
            [
              116.7005331,
              23.5212146
            ],
            [
              116.7046167,
              23.5175194
            ],
            [
              116.7053894,
              23.5139555
            ],
            [
              116.704984,
              23.5114274
            ],
            [
              116.7062063,
              23.5043603
            ],
            [
              116.706855,
              23.4996383
            ],
            [
              116.7088174,
              23.49708
            ],
            [
              116.7109318,
              23.4943986
            ],
            [
              116.7128373,
              23.4930972
            ],
            [
              116.712959,
              23.488598
            ],
            [
              116.7130662,
              23.4840481
            ],
            [
              116.7146926,
              23.4778259
            ],
            [
              116.7174496,
              23.4738467
            ],
            [
              116.7195497,
              23.4715585
            ],
            [
              116.726928,
              23.4656714
            ],
            [
              116.7330546,
              23.4624257
            ],
            [
              116.7365413,
              23.4620166
            ],
            [
              116.7443819,
              23.458932
            ],
            [
              116.7548192,
              23.4530471
            ],
            [
              116.7654319,
              23.44915
            ],
            [
              116.7777001,
              23.4440756
            ],
            [
              116.7862951,
              23.4404742
            ],
            [
              116.7940857,
              23.4365526
            ],
            [
              116.8034683,
              23.429302
            ],
            [
              116.8054144,
              23.4235357
            ],
            [
              116.8076576,
              23.4179308
            ],
            [
              116.8085626,
              23.4110049
            ],
            [
              116.8101438,
              23.4024472
            ],
            [
              116.8131584,
              23.3988566
            ],
            [
              116.8207401,
              23.3914145
            ],
            [
              116.8264812,
              23.3859152
            ],
            [
              116.8295104,
              23.387058
            ],
            [
              116.8369955,
              23.4026303
            ],
            [
              116.84823,
              23.418079
            ],
            [
              116.857808,
              23.417148
            ],
            [
              116.863103,
              23.413116
            ],
            [
              116.866709,
              23.415701
            ],
            [
              116.865582,
              23.41932
            ],
            [
              116.85961,
              23.420457
            ],
            [
              116.85792,
              23.429969
            ],
            [
              116.873602,
              23.455437
            ],
            [
              116.880201,
              23.46005
            ],
            [
              116.870179,
              23.476618
            ],
            [
              116.864959,
              23.473861
            ],
            [
              116.859581,
              23.478649
            ],
            [
              116.899866,
              23.552717
            ],
            [
              116.912678,
              23.552428
            ],
            [
              116.912248,
              23.5677
            ],
            [
              116.9059872,
              23.5788626
            ]
          ]
        ]
      }
    },
    {
      "type": "Feature",
      "properties": {
        "name": "濠江",
        "adcode": 440512,
        "parent": "汕头",
        "outer": false
      },
      "geometry": {
        "type": "Polygon",
        "coordinates": [
          [
            [
              116.7558048,
              23.3178409
            ],
            [
              116.7555426,
              23.3203479
            ],
            [
              116.7525603,
              23.3220706
            ],
            [
              116.7495337,
              23.3263652
            ],
            [
              116.7447235,
              23.329027
            ],
            [
              116.7422221,
              23.3289386
            ],
            [
              116.7382778,
              23.3312796
            ],
            [
              116.7395391,
              23.3328988
            ],
            [
              116.733977,
              23.337007
            ],
            [
              116.7279957,
              23.3240998
            ],
            [
              116.6985719,
              23.3274829
            ],
            [
              116.6936362,
              23.3321524
            ],
            [
              116.6898012,
              23.3385018
            ],
            [
              116.683151,
              23.3426694
            ],
            [
              116.6782887,
              23.3435347
            ],
            [
              116.664185,
              23.341334
            ],
            [
              116.6518861,
              23.3382441
            ],
            [
              116.6535222,
              23.3345126
            ],
            [
              116.6513583,
              23.3327679
            ],
            [
              116.6500111,
              23.327619
            ],
            [
              116.6445221,
              23.3219001
            ],
            [
              116.6414279,
              23.3205035
            ],
            [
              116.638111,
              23.3183494
            ],
            [
              116.6288571,
              23.3177862
            ],
            [
              116.628236,
              23.309413
            ],
            [
              116.62888,
              23.307225
            ],
            [
              116.630523,
              23.305795
            ],
            [
              116.62946,
              23.302273
            ],
            [
              116.627828,
              23.301194
            ],
            [
              116.629245,
              23.300254
            ],
            [
              116.629363,
              23.297999
            ],
            [
              116.629911,
              23.29686
            ],
            [
              116.631662,
              23.29512
            ],
            [
              116.632177,
              23.292532
            ],
            [
              116.63106,
              23.29081
            ],
            [
              116.629202,
              23.287167
            ],
            [
              116.62757,
              23.286118
            ],
            [
              116.626915,
              23.287567
            ],
            [
              116.625486,
              23.2881
            ],
            [
              116.624724,
              23.287391
            ],
            [
              116.624144,
              23.285306
            ],
            [
              116.623531,
              23.284627
            ],
            [
              116.621233,
              23.283984
            ],
            [
              116.6196,
              23.28088
            ],
            [
              116.616851,
              23.280886
            ],
            [
              116.616496,
              23.278831
            ],
            [
              116.619901,
              23.276291
            ],
            [
              116.620374,
              23.274945
            ],
            [
              116.622049,
              23.273768
            ],
            [
              116.624176,
              23.271089
            ],
            [
              116.625712,
              23.270488
            ],
            [
              116.628816,
              23.266966
            ],
            [
              116.630674,
              23.266802
            ],
            [
              116.631479,
              23.266099
            ],
            [
              116.629116,
              23.265923
            ],
            [
              116.631673,
              23.261757
            ],
            [
              116.632919,
              23.262236
            ],
            [
              116.635303,
              23.257974
            ],
            [
              116.636989,
              23.253365
            ],
            [
              116.638042,
              23.252698
            ],
            [
              116.638407,
              23.251322
            ],
            [
              116.640383,
              23.251025
            ],
            [
              116.641296,
              23.249648
            ],
            [
              116.643015,
              23.248714
            ],
            [
              116.643745,
              23.249084
            ],
            [
              116.646516,
              23.248254
            ],
            [
              116.647644,
              23.247017
            ],
            [
              116.648954,
              23.247726
            ],
            [
              116.650383,
              23.247562
            ],
            [
              116.653669,
              23.246331
            ],
            [
              116.656419,
              23.24436
            ],
            [
              116.655495,
              23.242505
            ],
            [
              116.657364,
              23.241668
            ],
            [
              116.658718,
              23.239048
            ],
            [
              116.660844,
              23.237714
            ],
            [
              116.660511,
              23.236907
            ],
            [
              116.658148,
              23.236659
            ],
            [
              116.657708,
              23.235446
            ],
            [
              116.659426,
              23.234245
            ],
            [
              116.659835,
              23.232996
            ],
            [
              116.661768,
              23.231595
            ],
            [
              116.662949,
              23.228435
            ],
            [
              116.666021,
              23.225857
            ],
            [
              116.671746,
              23.223425
            ],
            [
              116.675623,
              23.221151
            ],
            [
              116.6785764,
              23.2190998
            ],
            [
              116.683115,
              23.224149
            ],
            [
              116.703826,
              23.238911
            ],
            [
              116.724769,
              23.245512
            ],
            [
              116.738382,
              23.245927
            ],
            [
              116.741011,
              23.241821
            ],
            [
              116.745262,
              23.244283
            ],
            [
              116.754759,
              23.234988
            ],
            [
              116.755932,
              23.228024
            ],
            [
              116.765786,
              23.230235
            ],
            [
              116.76601,
              23.227511
            ],
            [
              116.777659,
              23.226339
            ],
            [
              116.775191,
              23.220259
            ],
            [
              116.784661,
              23.212345
            ],
            [
              116.790563,
              23.21187
            ],
            [
              116.797189,
              23.216234
            ],
            [
              116.79549,
              23.224977
            ],
            [
              116.800912,
              23.228904
            ],
            [
              116.802616,
              23.237024
            ],
            [
              116.807771,
              23.237263
            ],
            [
              116.807806,
              23.240116
            ],
            [
              116.798478,
              23.24425
            ],
            [
              116.797224,
              23.240422
            ],
            [
              116.791011,
              23.241876
            ],
            [
              116.788203,
              23.237257
            ],
            [
              116.777907,
              23.2435
            ],
            [
              116.771241,
              23.268838
            ],
            [
              116.775251,
              23.27977
            ],
            [
              116.771505,
              23.283097
            ],
            [
              116.773123,
              23.291748
            ],
            [
              116.757224,
              23.305519
            ],
            [
              116.757929,
              23.31021
            ],
            [
              116.760395,
              23.315629
            ],
            [
              116.7558048,
              23.3178409
            ]
          ]
        ]
      }
    },
    {
      "type": "Feature",
      "properties": {
        "name": "诏安",
        "adcode": 350624,
        "parent": "漳州",
        "outer": true
      },
      "geometry": {
        "type": "Polygon",
        "coordinates": [
          [
            [
              117.3681175,
              23.7785203
            ],
            [
              117.3666266,
              23.7811319
            ],
            [
              117.365209,
              23.78074
            ],
            [
              117.3595977,
              23.7887391
            ],
            [
              117.3496606,
              23.7948666
            ],
            [
              117.3494796,
              23.7973221
            ],
            [
              117.3484883,
              23.8015318
            ],
            [
              117.3509924,
              23.80812
            ],
            [
              117.3520324,
              23.8137161
            ],
            [
              117.3537479,
              23.8171767
            ],
            [
              117.354981,
              23.8259052
            ],
            [
              117.3528593,
              23.8336993
            ],
            [
              117.3495609,
              23.8345659
            ],
            [
              117.3507536,
              23.8385331
            ],
            [
              117.3553619,
              23.8398472
            ],
            [
              117.3594344,
              23.8436154
            ],
            [
              117.3614672,
              23.8509306
            ],
            [
              117.3513615,
              23.8531378
            ],
            [
              117.3467825,
              23.8598071
            ],
            [
              117.3431071,
              23.8640077
            ],
            [
              117.3377466,
              23.8630264
            ],
            [
              117.33343,
              23.8582653
            ],
            [
              117.3226646,
              23.858657
            ],
            [
              117.318545,
              23.860946
            ],
            [
              117.3137561,
              23.8672165
            ],
            [
              117.3063406,
              23.8674819
            ],
            [
              117.3020001,
              23.8648244
            ],
            [
              117.2980153,
              23.865816
            ],
            [
              117.293958,
              23.8623845
            ],
            [
              117.285577,
              23.8572894
            ],
            [
              117.2870511,
              23.8535475
            ],
            [
              117.2850452,
              23.8527046
            ],
            [
              117.2835,
              23.8544152
            ],
            [
              117.2828651,
              23.8535855
            ],
            [
              117.2829736,
              23.8508832
            ],
            [
              117.2751124,
              23.8540318
            ],
            [
              117.2723623,
              23.8544919
            ],
            [
              117.2686669,
              23.8532702
            ],
            [
              117.2632289,
              23.8557279
            ],
            [
              117.2542395,
              23.8552811
            ],
            [
              117.2458425,
              23.8580084
            ],
            [
              117.2390113,
              23.8493048
            ],
            [
              117.2324227,
              23.855067
            ],
            [
              117.2274793,
              23.8619292
            ],
            [
              117.2227807,
              23.8642959
            ],
            [
              117.2215765,
              23.871362
            ],
            [
              117.2152451,
              23.8726581
            ],
            [
              117.2160246,
              23.8760081
            ],
            [
              117.2106132,
              23.8786525
            ],
            [
              117.2077086,
              23.8781397
            ],
            [
              117.2020141,
              23.8844531
            ],
            [
              117.2031449,
              23.8873318
            ],
            [
              117.1985861,
              23.8913355
            ],
            [
              117.2045549,
              23.8952421
            ],
            [
              117.2006084,
              23.9003751
            ],
            [
              117.1918798,
              23.901292
            ],
            [
              117.1912689,
              23.9086974
            ],
            [
              117.1891922,
              23.917215
            ],
            [
              117.1841802,
              23.920031
            ],
            [
              117.1797757,
              23.9189352
            ],
            [
              117.171339,
              23.9233119
            ],
            [
              117.1755525,
              23.925424
            ],
            [
              117.1705908,
              23.9289352
            ],
            [
              117.1713109,
              23.9305605
            ],
            [
              117.1628285,
              23.9346672
            ],
            [
              117.163676,
              23.941887
            ],
            [
              117.1535888,
              23.9503099
            ],
            [
              117.1539411,
              23.9530454
            ],
            [
              117.1477849,
              23.9565617
            ],
            [
              117.1483306,
              23.9602983
            ],
            [
              117.1504309,
              23.9684052
            ],
            [
              117.1552056,
              23.9681391
            ],
            [
              117.1564141,
              23.9750411
            ],
            [
              117.1532273,
              23.9824139
            ],
            [
              117.1541468,
              23.9843027
            ],
            [
              117.1462315,
              23.9855615
            ],
            [
              117.1470716,
              23.9907008
            ],
            [
              117.1536427,
              24.0045525
            ],
            [
              117.1364492,
              24.0173167
            ],
            [
              117.1452946,
              24.0244976
            ],
            [
              117.1396926,
              24.0390874
            ],
            [
              117.1362577,
              24.0378359
            ],
            [
              117.1333238,
              24.0399944
            ],
            [
              117.1293711,
              24.0397711
            ],
            [
              117.122675,
              24.043079
            ],
            [
              117.1180435,
              24.0506693
            ],
            [
              117.116613,
              24.0566328
            ],
            [
              117.110084,
              24.0668775
            ],
            [
              117.1067636,
              24.0744313
            ],
            [
              117.0998218,
              24.0791021
            ],
            [
              117.1007261,
              24.0854995
            ],
            [
              117.0989219,
              24.0831777
            ],
            [
              117.0917039,
              24.0835546
            ],
            [
              117.0869147,
              24.0884793
            ],
            [
              117.0833408,
              24.0899948
            ],
            [
              117.075685,
              24.1042242
            ],
            [
              117.0456793,
              24.1151945
            ],
            [
              117.0352273,
              24.1242738
            ],
            [
              117.0311035,
              24.1219049
            ],
            [
              117.0288397,
              24.1283461
            ],
            [
              117.0320749,
              24.1300624
            ],
            [
              117.0263177,
              24.1383731
            ],
            [
              117.0276446,
              24.140468
            ],
            [
              117.019451,
              24.1422306
            ],
            [
              117.0174108,
              24.1503326
            ],
            [
              117.010563,
              24.1521125
            ],
            [
              117.0083716,
              24.1565252
            ],
            [
              117.0033729,
              24.1550853
            ],
            [
              116.9981597,
              24.1606608
            ],
            [
              116.9979332,
              24.1636377
            ],
            [
              116.9934154,
              24.1632406
            ],
            [
              116.9901428,
              24.169488
            ],
            [
              116.9864456,
              24.172926
            ],
            [
              116.9857469,
              24.1711924
            ],
            [
              116.9840759,
              24.1692597
            ],
            [
              116.9807319,
              24.1675453
            ],
            [
              116.9765689,
              24.166634
            ],
            [
              116.9742046,
              24.1648869
            ],
            [
              116.9718898,
              24.1615473
            ],
            [
              116.9701887,
              24.1576732
            ],
            [
              116.9682917,
              24.1563561
            ],
            [
              116.9601799,
              24.1561999
            ],
            [
              116.9570222,
              24.1545143
            ],
            [
              116.9518556,
              24.148743
            ],
            [
              116.9506819,
              24.1478951
            ],
            [
              116.9478073,
              24.1463399
            ],
            [
              116.9458492,
              24.1428959
            ],
            [
              116.9444279,
              24.1397625
            ],
            [
              116.9424879,
              24.1377867
            ],
            [
              116.9406405,
              24.1374223
            ],
            [
              116.9368796,
              24.1366933
            ],
            [
              116.9359779,
              24.13574
            ],
            [
              116.9358392,
              24.1337709
            ],
            [
              116.9343966,
              24.1325589
            ],
            [
              116.9312074,
              24.1311044
            ],
            [
              116.9320869,
              24.1282035
            ],
            [
              116.9303163,
              24.1276326
            ],
            [
              116.9285496,
              24.1241949
            ],
            [
              116.9290952,
              24.1230812
            ],
            [
              116.9278324,
              24.1174607
            ],
            [
              116.926362,
              24.1123726
            ],
            [
              116.9231921,
              24.1072669
            ],
            [
              116.9220496,
              24.1035737
            ],
            [
              116.9220945,
              24.1014879
            ],
            [
              116.9226658,
              24.0992249
            ],
            [
              116.9249713,
              24.0942245
            ],
            [
              116.9238644,
              24.0881513
            ],
            [
              116.9242762,
              24.0820084
            ],
            [
              116.9254313,
              24.0739057
            ],
            [
              116.924812,
              24.0702571
            ],
            [
              116.9252425,
              24.0683679
            ],
            [
              116.9267084,
              24.0667617
            ],
            [
              116.9308377,
              24.0637502
            ],
            [
              116.931215,
              24.0623826
            ],
            [
              116.9314311,
              24.060875
            ],
            [
              116.9306807,
              24.0588731
            ],
            [
              116.9308372,
              24.0581289
            ],
            [
              116.9320695,
              24.0578868
            ],
            [
              116.9338586,
              24.0566065
            ],
            [
              116.9362241,
              24.0558833
            ],
            [
              116.9374776,
              24.0560461
            ],
            [
              116.9404094,
              24.0576524
            ],
            [
              116.9441103,
              24.0585658
            ],
            [
              116.9471038,
              24.0581431
            ],
            [
              116.9479062,
              24.0575513
            ],
            [
              116.947603,
              24.0547469
            ],
            [
              116.9478725,
              24.0535763
            ],
            [
              116.9477729,
              24.0494617
            ],
            [
              116.9468612,
              24.0477976
            ],
            [
              116.9462342,
              24.0448313
            ],
            [
              116.9473638,
              24.0421945
            ],
            [
              116.9473384,
              24.0403742
            ],
            [
              116.9437583,
              24.0388712
            ],
            [
              116.9393606,
              24.0381806
            ],
            [
              116.9375819,
              24.0385947
            ],
            [
              116.9359462,
              24.038031
            ],
            [
              116.9353758,
              24.0371432
            ],
            [
              116.9352518,
              24.0358326
            ],
            [
              116.9371142,
              24.0324567
            ],
            [
              116.9385522,
              24.0317207
            ],
            [
              116.940805,
              24.0320589
            ],
            [
              116.9446082,
              24.0286579
            ],
            [
              116.9452065,
              24.0271577
            ],
            [
              116.9506491,
              24.0229825
            ],
            [
              116.9536267,
              24.0187816
            ],
            [
              116.9573037,
              24.0147663
            ],
            [
              116.9593482,
              24.0146163
            ],
            [
              116.9611634,
              24.0130874
            ],
            [
              116.9650906,
              24.0102641
            ],
            [
              116.972226,
              24.0072807
            ],
            [
              116.9771124,
              24.0020565
            ],
            [
              116.9769724,
              23.9979553
            ],
            [
              116.9742816,
              23.9969587
            ],
            [
              116.970841,
              23.993495
            ],
            [
              116.9689714,
              23.9869195
            ],
            [
              116.9706441,
              23.981039
            ],
            [
              116.9704259,
              23.9778724
            ],
            [
              116.967472,
              23.9757011
            ],
            [
              116.9714602,
              23.9717408
            ],
            [
              116.9780397,
              23.9620107
            ],
            [
              116.9748034,
              23.9554102
            ],
            [
              116.975967,
              23.9508788
            ],
            [
              116.9755536,
              23.9437966
            ],
            [
              116.9722407,
              23.9389863
            ],
            [
              116.9719131,
              23.9342854
            ],
            [
              116.9688143,
              23.9297325
            ],
            [
              116.9642689,
              23.9273394
            ],
            [
              116.9640045,
              23.9267702
            ],
            [
              116.9633289,
              23.9260998
            ],
            [
              116.9628076,
              23.9264163
            ],
            [
              116.9605326,
              23.9254549
            ],
            [
              116.9586686,
              23.9254181
            ],
            [
              116.9576667,
              23.9252016
            ],
            [
              116.9569445,
              23.9254085
            ],
            [
              116.9566713,
              23.9252307
            ],
            [
              116.9563519,
              23.9253226
            ],
            [
              116.956273,
              23.9257175
            ],
            [
              116.9557029,
              23.9262941
            ],
            [
              116.9552432,
              23.9260881
            ],
            [
              116.9541694,
              23.926617
            ],
            [
              116.9534124,
              23.925419
            ],
            [
              116.9509426,
              23.9250233
            ],
            [
              116.9502156,
              23.923245
            ],
            [
              116.9503894,
              23.9216212
            ],
            [
              116.9517161,
              23.9195792
            ],
            [
              116.953048,
              23.9187815
            ],
            [
              116.9547406,
              23.9172554
            ],
            [
              116.9556872,
              23.9143804
            ],
            [
              116.956047,
              23.9106896
            ],
            [
              116.9553693,
              23.9081762
            ],
            [
              116.9543873,
              23.9075459
            ],
            [
              116.9533926,
              23.9060823
            ],
            [
              116.9535187,
              23.9050078
            ],
            [
              116.9542604,
              23.9034224
            ],
            [
              116.9581956,
              23.9014791
            ],
            [
              116.9624931,
              23.8996974
            ],
            [
              116.9663441,
              23.8987692
            ],
            [
              116.9676347,
              23.8981524
            ],
            [
              116.9683973,
              23.8975893
            ],
            [
              116.9701572,
              23.8941031
            ],
            [
              116.9693841,
              23.8922564
            ],
            [
              116.9685271,
              23.8909339
            ],
            [
              116.9688945,
              23.8891741
            ],
            [
              116.9700286,
              23.887769
            ],
            [
              116.9746521,
              23.8871734
            ],
            [
              116.9758427,
              23.8855411
            ],
            [
              116.9753443,
              23.8845701
            ],
            [
              116.9728761,
              23.8834424
            ],
            [
              116.9710745,
              23.8779646
            ],
            [
              116.9708702,
              23.8750227
            ],
            [
              116.9723791,
              23.8726213
            ],
            [
              116.960234,
              23.8735226
            ],
            [
              116.9572855,
              23.874437
            ],
            [
              116.9541103,
              23.8708428
            ],
            [
              116.9597854,
              23.8666416
            ],
            [
              116.9576115,
              23.864181
            ],
            [
              116.9604736,
              23.8611373
            ],
            [
              116.9626394,
              23.8607568
            ],
            [
              116.9651939,
              23.8597384
            ],
            [
              116.9670557,
              23.8589083
            ],
            [
              116.970033,
              23.8588122
            ],
            [
              116.9742515,
              23.8590738
            ],
            [
              116.9753802,
              23.8587685
            ],
            [
              116.9765238,
              23.8588905
            ],
            [
              116.9781715,
              23.8625051
            ],
            [
              116.9802292,
              23.8658289
            ],
            [
              116.9830773,
              23.865312
            ],
            [
              116.9846348,
              23.8653036
            ],
            [
              116.986316,
              23.8651348
            ],
            [
              116.9889867,
              23.8642335
            ],
            [
              116.9942942,
              23.8621243
            ],
            [
              116.9963009,
              23.8601633
            ],
            [
              116.9984628,
              23.859262
            ],
            [
              117.0023115,
              23.8585783
            ],
            [
              117.007436,
              23.8584225
            ],
            [
              117.0078811,
              23.856896
            ],
            [
              117.0081501,
              23.8516203
            ],
            [
              117.0107572,
              23.8494539
            ],
            [
              117.0130154,
              23.8496866
            ],
            [
              117.0129729,
              23.8482042
            ],
            [
              117.0138949,
              23.8454999
            ],
            [
              117.0163519,
              23.842902
            ],
            [
              117.0176236,
              23.8424367
            ],
            [
              117.0187283,
              23.8402663
            ],
            [
              117.0185741,
              23.8352581
            ],
            [
              117.019814,
              23.8343565
            ],
            [
              117.0196588,
              23.8322805
            ],
            [
              117.0211797,
              23.8299122
            ],
            [
              117.0263461,
              23.8323116
            ],
            [
              117.0292991,
              23.8298293
            ],
            [
              117.0282658,
              23.8285642
            ],
            [
              117.0287113,
              23.8270234
            ],
            [
              117.0273399,
              23.8264756
            ],
            [
              117.0271804,
              23.8254668
            ],
            [
              117.0278958,
              23.82344
            ],
            [
              117.0246584,
              23.8202027
            ],
            [
              117.0235893,
              23.8200947
            ],
            [
              117.0245282,
              23.8186797
            ],
            [
              117.0265312,
              23.8190869
            ],
            [
              117.0271862,
              23.8185524
            ],
            [
              117.0220521,
              23.8163943
            ],
            [
              117.0200361,
              23.8146123
            ],
            [
              117.0197818,
              23.8134343
            ],
            [
              117.0169044,
              23.8127072
            ],
            [
              117.0163893,
              23.8119913
            ],
            [
              117.0179949,
              23.8107551
            ],
            [
              117.0192723,
              23.8091525
            ],
            [
              117.0189465,
              23.8075771
            ],
            [
              117.0211123,
              23.8037126
            ],
            [
              117.0221216,
              23.8030312
            ],
            [
              117.0238544,
              23.7991478
            ],
            [
              117.0237153,
              23.7977519
            ],
            [
              117.0244266,
              23.7955586
            ],
            [
              117.0269452,
              23.7938911
            ],
            [
              117.0292212,
              23.7916318
            ],
            [
              117.0300771,
              23.7900749
            ],
            [
              117.0308402,
              23.7868602
            ],
            [
              117.0316044,
              23.7852575
            ],
            [
              117.0344943,
              23.7809313
            ],
            [
              117.0353646,
              23.7760218
            ],
            [
              117.0370597,
              23.7714845
            ],
            [
              117.0372979,
              23.7693191
            ],
            [
              117.0329143,
              23.7669109
            ],
            [
              117.0376766,
              23.767266
            ],
            [
              117.0377037,
              23.7662907
            ],
            [
              117.0390075,
              23.7645325
            ],
            [
              117.04091,
              23.7632245
            ],
            [
              117.0405588,
              23.7582016
            ],
            [
              117.0399176,
              23.7548788
            ],
            [
              117.0425688,
              23.7523378
            ],
            [
              117.0445182,
              23.7480888
            ],
            [
              117.0443909,
              23.7464221
            ],
            [
              117.0464902,
              23.7425356
            ],
            [
              117.0481801,
              23.7416211
            ],
            [
              117.0483961,
              23.7409986
            ],
            [
              117.0479922,
              23.7401727
            ],
            [
              117.0483262,
              23.7397808
            ],
            [
              117.0483219,
              23.7380613
            ],
            [
              117.0472271,
              23.7368797
            ],
            [
              117.045837,
              23.7359958
            ],
            [
              117.0454003,
              23.7353989
            ],
            [
              117.0450072,
              23.7342068
            ],
            [
              117.0450138,
              23.733277
            ],
            [
              117.0452045,
              23.7321565
            ],
            [
              117.0458421,
              23.731187
            ],
            [
              117.0460586,
              23.7302379
            ],
            [
              117.0460692,
              23.7296586
            ],
            [
              117.0446352,
              23.7275503
            ],
            [
              117.0444399,
              23.726567
            ],
            [
              117.0450992,
              23.7240682
            ],
            [
              117.0465302,
              23.721642
            ],
            [
              117.0473574,
              23.7207013
            ],
            [
              117.0473853,
              23.7187811
            ],
            [
              117.046168,
              23.7157336
            ],
            [
              117.0467679,
              23.7136353
            ],
            [
              117.0490948,
              23.7109923
            ],
            [
              117.048085,
              23.7080407
            ],
            [
              117.047904,
              23.7053749
            ],
            [
              117.0483351,
              23.7027616
            ],
            [
              117.0483416,
              23.7007826
            ],
            [
              117.0490132,
              23.699119
            ],
            [
              117.0506532,
              23.6966431
            ],
            [
              117.0529681,
              23.6947696
            ],
            [
              117.055516,
              23.6936058
            ],
            [
              117.058134,
              23.6929276
            ],
            [
              117.0594306,
              23.6919233
            ],
            [
              117.0616678,
              23.6912159
            ],
            [
              117.0625218,
              23.6913882
            ],
            [
              117.0635834,
              23.692019
            ],
            [
              117.0646553,
              23.6929989
            ],
            [
              117.0660559,
              23.6937574
            ],
            [
              117.0675675,
              23.6937064
            ],
            [
              117.0691694,
              23.6933276
            ],
            [
              117.0715197,
              23.690335
            ],
            [
              117.0720743,
              23.6881552
            ],
            [
              117.0748044,
              23.682884
            ],
            [
              117.0806836,
              23.6763717
            ],
            [
              117.0825314,
              23.6723745
            ],
            [
              117.0836291,
              23.6714778
            ],
            [
              117.0846363,
              23.6686688
            ],
            [
              117.0854013,
              23.668157
            ],
            [
              117.0859159,
              23.6665079
            ],
            [
              117.088051,
              23.6683407
            ],
            [
              117.0881997,
              23.6696987
            ],
            [
              117.0879609,
              23.6720369
            ],
            [
              117.0902482,
              23.6714406
            ],
            [
              117.0907825,
              23.6698351
            ],
            [
              117.0921584,
              23.6676169
            ],
            [
              117.0957983,
              23.6677939
            ],
            [
              117.0961174,
              23.6665969
            ],
            [
              117.101386,
              23.6681736
            ],
            [
              117.1038998,
              23.6667943
            ],
            [
              117.1037321,
              23.6654534
            ],
            [
              117.102804,
              23.66345
            ],
            [
              117.1071527,
              23.6584294
            ],
            [
              117.1091093,
              23.658721
            ],
            [
              117.1116945,
              23.6574019
            ],
            [
              117.1131138,
              23.6573609
            ],
            [
              117.1156233,
              23.6562388
            ],
            [
              117.1176882,
              23.652196
            ],
            [
              117.1177965,
              23.6509802
            ],
            [
              117.1184692,
              23.6478362
            ],
            [
              117.1180222,
              23.6470232
            ],
            [
              117.1187263,
              23.6471972
            ],
            [
              117.120644,
              23.6488792
            ],
            [
              117.1219962,
              23.6488485
            ],
            [
              117.1238153,
              23.6507083
            ],
            [
              117.1254245,
              23.6538715
            ],
            [
              117.1309244,
              23.6538631
            ],
            [
              117.1318088,
              23.6540122
            ],
            [
              117.1327523,
              23.6554188
            ],
            [
              117.1339937,
              23.6556683
            ],
            [
              117.1351361,
              23.6556138
            ],
            [
              117.1356001,
              23.6551102
            ],
            [
              117.1361666,
              23.6531748
            ],
            [
              117.1369073,
              23.6530902
            ],
            [
              117.1376234,
              23.6541976
            ],
            [
              117.1392157,
              23.6545902
            ],
            [
              117.1415232,
              23.6564239
            ],
            [
              117.1425337,
              23.6561995
            ],
            [
              117.1451151,
              23.6523554
            ],
            [
              117.1471374,
              23.6501423
            ],
            [
              117.149149,
              23.6471438
            ],
            [
              117.1523058,
              23.6433504
            ],
            [
              117.1551791,
              23.6418046
            ],
            [
              117.1587698,
              23.640396
            ],
            [
              117.1594144,
              23.6411864
            ],
            [
              117.1621092,
              23.6418877
            ],
            [
              117.1629711,
              23.6408734
            ],
            [
              117.1642619,
              23.6414296
            ],
            [
              117.1648616,
              23.6412683
            ],
            [
              117.1695455,
              23.6429195
            ],
            [
              117.1694576,
              23.6421117
            ],
            [
              117.1708747,
              23.6397939
            ],
            [
              117.1735335,
              23.6375603
            ],
            [
              117.1753981,
              23.6387245
            ],
            [
              117.1763474,
              23.6385001
            ],
            [
              117.1788478,
              23.6349986
            ],
            [
              117.1817223,
              23.6358121
            ],
            [
              117.1824573,
              23.6355456
            ],
            [
              117.182197,
              23.6348022
            ],
            [
              117.1828528,
              23.632248
            ],
            [
              117.1862825,
              23.6318412
            ],
            [
              117.1866365,
              23.6307837
            ],
            [
              117.1863402,
              23.6255538
            ],
            [
              117.1875046,
              23.6219264
            ],
            [
              117.1895918,
              23.6195029
            ],
            [
              117.226233,
              23.625077
            ],
            [
              117.223295,
              23.641789
            ],
            [
              117.22061,
              23.642228
            ],
            [
              117.22272,
              23.648202
            ],
            [
              117.213513,
              23.656196
            ],
            [
              117.217349,
              23.656723
            ],
            [
              117.217733,
              23.661554
            ],
            [
              117.229721,
              23.660763
            ],
            [
              117.232598,
              23.674905
            ],
            [
              117.235571,
              23.676398
            ],
            [
              117.237872,
              23.674202
            ],
            [
              117.245654,
              23.676071
            ],
            [
              117.246908,
              23.672545
            ],
            [
              117.237268,
              23.655363
            ],
            [
              117.237731,
              23.652575
            ],
            [
              117.243289,
              23.655484
            ],
            [
              117.2419,
              23.649726
            ],
            [
              117.236488,
              23.647796
            ],
            [
              117.228385,
              23.628705
            ],
            [
              117.231751,
              23.614842
            ],
            [
              117.229541,
              23.606741
            ],
            [
              117.232019,
              23.601033
            ],
            [
              117.239721,
              23.605821
            ],
            [
              117.244343,
              23.604777
            ],
            [
              117.253184,
              23.612919
            ],
            [
              117.255964,
              23.624638
            ],
            [
              117.278838,
              23.62773
            ],
            [
              117.283004,
              23.635365
            ],
            [
              117.28005,
              23.642073
            ],
            [
              117.27272,
              23.644617
            ],
            [
              117.276269,
              23.646314
            ],
            [
              117.270329,
              23.649353
            ],
            [
              117.264117,
              23.663292
            ],
            [
              117.268876,
              23.677326
            ],
            [
              117.278631,
              23.675274
            ],
            [
              117.281044,
              23.679104
            ],
            [
              117.268497,
              23.718577
            ],
            [
              117.272249,
              23.722668
            ],
            [
              117.274718,
              23.73542
            ],
            [
              117.314541,
              23.746851
            ],
            [
              117.311715,
              23.757169
            ],
            [
              117.304779,
              23.761268
            ],
            [
              117.294154,
              23.776937
            ],
            [
              117.305393,
              23.789793
            ],
            [
              117.299412,
              23.776664
            ],
            [
              117.308366,
              23.762005
            ],
            [
              117.318529,
              23.759661
            ],
            [
              117.318432,
              23.756573
            ],
            [
              117.325235,
              23.751247
            ],
            [
              117.345064,
              23.753992
            ],
            [
              117.346416,
              23.758153
            ],
            [
              117.348883,
              23.756922
            ],
            [
              117.359868,
              23.766292
            ],
            [
              117.360615,
              23.771353
            ],
            [
              117.3681175,
              23.7785203
            ]
          ]
        ]
      }
    },
    {
      "type": "Feature",
      "properties": {
        "name": "金平",
        "adcode": 440511,
        "parent": "汕头",
        "outer": false
      },
      "geometry": {
        "type": "Polygon",
        "coordinates": [
          [
            [
              116.5804463,
              23.3834243
            ],
            [
              116.594816,
              23.3739143
            ],
            [
              116.608904,
              23.364804
            ],
            [
              116.613871,
              23.3639267
            ],
            [
              116.6236525,
              23.3568077
            ],
            [
              116.6440085,
              23.3510636
            ],
            [
              116.6538781,
              23.3495265
            ],
            [
              116.6595784,
              23.3498028
            ],
            [
              116.6776668,
              23.3533924
            ],
            [
              116.6826524,
              23.3537418
            ],
            [
              116.6947454,
              23.3538248
            ],
            [
              116.7141482,
              23.3549993
            ],
            [
              116.7140606,
              23.3592161
            ],
            [
              116.7115712,
              23.3591678
            ],
            [
              116.7114693,
              23.3674046
            ],
            [
              116.7114041,
              23.3691902
            ],
            [
              116.7091829,
              23.3762197
            ],
            [
              116.7085687,
              23.3794011
            ],
            [
              116.7041866,
              23.3847775
            ],
            [
              116.7106095,
              23.3862502
            ],
            [
              116.7082892,
              23.3891087
            ],
            [
              116.7109293,
              23.3897261
            ],
            [
              116.7105086,
              23.391275
            ],
            [
              116.7127757,
              23.3917779
            ],
            [
              116.7133142,
              23.3926985
            ],
            [
              116.7168594,
              23.3906911
            ],
            [
              116.7171157,
              23.390401
            ],
            [
              116.7173188,
              23.389634
            ],
            [
              116.7184709,
              23.3899656
            ],
            [
              116.7188526,
              23.390316
            ],
            [
              116.7220158,
              23.3986638
            ],
            [
              116.7208404,
              23.4012063
            ],
            [
              116.7190698,
              23.3993698
            ],
            [
              116.716746,
              23.3962782
            ],
            [
              116.7153097,
              23.3991
            ],
            [
              116.7139237,
              23.4018399
            ],
            [
              116.7130812,
              23.4036281
            ],
            [
              116.7110919,
              23.4055438
            ],
            [
              116.7093742,
              23.4074636
            ],
            [
              116.7052988,
              23.4063026
            ],
            [
              116.7014596,
              23.4023934
            ],
            [
              116.7003391,
              23.3994229
            ],
            [
              116.6961214,
              23.4007023
            ],
            [
              116.6947702,
              23.4011939
            ],
            [
              116.6953236,
              23.4027101
            ],
            [
              116.69613,
              23.4062778
            ],
            [
              116.697668,
              23.4091058
            ],
            [
              116.6983181,
              23.4115966
            ],
            [
              116.6981561,
              23.4139999
            ],
            [
              116.6968718,
              23.4179111
            ],
            [
              116.6946932,
              23.4218091
            ],
            [
              116.6939039,
              23.4243777
            ],
            [
              116.6943747,
              23.4262491
            ],
            [
              116.6957936,
              23.4294063
            ],
            [
              116.6967724,
              23.4330764
            ],
            [
              116.6970862,
              23.4403398
            ],
            [
              116.693374,
              23.4383843
            ],
            [
              116.691967,
              23.4364682
            ],
            [
              116.6886941,
              23.4352008
            ],
            [
              116.6856726,
              23.4344093
            ],
            [
              116.6836288,
              23.4336128
            ],
            [
              116.6822043,
              23.4321518
            ],
            [
              116.6813904,
              23.4323509
            ],
            [
              116.6807212,
              23.4344585
            ],
            [
              116.6792729,
              23.4368705
            ],
            [
              116.6788838,
              23.4394929
            ],
            [
              116.6772497,
              23.4412738
            ],
            [
              116.6753243,
              23.4407779
            ],
            [
              116.6733025,
              23.4385741
            ],
            [
              116.6724406,
              23.4380428
            ],
            [
              116.6702711,
              23.4401983
            ],
            [
              116.6691067,
              23.4390659
            ],
            [
              116.6682703,
              23.4376377
            ],
            [
              116.6700318,
              23.4363521
            ],
            [
              116.6677074,
              23.4345704
            ],
            [
              116.6658958,
              23.4353566
            ],
            [
              116.6639405,
              23.4321332
            ],
            [
              116.6638409,
              23.4309795
            ],
            [
              116.660418,
              23.4303183
            ],
            [
              116.6581529,
              23.4306039
            ],
            [
              116.6501624,
              23.4338216
            ],
            [
              116.6489214,
              23.4328849
            ],
            [
              116.6471165,
              23.4309986
            ],
            [
              116.6458292,
              23.4288826
            ],
            [
              116.644368,
              23.4289193
            ],
            [
              116.6425222,
              23.4299143
            ],
            [
              116.6384587,
              23.4306306
            ],
            [
              116.636208,
              23.4314388
            ],
            [
              116.6337884,
              23.4275439
            ],
            [
              116.6312274,
              23.4293303
            ],
            [
              116.6300141,
              23.429227
            ],
            [
              116.6287763,
              23.429339
            ],
            [
              116.6272723,
              23.4302105
            ],
            [
              116.6257327,
              23.4321435
            ],
            [
              116.624601,
              23.4323714
            ],
            [
              116.6235639,
              23.432019
            ],
            [
              116.6223102,
              23.4313008
            ],
            [
              116.6199212,
              23.4315488
            ],
            [
              116.6176227,
              23.434369
            ],
            [
              116.6164583,
              23.4352252
            ],
            [
              116.6142623,
              23.4356538
            ],
            [
              116.6115204,
              23.4353133
            ],
            [
              116.6096624,
              23.4360354
            ],
            [
              116.6090966,
              23.4377507
            ],
            [
              116.60754,
              23.4390317
            ],
            [
              116.6048653,
              23.4401372
            ],
            [
              116.6027804,
              23.4422133
            ],
            [
              116.6020598,
              23.4448212
            ],
            [
              116.6011055,
              23.445776
            ],
            [
              116.5999147,
              23.4462904
            ],
            [
              116.5980199,
              23.4473561
            ],
            [
              116.595986,
              23.4489287
            ],
            [
              116.5933132,
              23.4498153
            ],
            [
              116.591925,
              23.4514247
            ],
            [
              116.59035,
              23.453971
            ],
            [
              116.5892661,
              23.4547159
            ],
            [
              116.5877558,
              23.4551468
            ],
            [
              116.5855752,
              23.4560184
            ],
            [
              116.5846203,
              23.4579534
            ],
            [
              116.5842836,
              23.4594959
            ],
            [
              116.5843329,
              23.4616056
            ],
            [
              116.5837283,
              23.4648154
            ],
            [
              116.5799662,
              23.4675117
            ],
            [
              116.5781214,
              23.4666465
            ],
            [
              116.5759045,
              23.4638842
            ],
            [
              116.57554,
              23.4604854
            ],
            [
              116.5751969,
              23.4599891
            ],
            [
              116.5746978,
              23.4582184
            ],
            [
              116.5755227,
              23.4507387
            ],
            [
              116.5785733,
              23.4479368
            ],
            [
              116.5799572,
              23.44838
            ],
            [
              116.5814095,
              23.4490946
            ],
            [
              116.5841849,
              23.4473814
            ],
            [
              116.5851748,
              23.4461829
            ],
            [
              116.5849817,
              23.4445076
            ],
            [
              116.5849478,
              23.4408159
            ],
            [
              116.5859021,
              23.4402804
            ],
            [
              116.5861189,
              23.4384906
            ],
            [
              116.5857343,
              23.4371683
            ],
            [
              116.585951,
              23.4360373
            ],
            [
              116.5868339,
              23.4338861
            ],
            [
              116.5868513,
              23.431784
            ],
            [
              116.5870708,
              23.4309569
            ],
            [
              116.5868127,
              23.4290604
            ],
            [
              116.5856995,
              23.4282095
            ],
            [
              116.5841538,
              23.4275819
            ],
            [
              116.5829868,
              23.4258867
            ],
            [
              116.5811241,
              23.4250627
            ],
            [
              116.5794764,
              23.4257134
            ],
            [
              116.5776328,
              23.4259665
            ],
            [
              116.575139,
              23.422024
            ],
            [
              116.5738555,
              23.4190826
            ],
            [
              116.5736729,
              23.4175763
            ],
            [
              116.5724675,
              23.4146092
            ],
            [
              116.5820481,
              23.4123527
            ],
            [
              116.5798294,
              23.4083289
            ],
            [
              116.5707312,
              23.4106692
            ],
            [
              116.5710307,
              23.4073958
            ],
            [
              116.5737749,
              23.4062659
            ],
            [
              116.5661677,
              23.3939898
            ],
            [
              116.5804463,
              23.3834243
            ]
          ]
        ]
      }
    },
    {
      "type": "Feature",
      "properties": {
        "name": "饶平",
        "adcode": 445122,
        "parent": "潮州",
        "outer": false
      },
      "geometry": {
        "type": "MultiPolygon",
        "coordinates": [
          [
            [
              [
                117.1875046,
                23.6219264
              ],
              [
                117.1863402,
                23.6255538
              ],
              [
                117.1866365,
                23.6307837
              ],
              [
                117.1862825,
                23.6318412
              ],
              [
                117.1828528,
                23.632248
              ],
              [
                117.182197,
                23.6348022
              ],
              [
                117.1824573,
                23.6355456
              ],
              [
                117.1817223,
                23.6358121
              ],
              [
                117.1788478,
                23.6349986
              ],
              [
                117.1763474,
                23.6385001
              ],
              [
                117.1753981,
                23.6387245
              ],
              [
                117.1735335,
                23.6375603
              ],
              [
                117.1708747,
                23.6397939
              ],
              [
                117.1694576,
                23.6421117
              ],
              [
                117.1695455,
                23.6429195
              ],
              [
                117.1648616,
                23.6412683
              ],
              [
                117.1642619,
                23.6414296
              ],
              [
                117.1629711,
                23.6408734
              ],
              [
                117.1621092,
                23.6418877
              ],
              [
                117.1594144,
                23.6411864
              ],
              [
                117.1587698,
                23.640396
              ],
              [
                117.1551791,
                23.6418046
              ],
              [
                117.1523058,
                23.6433504
              ],
              [
                117.149149,
                23.6471438
              ],
              [
                117.1471374,
                23.6501423
              ],
              [
                117.1451151,
                23.6523554
              ],
              [
                117.1425337,
                23.6561995
              ],
              [
                117.1415232,
                23.6564239
              ],
              [
                117.1392157,
                23.6545902
              ],
              [
                117.1376234,
                23.6541976
              ],
              [
                117.1369073,
                23.6530902
              ],
              [
                117.1361666,
                23.6531748
              ],
              [
                117.1356001,
                23.6551102
              ],
              [
                117.1351361,
                23.6556138
              ],
              [
                117.1339937,
                23.6556683
              ],
              [
                117.1327523,
                23.6554188
              ],
              [
                117.1318088,
                23.6540122
              ],
              [
                117.1309244,
                23.6538631
              ],
              [
                117.1254245,
                23.6538715
              ],
              [
                117.1238153,
                23.6507083
              ],
              [
                117.1219962,
                23.6488485
              ],
              [
                117.120644,
                23.6488792
              ],
              [
                117.1187263,
                23.6471972
              ],
              [
                117.1180222,
                23.6470232
              ],
              [
                117.1184692,
                23.6478362
              ],
              [
                117.1177965,
                23.6509802
              ],
              [
                117.1176882,
                23.652196
              ],
              [
                117.1156233,
                23.6562388
              ],
              [
                117.1131138,
                23.6573609
              ],
              [
                117.1116945,
                23.6574019
              ],
              [
                117.1091093,
                23.658721
              ],
              [
                117.1071527,
                23.6584294
              ],
              [
                117.102804,
                23.66345
              ],
              [
                117.1037321,
                23.6654534
              ],
              [
                117.1038998,
                23.6667943
              ],
              [
                117.101386,
                23.6681736
              ],
              [
                117.0961174,
                23.6665969
              ],
              [
                117.0957983,
                23.6677939
              ],
              [
                117.0921584,
                23.6676169
              ],
              [
                117.0907825,
                23.6698351
              ],
              [
                117.0902482,
                23.6714406
              ],
              [
                117.0879609,
                23.6720369
              ],
              [
                117.0881997,
                23.6696987
              ],
              [
                117.088051,
                23.6683407
              ],
              [
                117.0859159,
                23.6665079
              ],
              [
                117.0854013,
                23.668157
              ],
              [
                117.0846363,
                23.6686688
              ],
              [
                117.0836291,
                23.6714778
              ],
              [
                117.0825314,
                23.6723745
              ],
              [
                117.0806836,
                23.6763717
              ],
              [
                117.0748044,
                23.682884
              ],
              [
                117.0720743,
                23.6881552
              ],
              [
                117.0715197,
                23.690335
              ],
              [
                117.0691694,
                23.6933276
              ],
              [
                117.0675675,
                23.6937064
              ],
              [
                117.0660559,
                23.6937574
              ],
              [
                117.0646553,
                23.6929989
              ],
              [
                117.0635834,
                23.692019
              ],
              [
                117.0625218,
                23.6913882
              ],
              [
                117.0616678,
                23.6912159
              ],
              [
                117.0594306,
                23.6919233
              ],
              [
                117.058134,
                23.6929276
              ],
              [
                117.055516,
                23.6936058
              ],
              [
                117.0529681,
                23.6947696
              ],
              [
                117.0506532,
                23.6966431
              ],
              [
                117.0490132,
                23.699119
              ],
              [
                117.0483416,
                23.7007826
              ],
              [
                117.0483351,
                23.7027616
              ],
              [
                117.047904,
                23.7053749
              ],
              [
                117.048085,
                23.7080407
              ],
              [
                117.0490948,
                23.7109923
              ],
              [
                117.0467679,
                23.7136353
              ],
              [
                117.046168,
                23.7157336
              ],
              [
                117.0473853,
                23.7187811
              ],
              [
                117.0473574,
                23.7207013
              ],
              [
                117.0465302,
                23.721642
              ],
              [
                117.0450992,
                23.7240682
              ],
              [
                117.0444399,
                23.726567
              ],
              [
                117.0446352,
                23.7275503
              ],
              [
                117.0460692,
                23.7296586
              ],
              [
                117.0460586,
                23.7302379
              ],
              [
                117.0458421,
                23.731187
              ],
              [
                117.0452045,
                23.7321565
              ],
              [
                117.0450138,
                23.733277
              ],
              [
                117.0450072,
                23.7342068
              ],
              [
                117.0454003,
                23.7353989
              ],
              [
                117.045837,
                23.7359958
              ],
              [
                117.0472271,
                23.7368797
              ],
              [
                117.0483219,
                23.7380613
              ],
              [
                117.0483262,
                23.7397808
              ],
              [
                117.0479922,
                23.7401727
              ],
              [
                117.0483961,
                23.7409986
              ],
              [
                117.0481801,
                23.7416211
              ],
              [
                117.0464902,
                23.7425356
              ],
              [
                117.0443909,
                23.7464221
              ],
              [
                117.0445182,
                23.7480888
              ],
              [
                117.0425688,
                23.7523378
              ],
              [
                117.0399176,
                23.7548788
              ],
              [
                117.0405588,
                23.7582016
              ],
              [
                117.04091,
                23.7632245
              ],
              [
                117.0390075,
                23.7645325
              ],
              [
                117.0377037,
                23.7662907
              ],
              [
                117.0376766,
                23.767266
              ],
              [
                117.0329143,
                23.7669109
              ],
              [
                117.0372979,
                23.7693191
              ],
              [
                117.0370597,
                23.7714845
              ],
              [
                117.0353646,
                23.7760218
              ],
              [
                117.0344943,
                23.7809313
              ],
              [
                117.0316044,
                23.7852575
              ],
              [
                117.0308402,
                23.7868602
              ],
              [
                117.0300771,
                23.7900749
              ],
              [
                117.0292212,
                23.7916318
              ],
              [
                117.0269452,
                23.7938911
              ],
              [
                117.0244266,
                23.7955586
              ],
              [
                117.0237153,
                23.7977519
              ],
              [
                117.0238544,
                23.7991478
              ],
              [
                117.0221216,
                23.8030312
              ],
              [
                117.0211123,
                23.8037126
              ],
              [
                117.0189465,
                23.8075771
              ],
              [
                117.0192723,
                23.8091525
              ],
              [
                117.0179949,
                23.8107551
              ],
              [
                117.0163893,
                23.8119913
              ],
              [
                117.0169044,
                23.8127072
              ],
              [
                117.0197818,
                23.8134343
              ],
              [
                117.0200361,
                23.8146123
              ],
              [
                117.0220521,
                23.8163943
              ],
              [
                117.0271862,
                23.8185524
              ],
              [
                117.0265312,
                23.8190869
              ],
              [
                117.0245282,
                23.8186797
              ],
              [
                117.0235893,
                23.8200947
              ],
              [
                117.0246584,
                23.8202027
              ],
              [
                117.0278958,
                23.82344
              ],
              [
                117.0271804,
                23.8254668
              ],
              [
                117.0273399,
                23.8264756
              ],
              [
                117.0287113,
                23.8270234
              ],
              [
                117.0282658,
                23.8285642
              ],
              [
                117.0292991,
                23.8298293
              ],
              [
                117.0263461,
                23.8323116
              ],
              [
                117.0211797,
                23.8299122
              ],
              [
                117.0196588,
                23.8322805
              ],
              [
                117.019814,
                23.8343565
              ],
              [
                117.0185741,
                23.8352581
              ],
              [
                117.0187283,
                23.8402663
              ],
              [
                117.0176236,
                23.8424367
              ],
              [
                117.0163519,
                23.842902
              ],
              [
                117.0138949,
                23.8454999
              ],
              [
                117.0129729,
                23.8482042
              ],
              [
                117.0130154,
                23.8496866
              ],
              [
                117.0107572,
                23.8494539
              ],
              [
                117.0081501,
                23.8516203
              ],
              [
                117.0078811,
                23.856896
              ],
              [
                117.007436,
                23.8584225
              ],
              [
                117.0023115,
                23.8585783
              ],
              [
                116.9984628,
                23.859262
              ],
              [
                116.9963009,
                23.8601633
              ],
              [
                116.9942942,
                23.8621243
              ],
              [
                116.9889867,
                23.8642335
              ],
              [
                116.986316,
                23.8651348
              ],
              [
                116.9846348,
                23.8653036
              ],
              [
                116.9830773,
                23.865312
              ],
              [
                116.9802292,
                23.8658289
              ],
              [
                116.9781715,
                23.8625051
              ],
              [
                116.9765238,
                23.8588905
              ],
              [
                116.9753802,
                23.8587685
              ],
              [
                116.9742515,
                23.8590738
              ],
              [
                116.970033,
                23.8588122
              ],
              [
                116.9670557,
                23.8589083
              ],
              [
                116.9651939,
                23.8597384
              ],
              [
                116.9626394,
                23.8607568
              ],
              [
                116.9604736,
                23.8611373
              ],
              [
                116.9576115,
                23.864181
              ],
              [
                116.9597854,
                23.8666416
              ],
              [
                116.9541103,
                23.8708428
              ],
              [
                116.9572855,
                23.874437
              ],
              [
                116.960234,
                23.8735226
              ],
              [
                116.9723791,
                23.8726213
              ],
              [
                116.9708702,
                23.8750227
              ],
              [
                116.9710745,
                23.8779646
              ],
              [
                116.9728761,
                23.8834424
              ],
              [
                116.9753443,
                23.8845701
              ],
              [
                116.9758427,
                23.8855411
              ],
              [
                116.9746521,
                23.8871734
              ],
              [
                116.9700286,
                23.887769
              ],
              [
                116.9688945,
                23.8891741
              ],
              [
                116.9685271,
                23.8909339
              ],
              [
                116.9693841,
                23.8922564
              ],
              [
                116.9701572,
                23.8941031
              ],
              [
                116.9683973,
                23.8975893
              ],
              [
                116.9676347,
                23.8981524
              ],
              [
                116.9663441,
                23.8987692
              ],
              [
                116.9624931,
                23.8996974
              ],
              [
                116.9581956,
                23.9014791
              ],
              [
                116.9542604,
                23.9034224
              ],
              [
                116.9535187,
                23.9050078
              ],
              [
                116.9533926,
                23.9060823
              ],
              [
                116.9543873,
                23.9075459
              ],
              [
                116.9553693,
                23.9081762
              ],
              [
                116.956047,
                23.9106896
              ],
              [
                116.9556872,
                23.9143804
              ],
              [
                116.9547406,
                23.9172554
              ],
              [
                116.953048,
                23.9187815
              ],
              [
                116.9517161,
                23.9195792
              ],
              [
                116.9503894,
                23.9216212
              ],
              [
                116.9502156,
                23.923245
              ],
              [
                116.9509426,
                23.9250233
              ],
              [
                116.9534124,
                23.925419
              ],
              [
                116.9541694,
                23.926617
              ],
              [
                116.9552432,
                23.9260881
              ],
              [
                116.9557029,
                23.9262941
              ],
              [
                116.956273,
                23.9257175
              ],
              [
                116.9563519,
                23.9253226
              ],
              [
                116.9566713,
                23.9252307
              ],
              [
                116.9569445,
                23.9254085
              ],
              [
                116.9576667,
                23.9252016
              ],
              [
                116.9586686,
                23.9254181
              ],
              [
                116.9605326,
                23.9254549
              ],
              [
                116.9628076,
                23.9264163
              ],
              [
                116.9633289,
                23.9260998
              ],
              [
                116.9640045,
                23.9267702
              ],
              [
                116.9642689,
                23.9273394
              ],
              [
                116.9688143,
                23.9297325
              ],
              [
                116.9719131,
                23.9342854
              ],
              [
                116.9722407,
                23.9389863
              ],
              [
                116.9755536,
                23.9437966
              ],
              [
                116.975967,
                23.9508788
              ],
              [
                116.9748034,
                23.9554102
              ],
              [
                116.9780397,
                23.9620107
              ],
              [
                116.9714602,
                23.9717408
              ],
              [
                116.967472,
                23.9757011
              ],
              [
                116.9704259,
                23.9778724
              ],
              [
                116.9706441,
                23.981039
              ],
              [
                116.9689714,
                23.9869195
              ],
              [
                116.970841,
                23.993495
              ],
              [
                116.9742816,
                23.9969587
              ],
              [
                116.9769724,
                23.9979553
              ],
              [
                116.9771124,
                24.0020565
              ],
              [
                116.972226,
                24.0072807
              ],
              [
                116.9650906,
                24.0102641
              ],
              [
                116.9611634,
                24.0130874
              ],
              [
                116.9593482,
                24.0146163
              ],
              [
                116.9573037,
                24.0147663
              ],
              [
                116.9536267,
                24.0187816
              ],
              [
                116.9506491,
                24.0229825
              ],
              [
                116.9452065,
                24.0271577
              ],
              [
                116.9446082,
                24.0286579
              ],
              [
                116.940805,
                24.0320589
              ],
              [
                116.9385522,
                24.0317207
              ],
              [
                116.9371142,
                24.0324567
              ],
              [
                116.9352518,
                24.0358326
              ],
              [
                116.9353758,
                24.0371432
              ],
              [
                116.9359462,
                24.038031
              ],
              [
                116.9375819,
                24.0385947
              ],
              [
                116.9393606,
                24.0381806
              ],
              [
                116.9437583,
                24.0388712
              ],
              [
                116.9473384,
                24.0403742
              ],
              [
                116.9473638,
                24.0421945
              ],
              [
                116.9462342,
                24.0448313
              ],
              [
                116.9468612,
                24.0477976
              ],
              [
                116.9477729,
                24.0494617
              ],
              [
                116.9478725,
                24.0535763
              ],
              [
                116.947603,
                24.0547469
              ],
              [
                116.9479062,
                24.0575513
              ],
              [
                116.9471038,
                24.0581431
              ],
              [
                116.9441103,
                24.0585658
              ],
              [
                116.9404094,
                24.0576524
              ],
              [
                116.9374776,
                24.0560461
              ],
              [
                116.9362241,
                24.0558833
              ],
              [
                116.9338586,
                24.0566065
              ],
              [
                116.9320695,
                24.0578868
              ],
              [
                116.9308372,
                24.0581289
              ],
              [
                116.9306807,
                24.0588731
              ],
              [
                116.9314311,
                24.060875
              ],
              [
                116.931215,
                24.0623826
              ],
              [
                116.9308377,
                24.0637502
              ],
              [
                116.9267084,
                24.0667617
              ],
              [
                116.9252425,
                24.0683679
              ],
              [
                116.924812,
                24.0702571
              ],
              [
                116.9254313,
                24.0739057
              ],
              [
                116.9242762,
                24.0820084
              ],
              [
                116.9238644,
                24.0881513
              ],
              [
                116.9249713,
                24.0942245
              ],
              [
                116.9226658,
                24.0992249
              ],
              [
                116.9220945,
                24.1014879
              ],
              [
                116.9220496,
                24.1035737
              ],
              [
                116.9231921,
                24.1072669
              ],
              [
                116.926362,
                24.1123726
              ],
              [
                116.9278324,
                24.1174607
              ],
              [
                116.9290952,
                24.1230812
              ],
              [
                116.9285496,
                24.1241949
              ],
              [
                116.9303163,
                24.1276326
              ],
              [
                116.9320869,
                24.1282035
              ],
              [
                116.9312074,
                24.1311044
              ],
              [
                116.9343966,
                24.1325589
              ],
              [
                116.9358392,
                24.1337709
              ],
              [
                116.9359779,
                24.13574
              ],
              [
                116.9368796,
                24.1366933
              ],
              [
                116.9406405,
                24.1374223
              ],
              [
                116.9424879,
                24.1377867
              ],
              [
                116.9444279,
                24.1397625
              ],
              [
                116.9458492,
                24.1428959
              ],
              [
                116.9478073,
                24.1463399
              ],
              [
                116.9506819,
                24.1478951
              ],
              [
                116.9518556,
                24.148743
              ],
              [
                116.9570222,
                24.1545143
              ],
              [
                116.9601799,
                24.1561999
              ],
              [
                116.9682917,
                24.1563561
              ],
              [
                116.9701887,
                24.1576732
              ],
              [
                116.9718898,
                24.1615473
              ],
              [
                116.9742046,
                24.1648869
              ],
              [
                116.9765689,
                24.166634
              ],
              [
                116.9807319,
                24.1675453
              ],
              [
                116.9840759,
                24.1692597
              ],
              [
                116.9857469,
                24.1711924
              ],
              [
                116.9864456,
                24.172926
              ],
              [
                116.9870456,
                24.1746812
              ],
              [
                116.9880279,
                24.176246
              ],
              [
                116.9889976,
                24.1789757
              ],
              [
                116.9905367,
                24.1820515
              ],
              [
                116.9921599,
                24.1847334
              ],
              [
                116.9934134,
                24.1855691
              ],
              [
                116.9929724,
                24.1880943
              ],
              [
                116.9872836,
                24.1883625
              ],
              [
                116.9862007,
                24.1893243
              ],
              [
                116.986025,
                24.1932289
              ],
              [
                116.9864541,
                24.1939873
              ],
              [
                116.9844467,
                24.1947083
              ],
              [
                116.9838832,
                24.1956724
              ],
              [
                116.9831058,
                24.1959015
              ],
              [
                116.9823586,
                24.1957961
              ],
              [
                116.9811643,
                24.1973262
              ],
              [
                116.9776638,
                24.1992185
              ],
              [
                116.9766854,
                24.2003391
              ],
              [
                116.9755295,
                24.2005115
              ],
              [
                116.974435,
                24.2029968
              ],
              [
                116.9745343,
                24.2038629
              ],
              [
                116.9732608,
                24.2041094
              ],
              [
                116.9689316,
                24.2014961
              ],
              [
                116.9673464,
                24.2010363
              ],
              [
                116.9665283,
                24.2023142
              ],
              [
                116.9652262,
                24.2035351
              ],
              [
                116.9644283,
                24.2051176
              ],
              [
                116.9632719,
                24.2060223
              ],
              [
                116.9618721,
                24.2065307
              ],
              [
                116.9617455,
                24.2077717
              ],
              [
                116.9618851,
                24.209339
              ],
              [
                116.9616636,
                24.2106348
              ],
              [
                116.960672,
                24.2117496
              ],
              [
                116.9592489,
                24.2127777
              ],
              [
                116.9579955,
                24.2135203
              ],
              [
                116.954441,
                24.2145373
              ],
              [
                116.9531613,
                24.2151825
              ],
              [
                116.9526392,
                24.2160018
              ],
              [
                116.9521801,
                24.2170847
              ],
              [
                116.9515423,
                24.2198692
              ],
              [
                116.9497152,
                24.2202886
              ],
              [
                116.9486464,
                24.220078
              ],
              [
                116.9475947,
                24.2200962
              ],
              [
                116.9440433,
                24.2197204
              ],
              [
                116.9423699,
                24.2197275
              ],
              [
                116.9413544,
                24.2199628
              ],
              [
                116.9387877,
                24.218646
              ],
              [
                116.9364515,
                24.2201913
              ],
              [
                116.9329986,
                24.2208803
              ],
              [
                116.9294888,
                24.2220842
              ],
              [
                116.928607,
                24.2231527
              ],
              [
                116.928547,
                24.2261073
              ],
              [
                116.9282944,
                24.2262483
              ],
              [
                116.9281081,
                24.2261124
              ],
              [
                116.9273098,
                24.226438
              ],
              [
                116.9273992,
                24.2270034
              ],
              [
                116.9257218,
                24.2271142
              ],
              [
                116.9258253,
                24.228024
              ],
              [
                116.9254347,
                24.2282243
              ],
              [
                116.9245198,
                24.2280468
              ],
              [
                116.9241299,
                24.2280532
              ],
              [
                116.9233431,
                24.228587
              ],
              [
                116.9225153,
                24.228658
              ],
              [
                116.922285,
                24.2299514
              ],
              [
                116.9216812,
                24.2300194
              ],
              [
                116.9214501,
                24.23074
              ],
              [
                116.920607,
                24.2306882
              ],
              [
                116.917472,
                24.2342113
              ],
              [
                116.9126713,
                24.235748
              ],
              [
                116.9082364,
                24.2342258
              ],
              [
                116.9055557,
                24.2303023
              ],
              [
                116.9033553,
                24.2295193
              ],
              [
                116.9020176,
                24.2284453
              ],
              [
                116.9019131,
                24.2280121
              ],
              [
                116.8991093,
                24.2275689
              ],
              [
                116.8971195,
                24.2264733
              ],
              [
                116.8956928,
                24.2247636
              ],
              [
                116.893543,
                24.2232651
              ],
              [
                116.8920982,
                24.2217023
              ],
              [
                116.8918229,
                24.2194654
              ],
              [
                116.8927018,
                24.2173618
              ],
              [
                116.8950265,
                24.2136987
              ],
              [
                116.8976659,
                24.2103473
              ],
              [
                116.8988702,
                24.2083004
              ],
              [
                116.9000716,
                24.2057551
              ],
              [
                116.9001091,
                24.2051387
              ],
              [
                116.8996586,
                24.2037918
              ],
              [
                116.8991568,
                24.2031295
              ],
              [
                116.8971547,
                24.2015477
              ],
              [
                116.8962786,
                24.1999268
              ],
              [
                116.8957906,
                24.1997099
              ],
              [
                116.8941238,
                24.1995818
              ],
              [
                116.8922293,
                24.200681
              ],
              [
                116.8909629,
                24.2007544
              ],
              [
                116.8847442,
                24.1988725
              ],
              [
                116.8797709,
                24.1965235
              ],
              [
                116.8798132,
                24.1908748
              ],
              [
                116.8794216,
                24.1845697
              ],
              [
                116.8782962,
                24.1834679
              ],
              [
                116.8774766,
                24.1794252
              ],
              [
                116.8769825,
                24.1757808
              ],
              [
                116.8758879,
                24.1729482
              ],
              [
                116.8739918,
                24.170724
              ],
              [
                116.8727553,
                24.1701676
              ],
              [
                116.8716061,
                24.1700213
              ],
              [
                116.8692923,
                24.1682484
              ],
              [
                116.8667253,
                24.1667789
              ],
              [
                116.8625715,
                24.1665945
              ],
              [
                116.8592595,
                24.1681336
              ],
              [
                116.8569192,
                24.1710545
              ],
              [
                116.8559711,
                24.1750689
              ],
              [
                116.8549875,
                24.1801747
              ],
              [
                116.8522576,
                24.1830119
              ],
              [
                116.8490958,
                24.1851628
              ],
              [
                116.8462348,
                24.1857351
              ],
              [
                116.8422991,
                24.1844405
              ],
              [
                116.8381992,
                24.1838154
              ],
              [
                116.8372479,
                24.1810375
              ],
              [
                116.8354312,
                24.1800662
              ],
              [
                116.8345783,
                24.177707
              ],
              [
                116.8314668,
                24.1762311
              ],
              [
                116.8256423,
                24.168494
              ],
              [
                116.8270048,
                24.1654399
              ],
              [
                116.827985,
                24.1645906
              ],
              [
                116.8275581,
                24.1638833
              ],
              [
                116.8214565,
                24.1656335
              ],
              [
                116.817521,
                24.167118
              ],
              [
                116.8165562,
                24.1686278
              ],
              [
                116.8150808,
                24.1683025
              ],
              [
                116.8121563,
                24.1685097
              ],
              [
                116.8089316,
                24.1719596
              ],
              [
                116.8061364,
                24.1716929
              ],
              [
                116.805031,
                24.1719708
              ],
              [
                116.802117,
                24.1697882
              ],
              [
                116.8009291,
                24.1700654
              ],
              [
                116.8010332,
                24.1666232
              ],
              [
                116.7995965,
                24.1660468
              ],
              [
                116.7982535,
                24.1665842
              ],
              [
                116.7971516,
                24.1647846
              ],
              [
                116.7973248,
                24.1637805
              ],
              [
                116.7968903,
                24.163139
              ],
              [
                116.7964355,
                24.1631859
              ],
              [
                116.7944798,
                24.1625095
              ],
              [
                116.7942844,
                24.1621331
              ],
              [
                116.7938179,
                24.161902
              ],
              [
                116.792956,
                24.1622186
              ],
              [
                116.7915585,
                24.1614944
              ],
              [
                116.7915778,
                24.1605846
              ],
              [
                116.7911977,
                24.1603908
              ],
              [
                116.7914406,
                24.159355
              ],
              [
                116.7900214,
                24.1580954
              ],
              [
                116.7863598,
                24.1585207
              ],
              [
                116.7859712,
                24.1594684
              ],
              [
                116.7848477,
                24.1597911
              ],
              [
                116.7845442,
                24.1592487
              ],
              [
                116.783733,
                24.1589105
              ],
              [
                116.7832695,
                24.1590424
              ],
              [
                116.7829317,
                24.1586312
              ],
              [
                116.7824671,
                24.1585869
              ],
              [
                116.7823327,
                24.1581604
              ],
              [
                116.7820915,
                24.1575792
              ],
              [
                116.7815313,
                24.1575485
              ],
              [
                116.7810261,
                24.1569767
              ],
              [
                116.7796699,
                24.1560398
              ],
              [
                116.7798915,
                24.1553912
              ],
              [
                116.7813308,
                24.1553841
              ],
              [
                116.7814555,
                24.1547523
              ],
              [
                116.7808768,
                24.1539965
              ],
              [
                116.7809889,
                24.1531591
              ],
              [
                116.7804063,
                24.1526858
              ],
              [
                116.7799424,
                24.1515607
              ],
              [
                116.7785937,
                24.1513373
              ],
              [
                116.7774707,
                24.15212
              ],
              [
                116.7770892,
                24.151761
              ],
              [
                116.77612,
                24.151903
              ],
              [
                116.7756756,
                24.1527756
              ],
              [
                116.7753043,
                24.1527551
              ],
              [
                116.7740509,
                24.1520005
              ],
              [
                116.7742618,
                24.1513074
              ],
              [
                116.7737615,
                24.151009
              ],
              [
                116.7734423,
                24.1497885
              ],
              [
                116.7738644,
                24.1475032
              ],
              [
                116.7687011,
                24.139014
              ],
              [
                116.7657676,
                24.1354598
              ],
              [
                116.7635282,
                24.1318286
              ],
              [
                116.763717,
                24.1306847
              ],
              [
                116.7618716,
                24.130831
              ],
              [
                116.7611839,
                24.1292118
              ],
              [
                116.7603807,
                24.129069
              ],
              [
                116.7602242,
                24.1284977
              ],
              [
                116.7596124,
                24.1282429
              ],
              [
                116.7601077,
                24.1247337
              ],
              [
                116.7596206,
                24.122345
              ],
              [
                116.7597501,
                24.1189879
              ],
              [
                116.7618581,
                24.1177133
              ],
              [
                116.7625043,
                24.110108
              ],
              [
                116.7674548,
                24.1051466
              ],
              [
                116.7647956,
                24.1012007
              ],
              [
                116.7675201,
                24.0967415
              ],
              [
                116.7675481,
                24.0951287
              ],
              [
                116.7695089,
                24.0937591
              ],
              [
                116.7695128,
                24.0932113
              ],
              [
                116.7688422,
                24.0926353
              ],
              [
                116.7690977,
                24.0915939
              ],
              [
                116.768901,
                24.0903147
              ],
              [
                116.7676171,
                24.0910791
              ],
              [
                116.7671269,
                24.0906474
              ],
              [
                116.7659441,
                24.0902505
              ],
              [
                116.7650029,
                24.0901147
              ],
              [
                116.7658668,
                24.0864451
              ],
              [
                116.763591,
                24.085319
              ],
              [
                116.7635546,
                24.0843115
              ],
              [
                116.762886,
                24.0837333
              ],
              [
                116.7622757,
                24.0839366
              ],
              [
                116.7621107,
                24.0834246
              ],
              [
                116.7611893,
                24.0829927
              ],
              [
                116.7619844,
                24.0793901
              ],
              [
                116.7631842,
                24.0777449
              ],
              [
                116.7627401,
                24.0770847
              ],
              [
                116.7613982,
                24.0777898
              ],
              [
                116.7528761,
                24.0848641
              ],
              [
                116.7518253,
                24.084483
              ],
              [
                116.7514246,
                24.083899
              ],
              [
                116.7501213,
                24.0813616
              ],
              [
                116.7493325,
                24.0791597
              ],
              [
                116.7457349,
                24.0738283
              ],
              [
                116.7438663,
                24.0696515
              ],
              [
                116.7417484,
                24.0669847
              ],
              [
                116.7394788,
                24.0647208
              ],
              [
                116.7373584,
                24.0635714
              ],
              [
                116.7355443,
                24.0630195
              ],
              [
                116.7340229,
                24.0624284
              ],
              [
                116.7329829,
                24.0616503
              ],
              [
                116.7314928,
                24.0571018
              ],
              [
                116.730039,
                24.0563444
              ],
              [
                116.7283586,
                24.0563618
              ],
              [
                116.7237548,
                24.0569322
              ],
              [
                116.719827,
                24.0586579
              ],
              [
                116.7169501,
                24.060718
              ],
              [
                116.7142004,
                24.0630566
              ],
              [
                116.7110858,
                24.0644062
              ],
              [
                116.7079815,
                24.0651864
              ],
              [
                116.7067189,
                24.0644009
              ],
              [
                116.7056845,
                24.063273
              ],
              [
                116.7031634,
                24.0614186
              ],
              [
                116.7012874,
                24.0596374
              ],
              [
                116.7004357,
                24.0570083
              ],
              [
                116.6972019,
                24.0548407
              ],
              [
                116.6960403,
                24.0537827
              ],
              [
                116.6956173,
                24.0528049
              ],
              [
                116.6962443,
                24.0511062
              ],
              [
                116.6972771,
                24.049383
              ],
              [
                116.6974554,
                24.0463384
              ],
              [
                116.6980849,
                24.0436616
              ],
              [
                116.699743,
                24.0413733
              ],
              [
                116.7020385,
                24.0394686
              ],
              [
                116.704345,
                24.0363665
              ],
              [
                116.7053071,
                24.0345482
              ],
              [
                116.7055934,
                24.0326138
              ],
              [
                116.7063058,
                24.0304926
              ],
              [
                116.7063125,
                24.0284854
              ],
              [
                116.7053805,
                24.0274201
              ],
              [
                116.7049129,
                24.0272994
              ],
              [
                116.7045733,
                24.0270547
              ],
              [
                116.7049605,
                24.0266064
              ],
              [
                116.7046359,
                24.0254785
              ],
              [
                116.7042952,
                24.0249585
              ],
              [
                116.7044559,
                24.0242814
              ],
              [
                116.7049501,
                24.0238699
              ],
              [
                116.7050243,
                24.0234586
              ],
              [
                116.7044719,
                24.0231017
              ],
              [
                116.7025832,
                24.0219533
              ],
              [
                116.7045543,
                24.0188806
              ],
              [
                116.7045208,
                24.0186057
              ],
              [
                116.7037448,
                24.0184937
              ],
              [
                116.7031344,
                24.0176154
              ],
              [
                116.7019973,
                24.0181042
              ],
              [
                116.7014705,
                24.0184326
              ],
              [
                116.7009653,
                24.0182633
              ],
              [
                116.7010991,
                24.0169325
              ],
              [
                116.7003131,
                24.0169707
              ],
              [
                116.6999201,
                24.0163137
              ],
              [
                116.6994937,
                24.0160769
              ],
              [
                116.6989099,
                24.0159272
              ],
              [
                116.6987874,
                24.0152937
              ],
              [
                116.6979835,
                24.015051
              ],
              [
                116.696753,
                24.012778
              ],
              [
                116.6947507,
                24.0082396
              ],
              [
                116.6931523,
                24.0057198
              ],
              [
                116.6935964,
                24.0047832
              ],
              [
                116.6967177,
                24.0011621
              ],
              [
                116.6966443,
                24.0020433
              ],
              [
                116.6968604,
                24.0033908
              ],
              [
                116.6977894,
                24.0045156
              ],
              [
                116.6980836,
                24.0053777
              ],
              [
                116.6994472,
                24.0042944
              ],
              [
                116.7013161,
                24.0031964
              ],
              [
                116.7055845,
                24.0023234
              ],
              [
                116.7071202,
                24.0016708
              ],
              [
                116.7078195,
                24.000547
              ],
              [
                116.7080652,
                23.9998709
              ],
              [
                116.7081929,
                23.9977807
              ],
              [
                116.708704,
                23.9970811
              ],
              [
                116.7091283,
                23.9970882
              ],
              [
                116.71018,
                23.9967006
              ],
              [
                116.7111847,
                23.9961238
              ],
              [
                116.7119753,
                23.9950531
              ],
              [
                116.712849,
                23.993639
              ],
              [
                116.7134524,
                23.9909672
              ],
              [
                116.7146176,
                23.9894729
              ],
              [
                116.7148141,
                23.9889838
              ],
              [
                116.7146434,
                23.9872045
              ],
              [
                116.7171473,
                23.9833317
              ],
              [
                116.7173354,
                23.9810288
              ],
              [
                116.7166898,
                23.9791014
              ],
              [
                116.7164781,
                23.976424
              ],
              [
                116.7183425,
                23.9715997
              ],
              [
                116.7207837,
                23.967128
              ],
              [
                116.7220131,
                23.9637721
              ],
              [
                116.7240891,
                23.9613094
              ],
              [
                116.7274463,
                23.9601422
              ],
              [
                116.7316059,
                23.9595561
              ],
              [
                116.7344732,
                23.9587918
              ],
              [
                116.7371673,
                23.9578228
              ],
              [
                116.7392448,
                23.9532173
              ],
              [
                116.741115,
                23.9501274
              ],
              [
                116.7439157,
                23.9461884
              ],
              [
                116.744806,
                23.9451646
              ],
              [
                116.7447771,
                23.9428508
              ],
              [
                116.7441216,
                23.940317
              ],
              [
                116.7438859,
                23.9379052
              ],
              [
                116.7443173,
                23.9357962
              ],
              [
                116.7450732,
                23.9339947
              ],
              [
                116.7461704,
                23.930737
              ],
              [
                116.7474025,
                23.9277752
              ],
              [
                116.7481793,
                23.9223926
              ],
              [
                116.7484606,
                23.9209561
              ],
              [
                116.7504669,
                23.9211836
              ],
              [
                116.7538845,
                23.9187085
              ],
              [
                116.7530587,
                23.9144989
              ],
              [
                116.7516264,
                23.9129138
              ],
              [
                116.7524155,
                23.9114088
              ],
              [
                116.7534339,
                23.9125245
              ],
              [
                116.7544911,
                23.9106659
              ],
              [
                116.7536569,
                23.9089092
              ],
              [
                116.7527461,
                23.9091025
              ],
              [
                116.7522744,
                23.9085077
              ],
              [
                116.7512912,
                23.9083006
              ],
              [
                116.7508489,
                23.9086254
              ],
              [
                116.749706,
                23.9090625
              ],
              [
                116.7483911,
                23.9071433
              ],
              [
                116.7479324,
                23.9074534
              ],
              [
                116.7471161,
                23.9060779
              ],
              [
                116.7479416,
                23.9054845
              ],
              [
                116.7478563,
                23.9045094
              ],
              [
                116.747231,
                23.9039465
              ],
              [
                116.7459394,
                23.9037166
              ],
              [
                116.7450011,
                23.9013516
              ],
              [
                116.7481016,
                23.8978604
              ],
              [
                116.7500985,
                23.8978295
              ],
              [
                116.7519985,
                23.8967182
              ],
              [
                116.7535946,
                23.8978119
              ],
              [
                116.7563233,
                23.8982408
              ],
              [
                116.7578304,
                23.8977424
              ],
              [
                116.7584221,
                23.8982476
              ],
              [
                116.7576739,
                23.899936
              ],
              [
                116.7579383,
                23.9020845
              ],
              [
                116.758334,
                23.9028663
              ],
              [
                116.7617692,
                23.900503
              ],
              [
                116.7643548,
                23.8977362
              ],
              [
                116.7654051,
                23.897664
              ],
              [
                116.7664242,
                23.8981649
              ],
              [
                116.7673513,
                23.8990598
              ],
              [
                116.7685996,
                23.8981334
              ],
              [
                116.769448,
                23.8961706
              ],
              [
                116.7706629,
                23.8944554
              ],
              [
                116.7717425,
                23.8936833
              ],
              [
                116.7733661,
                23.8935192
              ],
              [
                116.7740395,
                23.8930794
              ],
              [
                116.7745381,
                23.8929943
              ],
              [
                116.7768484,
                23.8912063
              ],
              [
                116.7794378,
                23.8896256
              ],
              [
                116.7855827,
                23.8873322
              ],
              [
                116.7877396,
                23.8852242
              ],
              [
                116.7870654,
                23.8844399
              ],
              [
                116.7872777,
                23.8835417
              ],
              [
                116.784701,
                23.8829618
              ],
              [
                116.7824612,
                23.8818664
              ],
              [
                116.7815005,
                23.8810188
              ],
              [
                116.7819129,
                23.8796921
              ],
              [
                116.7836765,
                23.8771464
              ],
              [
                116.7850639,
                23.8758595
              ],
              [
                116.7855048,
                23.8747848
              ],
              [
                116.7857322,
                23.872682
              ],
              [
                116.7854737,
                23.871191
              ],
              [
                116.7818662,
                23.8704116
              ],
              [
                116.7748809,
                23.8708065
              ],
              [
                116.7681596,
                23.8725604
              ],
              [
                116.7642242,
                23.8743213
              ],
              [
                116.7606501,
                23.8763936
              ],
              [
                116.7570782,
                23.8771303
              ],
              [
                116.753094,
                23.8777959
              ],
              [
                116.7502904,
                23.8776405
              ],
              [
                116.747591,
                23.8772631
              ],
              [
                116.7455321,
                23.8763026
              ],
              [
                116.74427,
                23.8749884
              ],
              [
                116.7436445,
                23.8725031
              ],
              [
                116.7440457,
                23.8698606
              ],
              [
                116.7448528,
                23.8675407
              ],
              [
                116.7460898,
                23.8656503
              ],
              [
                116.7465012,
                23.863703
              ],
              [
                116.747341,
                23.8621857
              ],
              [
                116.7520948,
                23.8594867
              ],
              [
                116.7520797,
                23.8577837
              ],
              [
                116.7512041,
                23.8562307
              ],
              [
                116.7464502,
                23.8530565
              ],
              [
                116.7447471,
                23.8513667
              ],
              [
                116.7439201,
                23.8489678
              ],
              [
                116.7427142,
                23.8484274
              ],
              [
                116.7424931,
                23.8475563
              ],
              [
                116.743331,
                23.8467998
              ],
              [
                116.7431163,
                23.8458695
              ],
              [
                116.7429808,
                23.8442241
              ],
              [
                116.743332,
                23.8432462
              ],
              [
                116.7431472,
                23.8425373
              ],
              [
                116.7415438,
                23.8434123
              ],
              [
                116.740942,
                23.8447501
              ],
              [
                116.7400995,
                23.8457077
              ],
              [
                116.7384693,
                23.8453106
              ],
              [
                116.7366312,
                23.8443274
              ],
              [
                116.7371971,
                23.8428483
              ],
              [
                116.7367249,
                23.8392754
              ],
              [
                116.7367189,
                23.838011
              ],
              [
                116.7357413,
                23.8365535
              ],
              [
                116.7346117,
                23.8353916
              ],
              [
                116.7338034,
                23.8334405
              ],
              [
                116.7339646,
                23.8317646
              ],
              [
                116.7345988,
                23.8301055
              ],
              [
                116.7337769,
                23.8294542
              ],
              [
                116.7342569,
                23.8283411
              ],
              [
                116.7355047,
                23.8280204
              ],
              [
                116.7361208,
                23.8265897
              ],
              [
                116.7381153,
                23.8243216
              ],
              [
                116.7384736,
                23.8213262
              ],
              [
                116.7336527,
                23.8195331
              ],
              [
                116.7163807,
                23.8047188
              ],
              [
                116.7148331,
                23.8047188
              ],
              [
                116.7129987,
                23.8032425
              ],
              [
                116.7113727,
                23.8011275
              ],
              [
                116.7110741,
                23.7995925
              ],
              [
                116.7115747,
                23.7970815
              ],
              [
                116.7147521,
                23.793504
              ],
              [
                116.7160139,
                23.7925347
              ],
              [
                116.7177612,
                23.7899537
              ],
              [
                116.7190804,
                23.7864742
              ],
              [
                116.7185505,
                23.784967
              ],
              [
                116.7211192,
                23.7818059
              ],
              [
                116.7250942,
                23.777437
              ],
              [
                116.7273906,
                23.7736694
              ],
              [
                116.7274457,
                23.7716264
              ],
              [
                116.7246248,
                23.7673774
              ],
              [
                116.7274061,
                23.756818
              ],
              [
                116.7305127,
                23.756771
              ],
              [
                116.7355671,
                23.7588932
              ],
              [
                116.7457121,
                23.7676941
              ],
              [
                116.7551556,
                23.769026
              ],
              [
                116.761783,
                23.7686888
              ],
              [
                116.7670974,
                23.7670876
              ],
              [
                116.7657781,
                23.7656869
              ],
              [
                116.764683,
                23.7618675
              ],
              [
                116.7689845,
                23.7565635
              ],
              [
                116.7621234,
                23.7457168
              ],
              [
                116.7596898,
                23.7363048
              ],
              [
                116.7650378,
                23.7263688
              ],
              [
                116.767942,
                23.7221475
              ],
              [
                116.7732879,
                23.7162703
              ],
              [
                116.7763854,
                23.7144801
              ],
              [
                116.7795748,
                23.7095855
              ],
              [
                116.7840146,
                23.7082789
              ],
              [
                116.7909351,
                23.7078775
              ],
              [
                116.7932524,
                23.7087451
              ],
              [
                116.7970782,
                23.7074405
              ],
              [
                116.799752,
                23.7049067
              ],
              [
                116.8016369,
                23.7057624
              ],
              [
                116.8052368,
                23.6995688
              ],
              [
                116.806709,
                23.6991567
              ],
              [
                116.8069895,
                23.6982576
              ],
              [
                116.8077736,
                23.6971683
              ],
              [
                116.8070176,
                23.6962406
              ],
              [
                116.8081343,
                23.6941643
              ],
              [
                116.8081402,
                23.6929835
              ],
              [
                116.8091448,
                23.6912036
              ],
              [
                116.8104692,
                23.6915401
              ],
              [
                116.809989,
                23.6899066
              ],
              [
                116.8106262,
                23.6897111
              ],
              [
                116.8113511,
                23.6879374
              ],
              [
                116.8125752,
                23.6862691
              ],
              [
                116.8126144,
                23.6854741
              ],
              [
                116.8132791,
                23.6850168
              ],
              [
                116.8135495,
                23.6832171
              ],
              [
                116.8168107,
                23.6828917
              ],
              [
                116.8186954,
                23.6810747
              ],
              [
                116.817944,
                23.6800114
              ],
              [
                116.8183511,
                23.6788026
              ],
              [
                116.8193566,
                23.6787951
              ],
              [
                116.8208155,
                23.6796447
              ],
              [
                116.8238629,
                23.6795199
              ],
              [
                116.8249569,
                23.6807664
              ],
              [
                116.8254497,
                23.6805026
              ],
              [
                116.8259223,
                23.6794883
              ],
              [
                116.827561,
                23.6794877
              ],
              [
                116.8277537,
                23.678967
              ],
              [
                116.8305277,
                23.6791982
              ],
              [
                116.8307226,
                23.6784552
              ],
              [
                116.8340671,
                23.6789662
              ],
              [
                116.8346846,
                23.6781965
              ],
              [
                116.8364282,
                23.6782173
              ],
              [
                116.8370892,
                23.6776329
              ],
              [
                116.8380722,
                23.677446
              ],
              [
                116.8379828,
                23.6748666
              ],
              [
                116.8346318,
                23.6737806
              ],
              [
                116.8334959,
                23.6738642
              ],
              [
                116.8328236,
                23.6731232
              ],
              [
                116.8320109,
                23.6730701
              ],
              [
                116.8311991,
                23.6722268
              ],
              [
                116.8302533,
                23.6721642
              ],
              [
                116.828286,
                23.6702275
              ],
              [
                116.8288989,
                23.669763
              ],
              [
                116.8294272,
                23.6702082
              ],
              [
                116.831477,
                23.6707307
              ],
              [
                116.8323223,
                23.6713888
              ],
              [
                116.8333789,
                23.6719114
              ],
              [
                116.8335057,
                23.6711565
              ],
              [
                116.8300823,
                23.6690856
              ],
              [
                116.8283196,
                23.6685288
              ],
              [
                116.8285267,
                23.6675818
              ],
              [
                116.8299426,
                23.667098
              ],
              [
                116.8284633,
                23.6658593
              ],
              [
                116.8238276,
                23.6646495
              ],
              [
                116.8164836,
                23.6616236
              ],
              [
                116.8090474,
                23.6566862
              ],
              [
                116.8043169,
                23.65455
              ],
              [
                116.8046501,
                23.6507357
              ],
              [
                116.8065239,
                23.6483327
              ],
              [
                116.8050833,
                23.6456517
              ],
              [
                116.8122352,
                23.641228
              ],
              [
                116.8153999,
                23.640694
              ],
              [
                116.8168285,
                23.6382168
              ],
              [
                116.8177671,
                23.6382507
              ],
              [
                116.8188718,
                23.6389794
              ],
              [
                116.8186903,
                23.641281
              ],
              [
                116.8183134,
                23.6421761
              ],
              [
                116.8200076,
                23.6446688
              ],
              [
                116.8235519,
                23.6461581
              ],
              [
                116.8264509,
                23.6484906
              ],
              [
                116.8308369,
                23.6483168
              ],
              [
                116.8336421,
                23.647325
              ],
              [
                116.8358438,
                23.6442065
              ],
              [
                116.8371581,
                23.6430751
              ],
              [
                116.8395167,
                23.6425892
              ],
              [
                116.8408221,
                23.6426626
              ],
              [
                116.842561,
                23.6416674
              ],
              [
                116.8460038,
                23.6402581
              ],
              [
                116.8477142,
                23.6402945
              ],
              [
                116.8497382,
                23.6410106
              ],
              [
                116.8517622,
                23.6407676
              ],
              [
                116.8542257,
                23.6388482
              ],
              [
                116.8555009,
                23.6375101
              ],
              [
                116.8578437,
                23.6367478
              ],
              [
                116.8585805,
                23.6353415
              ],
              [
                116.857805,
                23.633052
              ],
              [
                116.8585338,
                23.630476
              ],
              [
                116.8583064,
                23.6296272
              ],
              [
                116.8582894,
                23.626188
              ],
              [
                116.8587221,
                23.6251215
              ],
              [
                116.8631161,
                23.6209899
              ],
              [
                116.8656199,
                23.6212153
              ],
              [
                116.8668537,
                23.6210672
              ],
              [
                116.8672864,
                23.6205429
              ],
              [
                116.8681177,
                23.6201607
              ],
              [
                116.867799,
                23.6187043
              ],
              [
                116.8699728,
                23.6173241
              ],
              [
                116.8712151,
                23.6182193
              ],
              [
                116.870976,
                23.6183378
              ],
              [
                116.8717735,
                23.6197605
              ],
              [
                116.8724975,
                23.6203329
              ],
              [
                116.8743818,
                23.6193098
              ],
              [
                116.8751292,
                23.620495
              ],
              [
                116.8755236,
                23.6214041
              ],
              [
                116.8762999,
                23.6224574
              ],
              [
                116.8779029,
                23.6212802
              ],
              [
                116.8785331,
                23.6220096
              ],
              [
                116.8792388,
                23.6214566
              ],
              [
                116.8802695,
                23.6225796
              ],
              [
                116.8811528,
                23.6232906
              ],
              [
                116.8823851,
                23.6219467
              ],
              [
                116.8830544,
                23.6216621
              ],
              [
                116.8869617,
                23.6253239
              ],
              [
                116.8908409,
                23.6229531
              ],
              [
                116.8916166,
                23.6234922
              ],
              [
                116.8946373,
                23.6215442
              ],
              [
                116.8960586,
                23.6226242
              ],
              [
                116.896472,
                23.621107
              ],
              [
                116.8959924,
                23.6203829
              ],
              [
                116.8946824,
                23.6198775
              ],
              [
                116.8953387,
                23.6186921
              ],
              [
                116.8967725,
                23.6133963
              ],
              [
                116.896531,
                23.6132234
              ],
              [
                116.898471,
                23.6109403
              ],
              [
                116.901325,
                23.6081586
              ],
              [
                116.9048933,
                23.6063026
              ],
              [
                116.9048933,
                23.6063026
              ],
              [
                116.9075103,
                23.6133264
              ],
              [
                116.9100117,
                23.6163448
              ],
              [
                116.913402,
                23.6184839
              ],
              [
                116.9180559,
                23.6162599
              ],
              [
                116.9282488,
                23.6158647
              ],
              [
                116.9376641,
                23.6152436
              ],
              [
                116.9408415,
                23.6135455
              ],
              [
                116.9445019,
                23.6064466
              ],
              [
                116.9492472,
                23.6038928
              ],
              [
                116.9521848,
                23.6018912
              ],
              [
                116.95671,
                23.602961
              ],
              [
                116.966466,
                23.613152
              ],
              [
                116.969978,
                23.614404
              ],
              [
                116.970563,
                23.610471
              ],
              [
                116.974661,
                23.610471
              ],
              [
                116.974661,
                23.616013
              ],
              [
                116.987734,
                23.629779
              ],
              [
                117.007442,
                23.622449
              ],
              [
                117.020515,
                23.612795
              ],
              [
                117.034437,
                23.62236
              ],
              [
                117.045504,
                23.621853
              ],
              [
                117.046611,
                23.626922
              ],
              [
                117.052513,
                23.626753
              ],
              [
                117.054542,
                23.631823
              ],
              [
                117.05196,
                23.635202
              ],
              [
                117.053989,
                23.644496
              ],
              [
                117.065794,
                23.647537
              ],
              [
                117.064503,
                23.643989
              ],
              [
                117.067638,
                23.64061
              ],
              [
                117.065056,
                23.631992
              ],
              [
                117.074647,
                23.629795
              ],
              [
                117.072471,
                23.606573
              ],
              [
                117.085198,
                23.588825
              ],
              [
                117.085198,
                23.582064
              ],
              [
                117.078742,
                23.577161
              ],
              [
                117.083722,
                23.563298
              ],
              [
                117.075053,
                23.552308
              ],
              [
                117.083722,
                23.548419
              ],
              [
                117.082246,
                23.545714
              ],
              [
                117.088887,
                23.546898
              ],
              [
                117.089809,
                23.55197
              ],
              [
                117.105302,
                23.567694
              ],
              [
                117.117845,
                23.562791
              ],
              [
                117.124854,
                23.563975
              ],
              [
                117.129465,
                23.57919
              ],
              [
                117.136843,
                23.587811
              ],
              [
                117.169959,
                23.6126
              ],
              [
                117.1895918,
                23.6195029
              ],
              [
                117.1875046,
                23.6219264
              ]
            ]
          ],
          [
            [
              [
                116.9726289,
                23.601954
              ],
              [
                116.9578144,
                23.5974288
              ],
              [
                116.9465116,
                23.5917973
              ],
              [
                116.945085,
                23.5810364
              ],
              [
                116.9394884,
                23.5758065
              ],
              [
                116.9338919,
                23.5735938
              ],
              [
                116.9287342,
                23.5712805
              ],
              [
                116.9222598,
                23.5668549
              ],
              [
                116.9200651,
                23.5632338
              ],
              [
                116.9179801,
                23.5577014
              ],
              [
                116.918858,
                23.5517664
              ],
              [
                116.9205986,
                23.5437229
              ],
              [
                116.9241125,
                23.5391592
              ],
              [
                116.9320188,
                23.5379064
              ],
              [
                116.936704,
                23.5384433
              ],
              [
                116.939437,
                23.5447072
              ],
              [
                116.9465624,
                23.5434545
              ],
              [
                116.9515404,
                23.5441703
              ],
              [
                116.9597395,
                23.5430966
              ],
              [
                116.9634486,
                23.5471232
              ],
              [
                116.9647175,
                23.5535657
              ],
              [
                116.9652056,
                23.5582184
              ],
              [
                116.9638391,
                23.5589341
              ],
              [
                116.9601299,
                23.5651076
              ],
              [
                116.9609466,
                23.567813
              ],
              [
                116.9603136,
                23.5711492
              ],
              [
                116.9609466,
                23.573615
              ],
              [
                116.9609466,
                23.5762259
              ],
              [
                116.96245,
                23.5789092
              ],
              [
                116.9641117,
                23.5799245
              ],
              [
                116.9681472,
                23.5795619
              ],
              [
                116.9683056,
                23.5805395
              ],
              [
                116.9680487,
                23.5811516
              ],
              [
                116.9693844,
                23.583741
              ],
              [
                116.9709256,
                23.583741
              ],
              [
                116.971281,
                23.5850454
              ],
              [
                116.9711287,
                23.5883476
              ],
              [
                116.9727527,
                23.5888127
              ],
              [
                116.9755948,
                23.5949054
              ],
              [
                116.9766605,
                23.5963471
              ],
              [
                116.9750365,
                23.5967191
              ],
              [
                116.9747416,
                23.5975355
              ],
              [
                116.9746101,
                23.5985397
              ],
              [
                116.9742594,
                23.598841
              ],
              [
                116.973821,
                23.5988812
              ],
              [
                116.9736457,
                23.5994837
              ],
              [
                116.9739087,
                23.601432
              ],
              [
                116.9726289,
                23.601954
              ]
            ]
          ],
          [
            [
              [
                117.0105132,
                23.5701011
              ],
              [
                117.0097192,
                23.5688741
              ],
              [
                117.0095864,
                23.5687172
              ],
              [
                117.0095864,
                23.5682743
              ],
              [
                117.0091327,
                23.5678882
              ],
              [
                117.0087735,
                23.5679693
              ],
              [
                117.0083846,
                23.5673617
              ],
              [
                117.0074683,
                23.5638792
              ],
              [
                117.0034587,
                23.5629063
              ],
              [
                116.999567,
                23.5637711
              ],
              [
                116.9990363,
                23.5649061
              ],
              [
                116.9966187,
                23.5642575
              ],
              [
                116.9960291,
                23.562528
              ],
              [
                116.9936705,
                23.5618253
              ],
              [
                116.9920784,
                23.5611227
              ],
              [
                116.9935526,
                23.5586364
              ],
              [
                116.9952625,
                23.5574473
              ],
              [
                116.9959701,
                23.5581499
              ],
              [
                116.9977391,
                23.5574473
              ],
              [
                116.9980339,
                23.5557717
              ],
              [
                116.996206,
                23.5547447
              ],
              [
                116.9934346,
                23.5551771
              ],
              [
                116.9904274,
                23.5534475
              ],
              [
                116.9895429,
                23.5531772
              ],
              [
                116.9871843,
                23.5547447
              ],
              [
                116.9864178,
                23.5563663
              ],
              [
                116.9824082,
                23.556096
              ],
              [
                116.9805213,
                23.5570149
              ],
              [
                116.9797547,
                23.5595012
              ],
              [
                116.9790472,
                23.5602038
              ],
              [
                116.9774551,
                23.5606903
              ],
              [
                116.9768655,
                23.5616632
              ],
              [
                116.9751555,
                23.5617172
              ],
              [
                116.9741531,
                23.5627442
              ],
              [
                116.9728558,
                23.5613929
              ],
              [
                116.9729738,
                23.5602579
              ],
              [
                116.9723252,
                23.5601498
              ],
              [
                116.9722662,
                23.5584742
              ],
              [
                116.9690093,
                23.5583581
              ],
              [
                116.9679038,
                23.5539929
              ],
              [
                116.9672235,
                23.5500953
              ],
              [
                116.9660921,
                23.5468438
              ],
              [
                116.9623481,
                23.542198
              ],
              [
                116.9598899,
                23.5409152
              ],
              [
                116.9552382,
                23.5403258
              ],
              [
                116.9475843,
                23.5400927
              ],
              [
                116.9471424,
                23.5391022
              ],
              [
                116.9442723,
                23.5390649
              ],
              [
                116.9398542,
                23.5383981
              ],
              [
                116.938615,
                23.5377559
              ],
              [
                116.9372949,
                23.5369902
              ],
              [
                116.9336519,
                23.5360288
              ],
              [
                116.9329419,
                23.5361471
              ],
              [
                116.9322158,
                23.5354962
              ],
              [
                116.9320544,
                23.5342388
              ],
              [
                116.9318447,
                23.5336914
              ],
              [
                116.932119,
                23.5330849
              ],
              [
                116.9309895,
                23.5307919
              ],
              [
                116.9320252,
                23.5284426
              ],
              [
                116.9337304,
                23.5260642
              ],
              [
                116.9376488,
                23.5248999
              ],
              [
                116.9376125,
                23.5239851
              ],
              [
                116.9391026,
                23.5233722
              ],
              [
                116.9404135,
                23.5222188
              ],
              [
                116.9400424,
                23.5209467
              ],
              [
                116.9412589,
                23.520479
              ],
              [
                116.9424361,
                23.520335
              ],
              [
                116.9436657,
                23.5197474
              ],
              [
                116.9437311,
                23.5193875
              ],
              [
                116.9446358,
                23.5195745
              ],
              [
                116.9512952,
                23.5181021
              ],
              [
                116.9552707,
                23.5168388
              ],
              [
                116.9572513,
                23.5167466
              ],
              [
                116.9575383,
                23.5161544
              ],
              [
                116.9597055,
                23.515378
              ],
              [
                116.9598347,
                23.5149174
              ],
              [
                116.9608771,
                23.5148264
              ],
              [
                116.9612728,
                23.5142996
              ],
              [
                116.9634175,
                23.5140304
              ],
              [
                116.9643239,
                23.5137494
              ],
              [
                116.9651026,
                23.5137026
              ],
              [
                116.9654533,
                23.5133401
              ],
              [
                116.9662959,
                23.5132114
              ],
              [
                116.9667682,
                23.5132699
              ],
              [
                116.9674321,
                23.5135977
              ],
              [
                116.9682108,
                23.5135157
              ],
              [
                116.969347,
                23.5133167
              ],
              [
                116.969998,
                23.5127899
              ],
              [
                116.9705852,
                23.5128134
              ],
              [
                116.9719234,
                23.5132687
              ],
              [
                116.972639,
                23.5132874
              ],
              [
                116.9735592,
                23.513503
              ],
              [
                116.9744851,
                23.5132937
              ],
              [
                116.9769194,
                23.5121416
              ],
              [
                116.9777719,
                23.5124193
              ],
              [
                116.9788712,
                23.5118947
              ],
              [
                116.9796149,
                23.5115539
              ],
              [
                116.9803623,
                23.511063
              ],
              [
                116.9816046,
                23.5106833
              ],
              [
                116.9823924,
                23.5101276
              ],
              [
                116.9829883,
                23.5099887
              ],
              [
                116.9835539,
                23.5100072
              ],
              [
                116.9843417,
                23.5106185
              ],
              [
                116.9848561,
                23.5107397
              ],
              [
                116.985311,
                23.5105257
              ],
              [
                116.9857776,
                23.5101781
              ],
              [
                116.9865475,
                23.5099588
              ],
              [
                116.9866175,
                23.5095737
              ],
              [
                116.9867225,
                23.5092207
              ],
              [
                116.9870316,
                23.5089373
              ],
              [
                116.9876032,
                23.5087501
              ],
              [
                116.987924,
                23.508718
              ],
              [
                116.9882623,
                23.5089159
              ],
              [
                116.9885391,
                23.5088593
              ],
              [
                116.9891325,
                23.5082862
              ],
              [
                116.9893583,
                23.508291
              ],
              [
                116.9894476,
                23.5086137
              ],
              [
                116.9897836,
                23.5087967
              ],
              [
                116.9900305,
                23.5089893
              ],
              [
                116.9898572,
                23.509466
              ],
              [
                116.9900042,
                23.509885
              ],
              [
                116.9909136,
                23.5102483
              ],
              [
                116.991372,
                23.5102792
              ],
              [
                116.9919355,
                23.5099707
              ],
              [
                116.9923628,
                23.5100631
              ],
              [
                116.9928614,
                23.5099107
              ],
              [
                116.9932478,
                23.5100326
              ],
              [
                116.99347,
                23.5106923
              ],
              [
                116.9937573,
                23.5112569
              ],
              [
                116.9934385,
                23.51183
              ],
              [
                116.9933112,
                23.5123532
              ],
              [
                116.9929546,
                23.5128349
              ],
              [
                116.992815,
                23.5128839
              ],
              [
                116.9926042,
                23.5133218
              ],
              [
                116.9921209,
                23.5136733
              ],
              [
                116.9918375,
                23.5137039
              ],
              [
                116.991682,
                23.5140452
              ],
              [
                116.9917598,
                23.5142031
              ],
              [
                116.9913444,
                23.5149691
              ],
              [
                116.9914055,
                23.5157427
              ],
              [
                116.9977967,
                23.5431377
              ],
              [
                116.9999392,
                23.5466617
              ],
              [
                117.0015345,
                23.5473404
              ],
              [
                117.0030063,
                23.5463284
              ],
              [
                117.0045242,
                23.5468133
              ],
              [
                117.006525,
                23.5456538
              ],
              [
                117.0084798,
                23.5466657
              ],
              [
                117.0117454,
                23.5522947
              ],
              [
                117.0123973,
                23.5516411
              ],
              [
                117.0125008,
                23.5526471
              ],
              [
                117.0140538,
                23.5540328
              ],
              [
                117.0150061,
                23.5531761
              ],
              [
                117.0164721,
                23.5527882
              ],
              [
                117.0177718,
                23.5528436
              ],
              [
                117.0183462,
                23.5534393
              ],
              [
                117.0181043,
                23.5541182
              ],
              [
                117.0191321,
                23.5560023
              ],
              [
                117.0190716,
                23.5564595
              ],
              [
                117.0194948,
                23.5567227
              ],
              [
                117.0194041,
                23.5570691
              ],
              [
                117.0187089,
                23.5576094
              ],
              [
                117.0187969,
                23.5583071
              ],
              [
                117.0194572,
                23.5587721
              ],
              [
                117.0185554,
                23.5600047
              ],
              [
                117.0184402,
                23.5602373
              ],
              [
                117.0189624,
                23.5615356
              ],
              [
                117.0194746,
                23.5618348
              ],
              [
                117.0195937,
                23.5621405
              ],
              [
                117.0193603,
                23.5632053
              ],
              [
                117.0194105,
                23.5636564
              ],
              [
                117.018326,
                23.5643326
              ],
              [
                117.0181425,
                23.5638542
              ],
              [
                117.0181253,
                23.5635283
              ],
              [
                117.0177754,
                23.5634231
              ],
              [
                117.0168003,
                23.5635493
              ],
              [
                117.0160203,
                23.5634967
              ],
              [
                117.0156647,
                23.5635808
              ],
              [
                117.015355,
                23.5638805
              ],
              [
                117.0143837,
                23.5641468
              ],
              [
                117.0140972,
                23.564685
              ],
              [
                117.0133982,
                23.5651655
              ],
              [
                117.0132654,
                23.5651591
              ],
              [
                117.0124896,
                23.5657805
              ],
              [
                117.0125259,
                23.568202
              ],
              [
                117.0126486,
                23.5683567
              ],
              [
                117.0125291,
                23.5694543
              ],
              [
                117.01248,
                23.5699446
              ],
              [
                117.0122033,
                23.5697861
              ],
              [
                117.0119497,
                23.5698917
              ],
              [
                117.0117537,
                23.5697966
              ],
              [
                117.0114424,
                23.5698178
              ],
              [
                117.0108116,
                23.5701736
              ],
              [
                117.0105132,
                23.5701011
              ]
            ]
          ],
          [
            [
              [
                117.0341822,
                23.5819176
              ],
              [
                117.0329701,
                23.5810021
              ],
              [
                117.0317886,
                23.5789176
              ],
              [
                117.0312274,
                23.5771038
              ],
              [
                117.0303117,
                23.5773203
              ],
              [
                117.0292483,
                23.576833
              ],
              [
                117.0281554,
                23.5768872
              ],
              [
                117.0276828,
                23.5767789
              ],
              [
                117.0267671,
                23.577943
              ],
              [
                117.0265308,
                23.5780513
              ],
              [
                117.0262354,
                23.5777806
              ],
              [
                117.0251721,
                23.5779701
              ],
              [
                117.0243745,
                23.5788364
              ],
              [
                117.0236952,
                23.5786469
              ],
              [
                117.0228681,
                23.5792695
              ],
              [
                117.0226909,
                23.5800275
              ],
              [
                117.0219819,
                23.5803524
              ],
              [
                117.0212435,
                23.5798922
              ],
              [
                117.0201801,
                23.5799463
              ],
              [
                117.0193531,
                23.5792425
              ],
              [
                117.0193826,
                23.5779701
              ],
              [
                117.0197371,
                23.5763999
              ],
              [
                117.0210958,
                23.5751816
              ],
              [
                117.0221592,
                23.5730699
              ],
              [
                117.022425,
                23.5722307
              ],
              [
                117.0218343,
                23.5707146
              ],
              [
                117.022425,
                23.5703084
              ],
              [
                117.0246404,
                23.5706875
              ],
              [
                117.0266194,
                23.5700919
              ],
              [
                117.0283622,
                23.5696857
              ],
              [
                117.0302992,
                23.567621
              ],
              [
                117.0303574,
                23.5664111
              ],
              [
                117.0293868,
                23.56513
              ],
              [
                117.0286297,
                23.5651656
              ],
              [
                117.0284745,
                23.5643649
              ],
              [
                117.029115,
                23.5647919
              ],
              [
                117.0306924,
                23.5636663
              ],
              [
                117.0307973,
                23.564243
              ],
              [
                117.0323353,
                23.5647556
              ],
              [
                117.0332966,
                23.564227
              ],
              [
                117.0338559,
                23.5643391
              ],
              [
                117.0338034,
                23.56506
              ],
              [
                117.0377184,
                23.5709713
              ],
              [
                117.0385961,
                23.5712329
              ],
              [
                117.0386471,
                23.5716187
              ],
              [
                117.0393615,
                23.5718292
              ],
              [
                117.0398463,
                23.5718759
              ],
              [
                117.0398718,
                23.5721215
              ],
              [
                117.0402417,
                23.5722033
              ],
              [
                117.0403714,
                23.5723106
              ],
              [
                117.0402221,
                23.5730265
              ],
              [
                117.0404863,
                23.5738581
              ],
              [
                117.0406875,
                23.5744372
              ],
              [
                117.040322,
                23.5748993
              ],
              [
                117.0392508,
                23.575523
              ],
              [
                117.0392775,
                23.5760834
              ],
              [
                117.0388996,
                23.5764683
              ],
              [
                117.0389136,
                23.5772893
              ],
              [
                117.0395435,
                23.5780719
              ],
              [
                117.0388436,
                23.5784054
              ],
              [
                117.0380038,
                23.5790597
              ],
              [
                117.0375979,
                23.5796626
              ],
              [
                117.0365419,
                23.5800368
              ],
              [
                117.036205,
                23.5804757
              ],
              [
                117.0359905,
                23.5813278
              ],
              [
                117.0352958,
                23.581721
              ],
              [
                117.0346113,
                23.5817023
              ],
              [
                117.0341822,
                23.5819176
              ]
            ]
          ],
          [
            [
              [
                117.0726703,
                23.575312
              ],
              [
                117.0710593,
                23.5746596
              ],
              [
                117.0699728,
                23.5753463
              ],
              [
                117.0689612,
                23.5754837
              ],
              [
                117.0690362,
                23.5745222
              ],
              [
                117.0658516,
                23.5746252
              ],
              [
                117.0641657,
                23.5745222
              ],
              [
                117.0633789,
                23.5742132
              ],
              [
                117.0615431,
                23.5745222
              ],
              [
                117.061131,
                23.5734577
              ],
              [
                117.0613183,
                23.5720842
              ],
              [
                117.0605315,
                23.5715347
              ],
              [
                117.0609811,
                23.5704359
              ],
              [
                117.0610935,
                23.5697147
              ],
              [
                117.0615056,
                23.569543
              ],
              [
                117.0617304,
                23.56762
              ],
              [
                117.0630043,
                23.5671736
              ],
              [
                117.0641282,
                23.5663494
              ],
              [
                117.0640158,
                23.5655252
              ],
              [
                117.0662263,
                23.5643576
              ],
              [
                117.0701601,
                23.5633961
              ],
              [
                117.0731574,
                23.5631213
              ],
              [
                117.0744312,
                23.5627436
              ],
              [
                117.0755551,
                23.5618163
              ],
              [
                117.077316,
                23.5627092
              ],
              [
                117.0771287,
                23.5638082
              ],
              [
                117.0780279,
                23.5645293
              ],
              [
                117.0788146,
                23.5641516
              ],
              [
                117.0796389,
                23.5646667
              ],
              [
                117.0792642,
                23.5657313
              ],
              [
                117.0783651,
                23.5669675
              ],
              [
                117.077878,
                23.5694057
              ],
              [
                117.0785524,
                23.5708136
              ],
              [
                117.0765292,
                23.5728053
              ],
              [
                117.075218,
                23.5737324
              ],
              [
                117.0737193,
                23.5751403
              ],
              [
                117.0726703,
                23.575312
              ]
            ]
          ],
          [
            [
              [
                116.9137663,
                23.6141049
              ],
              [
                116.9104371,
                23.6116538
              ],
              [
                116.9074231,
                23.6013477
              ],
              [
                116.9061734,
                23.5887503
              ],
              [
                116.9060594,
                23.5862609
              ],
              [
                116.909441,
                23.5797258
              ],
              [
                116.9170126,
                23.5712365
              ],
              [
                116.9275983,
                23.5754139
              ],
              [
                116.9393763,
                23.5794764
              ],
              [
                116.9430166,
                23.5826914
              ],
              [
                116.9416929,
                23.5945195
              ],
              [
                116.945995,
                23.6001603
              ],
              [
                116.9429669,
                23.6025831
              ],
              [
                116.9387358,
                23.6115931
              ],
              [
                116.9334916,
                23.6135589
              ],
              [
                116.9137663,
                23.6141049
              ]
            ]
          ]
        ]
      }
    },
    {
      "type": "Feature",
      "properties": {
        "name": "龙湖",
        "adcode": 440507,
        "parent": "汕头",
        "outer": false
      },
      "geometry": {
        "type": "Polygon",
        "coordinates": [
          [
            [
              116.8175226,
              23.3764518
            ],
            [
              116.8092655,
              23.3839656
            ],
            [
              116.8109082,
              23.3900244
            ],
            [
              116.8061858,
              23.39659
            ],
            [
              116.8030971,
              23.4182498
            ],
            [
              116.8009017,
              23.4252796
            ],
            [
              116.8005485,
              23.4269497
            ],
            [
              116.7914094,
              23.4338912
            ],
            [
              116.7868891,
              23.4364696
            ],
            [
              116.7817283,
              23.4379203
            ],
            [
              116.7742542,
              23.4406959
            ],
            [
              116.7710807,
              23.4419823
            ],
            [
              116.7676639,
              23.4421129
            ],
            [
              116.7615996,
              23.4446041
            ],
            [
              116.7596164,
              23.4462747
            ],
            [
              116.7563162,
              23.4467104
            ],
            [
              116.7550158,
              23.4474731
            ],
            [
              116.7525004,
              23.448314
            ],
            [
              116.7514887,
              23.4483735
            ],
            [
              116.750049,
              23.4489528
            ],
            [
              116.7475163,
              23.4497586
            ],
            [
              116.7464776,
              23.4501167
            ],
            [
              116.7458194,
              23.450696
            ],
            [
              116.7445075,
              23.4510452
            ],
            [
              116.7427633,
              23.4527234
            ],
            [
              116.7377858,
              23.4542454
            ],
            [
              116.7354217,
              23.4562112
            ],
            [
              116.7328499,
              23.4573496
            ],
            [
              116.7313798,
              23.4585843
            ],
            [
              116.7276991,
              23.4603879
            ],
            [
              116.7269475,
              23.4612751
            ],
            [
              116.7261676,
              23.4618475
            ],
            [
              116.7246415,
              23.4635536
            ],
            [
              116.7220313,
              23.4655847
            ],
            [
              116.7212641,
              23.4655476
            ],
            [
              116.7197293,
              23.4660452
            ],
            [
              116.7166902,
              23.4686888
            ],
            [
              116.7143381,
              23.4714684
            ],
            [
              116.7133858,
              23.4713886
            ],
            [
              116.7121984,
              23.4691827
            ],
            [
              116.7113122,
              23.4655201
            ],
            [
              116.7113122,
              23.4642296
            ],
            [
              116.710481,
              23.4626103
            ],
            [
              116.7089952,
              23.4612056
            ],
            [
              116.7064937,
              23.4606761
            ],
            [
              116.704517,
              23.4601626
            ],
            [
              116.7012245,
              23.4599776
            ],
            [
              116.6988102,
              23.4588098
            ],
            [
              116.6968231,
              23.4525504
            ],
            [
              116.6946365,
              23.4496939
            ],
            [
              116.6955585,
              23.4480015
            ],
            [
              116.6970979,
              23.4455782
            ],
            [
              116.6978433,
              23.443219
            ],
            [
              116.6992699,
              23.440169
            ],
            [
              116.6983375,
              23.4374155
            ],
            [
              116.6979145,
              23.4334144
            ],
            [
              116.6969905,
              23.4303511
            ],
            [
              116.6957878,
              23.4269167
            ],
            [
              116.6949423,
              23.4241273
            ],
            [
              116.6966474,
              23.4204288
            ],
            [
              116.6978382,
              23.4180649
            ],
            [
              116.6990977,
              23.4143655
            ],
            [
              116.6993209,
              23.4123596
            ],
            [
              116.6987333,
              23.4095368
            ],
            [
              116.6968156,
              23.4047689
            ],
            [
              116.6972304,
              23.4030085
            ],
            [
              116.6961214,
              23.4007023
            ],
            [
              116.7003391,
              23.3994229
            ],
            [
              116.7014596,
              23.4023934
            ],
            [
              116.7052988,
              23.4063026
            ],
            [
              116.7093742,
              23.4074636
            ],
            [
              116.7110919,
              23.4055438
            ],
            [
              116.7130812,
              23.4036281
            ],
            [
              116.7139237,
              23.4018399
            ],
            [
              116.7153097,
              23.3991
            ],
            [
              116.716746,
              23.3962782
            ],
            [
              116.7190698,
              23.3993698
            ],
            [
              116.7208404,
              23.4012063
            ],
            [
              116.7220158,
              23.3986638
            ],
            [
              116.7188526,
              23.390316
            ],
            [
              116.7184709,
              23.3899656
            ],
            [
              116.7173188,
              23.389634
            ],
            [
              116.7171157,
              23.390401
            ],
            [
              116.7168594,
              23.3906911
            ],
            [
              116.7133142,
              23.3926985
            ],
            [
              116.7127757,
              23.3917779
            ],
            [
              116.7105086,
              23.391275
            ],
            [
              116.7109293,
              23.3897261
            ],
            [
              116.7082892,
              23.3891087
            ],
            [
              116.7106095,
              23.3862502
            ],
            [
              116.7041866,
              23.3847775
            ],
            [
              116.7085687,
              23.3794011
            ],
            [
              116.7091829,
              23.3762197
            ],
            [
              116.7114041,
              23.3691902
            ],
            [
              116.7114693,
              23.3674046
            ],
            [
              116.7115712,
              23.3591678
            ],
            [
              116.7140606,
              23.3592161
            ],
            [
              116.7141482,
              23.3549993
            ],
            [
              116.716146,
              23.3548291
            ],
            [
              116.7209832,
              23.3517477
            ],
            [
              116.7335633,
              23.348002
            ],
            [
              116.7371202,
              23.3491195
            ],
            [
              116.7401575,
              23.3495917
            ],
            [
              116.7429242,
              23.3483028
            ],
            [
              116.7451775,
              23.3441836
            ],
            [
              116.7486433,
              23.3422413
            ],
            [
              116.7531653,
              23.3434802
            ],
            [
              116.7556815,
              23.3429444
            ],
            [
              116.7682995,
              23.3311243
            ],
            [
              116.7752392,
              23.3247519
            ],
            [
              116.7761874,
              23.3246514
            ],
            [
              116.787083,
              23.33445
            ],
            [
              116.801138,
              23.36071
            ],
            [
              116.8175226,
              23.3764518
            ]
          ]
        ]
      }
    }
  ]
}